ID,Ville,Pays,Longitude,Latitude,Audio_URL,Transcription,Sexe,F1_Mean,F1_Amplitude,Avg_Temperature,Avg_Humidity,Temp_Extreme
1,Pieris,ItaliaNord,13.448098,45.811774,https://atlas.lisn.upsaclay.fr/sounds/Pieris.mp3,"Un zorno, co èreli drìo custionar de chi fùsselo quel più fort infra de èli, al neverìn e 'l sol i à vidù passar un por biadaz dut invultizà t'un gabanot. Lora i à distinà che 'l più fort al sarìe sta quel che 'l varìe rivà gavarghe par prin al tabar del dos. Al neverìn lorà l'à scomenzà sufiar a sbregabalon, ma tant più che 'l sufièva tant più al biadaz al se 'ngluzeva mei, cussì che a la fin quel por vent al à molà de strussiarse. Lora al sol l'à tacà a spiandorar fagando un caldonon e, drioman, al biadaz al s'à gavà al gabanot. Cussì al neverìn ghe à scugnù cognossar che 'l sol l'era tanton più fort de elo.",Homme,886.3072007257143,1409.0802240774076,11.002785763175906,79.42131416837782,0
2,Caraman,France,1.7583,43.5311,https://atlas.lisn.upsaclay.fr/sounds/Caraman.mp3,"La bisa e le sorelh se disputavan ; cadun assegurava qu'èra le pus fòrt, quand vegèron un voiatjur que s'avançava, envelopat dins son mantèl. Tombèron d'accòrdi qu'aquel qu'arribariá le prumièr a far quitar son mantèl al voiatjur sariá agachat coma le pus fòrt. Alavetz, la bisa se metèt a bufar a tota fòrça mes mai bufava, mai le voiatjur sarrava son mantèl sus el e a la fin, la bisa renoncièt a l'i far quitar. Alavetz le sorelh comencèt a brilhar e al cap d'un moment, le voiatjur, rescalfat, tirèt son mantèl. Atal, la bisa li calguèt reconéisser que le sorelh èra le pus fòrt dels dos.",Homme,502.20333777958933,481.4771772735215,14.349342915811087,75.8035318275154,0
3,Bois-de-Villers,Belgique,4.823933,50.39001,https://atlas.lisn.upsaclay.fr/sounds/Bois-de-Villers.mp3,"I gn-avéve mârgaye ètur li bîje èt l' solia, chakin assèrtinant qu'il èstéve li pus fwârt. Quand il ont vèyu on mârtchoteû qui s'avancè rèfaurdulé dins s' paletot. I-z-ont tcheû d'acôrd qui l' cia qu'arivéve li prumi à lî fé rôster s' paletot sèréve riwaiti comme li pus fwârt. Adon, li bîje s'a mètu à sofler di totes sès fwaces. Maîs pus èle sofléve, pus l' mârtchoteû sèréve si mantia autoû d' li. Po fini, li bîje ènn'a yeû s' sô dè lî fé rôster s' paletot. Adon, l' solia a c'mincî à tchaufer. Au d'bout d'on momint li mârtchoteû, tot rèstchaufé, a d'vu rôster s' mantia. Insi, li bîje a bin d'vu r'conèche qui l' solia èstéve branmint pus fwârt.",Femme,674.6749014673333,1160.4337556110463,10.65015742642026,82.43041067761807,0
4,Meilly-sur-Rouvres,France,4.562,47.206,https://atlas.lisn.upsaclay.fr/sounds/Meilly-sur-Rouvres.mp3,"Lai bise ai peûs le Sulô s'airgognínt. Als voulínt saivouèr qui qu'ç'ost qu'étot le pus costaud des deux, quand als vièrent eún vyègeûr que venot vés z'eux, tot enroûtè dans sai grande rouîllére. Als fiérent eún airríngement : Ç'tu-qute que ferot - le preumeir  rôtai son manteais â vyègeûr airot gâgnè ; al serot le pus fort ! Vouèqui qu'lai bise se metté ai sôffiai... sôffiai tant ai pus, mas pus elle sôffiot, pus le vyègeûr se sârrot dans son manteais âtôr de lu... Ai lai fén, lai bise se raivîyé, et ne cherché pus ai yi fâre rôtai ! Âssitôt, le Sulô qu'mencé ai qiairai... qiairai,.. si bin qu'â bout d'quéque temps, le vyègeûr  brâment réchauffè  rôté sai rouîllére. Du côp, lai bise fut bin obyigée d'eurconnâte que le Sulô étot le pus costaud des deux !",Homme,661.7244402563136,1463.3340379561091,11.040746064339494,80.17129363449692,0
5,Le Pont-de-Montvert,France,3.698455,44.343084,https://atlas.lisn.upsaclay.fr/sounds/Grizac.mp3,"graphie classiquegraphie mistralienneL'aura e lo sorelh se carcanhavan ; chacun se disiá lo pus fòrt, quand veguèron arribar un chaminaire avercolit sota son saile. Convenguèron que lo prumièr que li fariá tombar lo saile seriá reconegut coma lo pus fòrt. Adonc, l'aura se meteguèt a bofar per de bòn, mès d'ont mai bofava, d'ont mai lo chaminaire teniá son saile sarrat dels dos ponhs, tant ben qu'a la fin l'aura s'atedièt en vesent l'òme li téner tèsta. Adonc lo sorelh comencèt son òbra ; un moment après, lo chaminaire reschaufat quitèt son saile. Es coma aquò que l'aura veguèt dins lo sorelh lo pus fòrt dels dos. L'auro e lou sourel si carquignàbou ; chacun si disiò lou pu fort, quond beguèrou ariba un chaminaire abrecourit souto soun salgie. Coumbenguèrou que lou prumiò que li fariò toumba lou salgie seriò recounegut coumo lou pu fort. Adounc, l'auro si meteguèt à boufa per de buò, mè d'un-mai boufabo, d'un-mai lou chaminaire teniò soun salgie sarat des dous pouns, també qu'à la fi l'auro s'atedièt en besent l'ome li tene tèsto. Adounc lou sourel coumencèt soun obro ; un moumen après, lou chaminaire reschiaufat quitèt soun salgie. Es coumo acò que l'auro beguèt din lou sourel lou pu fort des dous.",Femme,632.7399357484974,1230.4404242806972,10.096557152635182,76.40242299794662,0
6,Les Hautes-Rivières,France,4.8428,49.8844,https://atlas.lisn.upsaclay.fr/sounds/Les_Hautes-Rivieres.mp3,"El vôt glacé d'ivêr èt l' soley ès disputint, tchècun soutnont qu'il ètat l' pus fônrt, quand il ant vû un voyadzeû qui s'avançat, mussî dos sa mantô. Il ètint d'acônrd qu'el ceû qui arivrat l' prëmî a fêre ertirer sa mantô au voyadzeû srat rwêtî coume el pus fônrt. Alônrs el vôt glacé d'ivêr s'è mis a choufler dè toute sa fônrce, mais pus i chouflat, pu l' voyadzeu sêrat sa mantô âtoûr dè lou ; èt a la fin, l' vôt glacé d'ivêr n'è mi pu lî fêre ertirer. Alônrs el soley è coumossî a briyî èt, ou dbout d'un momot, el voyadzeû, rètsâfé, è r'tiré sa mantô. Coume ça, el vôt glacé d'ivêr è du rcounwate qu'el soley ètat l' pus fônrt des deûs.",Homme,495.6860658382907,679.4633367490881,10.144277891854895,82.97253935660507,0
7,Lezay,France,-0.0084,46.2667,https://atlas.lisn.upsaclay.fr/sounds/Lezay.mp3,"La bise é le souléll se grénguenassiant, chaquin acertenant que l'étét le mae fort, quant que l'ant vu venir in voéyajhour, encatinai den sun manteau. Le se sant dit que çhàu-la qui le prmàe li ferét outàe sun manteau serét le mae fort. La bise at quemoençai a bufàe tant mae qu'a pevét, é mae qu'a bufét, mae que le voéyajhour s'encatinét den sun manteau. A la fine force, la bise at renunçai a li faere outàe. Alore le soulell at quemoençai a brticllàe e au bout d'in moument le voéyajhour, bén réchaufai, at outai sun manteau. A! la bise at bé du requeneùtre que le souléll étét le mae fort de zeùs deùs.",Femme,625.0964596047952,1311.0800866480258,13.030006844626968,78.220212183436,0
8,Verviers,Belgique,5.85,50.583333,https://atlas.lisn.upsaclay.fr/sounds/Verviers.mp3,"Lu bîhe èt lu solo su duspitît, chacôke assèrtinant èsse lu pus fwèrt, cwand il ont vèyou on voyèdjeûr qui s'avancéve, èwalpé è su mantê. I sont toumés d'acwèrd quu l'ci qu'ariv'reût lu prumî a fé bodjî s'mantê å voyèdjeûr sèreût loukî come lu pus fwêrt. Adon,lu bîhe s'a mètou a soflér du tot su pus fwêrt mais å pus'-èle sofléve, å pus' lu voyèdjeûr sèréve su mantê åtoûr du lu èt, a-l'fin, lu bîhe a runôci a lî fé wèstér. Adon lu solo a-st-ataké a ruglati èt après on moumint, lu voyèdjeûr, rèhandi a wèsté s'mantê. Ainsi,lu bîhe a d'vou ruc'noh' quu l'solo èsteût lu pus fwèrt du zèls deûs'.",Homme,625.1080224827326,1527.6007120227487,10.312929500342232,82.08999315537302,0
9,Agadir,Maroc,-9.6,30.433333,https://atlas.lisn.upsaclay.fr/sounds/berbere_tashlhiyt.mp3,"ⴰⴹⵓ ⴷ ⵜⴰⴼⵓⴽⵜ ⵎⵎⴰⵖⵏ ⴽⵔⴰⵢⴳⴰⵜⵜ ⵢⴰⵏ ⴳⵉⵜⵜⵙⵏ ⴰⵔ ⵉⵜⵜⵉⵏⵉ ⵎⴰⵙⴷⴷ ⵏⵜⵜⴰⵏ ⴰⴷⵉⵛⵇⵇⴰⵏ. ⴽⴽⵉⵏ ⵉⵎⵉⴽⴽ ⵥⵔⵏ ⵢⴰⵏ ⵓⵔⴳⴰⵣ ⴰⵔ ⵉⴼⵜⵜⵓ ⵉⵍⵙⴰ ⴰⵀⴷⴷⵓⵏ, ⴳⵏⵏ ⵜⴰⵖⵏⵏⴰⵏⵜ ⵏⴳⵔⴰⵜⵜⵙⵏ. ⵡⴰⴷ ⵏⵏⴰ ⵉⵣⴹⴰⵔⵏ ⴰⴷ ⴰⵙ ⵉⴽⴽⵙ ⴰⵀⴷⴷⵓⵏ ⵏⵜⵜⴰⵏ ⴰⴷ ⵉⵛⵇⵇⴰⵏ. ⵉⴱⴷⵓ ⵡⴰⴹⵓ ⴰⵔ ⵉⴽⴽⴰⵜ ⵙ ⴽⵓⵍⵍⵓ ⵎⴰⴷ ⴷⴰⵔⵙ ⵉⴳⴰⵏ ⵊⵊⵀⴷ, ⵎⴰⵛⵛ ⵖⵉⴽⵏⵏⴰ ⵙ ⴰ ⵉⴽⴽⴰⵜ ⴰⵔⵏⵏ ⴱⵣⵣⴰⴼ ⵉⵣⴷⴰⵢ ⵓⵔⴳⴰⵣ ⴷ ⵓⵀⴷⴷⵓⵏ ⵏⵙ. ⵉⵕⵎⵉ ⵡⴰⴹⵓ ⵓⵔ ⵉⵣⴹⴰⵔ ⴰⴷⴰⵙⵜ ⵉⴽⴽⵙ. ⵜⴱⴷⵓ ⵜⴰⴼⵓⴽⵜ ⴰⵔ ⵜⵙⵎⵉⵔⵇⵉⵢ, ⵉⴽⴽ ⵍⵃⴰⵍ ⵉⵎⵉⴽⴽ ⵙⵉⵖ ⵉⵔⵖⴰ ⵓⵔⴳⴰⵣ ⵉⴽⴽⵙ ⴰⵀⴷⴷⵓⵏ ⵏⵙ. ⵖⵉⵏⵏ ⴰⵖ ⵉⵙⵙⵏ ⵡⴰⴹⵓ ⵉⵣⴷ ⵜⴰⴼⵓⴽⵜ ⴰⴷ ⵉⵛⵇⵇⴰⵏ.",Homme,696.8412022202783,1468.4358321807454,22.082087611225187,47.73527036276523,0
12,Ighil,Maroc,-8.256526545277953,30.951635725363897,https://atlas.lisn.upsaclay.fr/sounds/Ighil.mp3,"ⵜⴰⴷ ⵢⴰⵜ ⵍⵇⵉⵚⵚⵜ ⵏ ⵜⴰⴼⵓⴽⵜ ⴷ ⵓⵚⵎⵎⵉⴹ, ⴽⵔⴰ ⵉⴳⴰⵜ ⵢⴰⵏ ⴰⵔ ⵉⵜⵜⵉⵏⵉ ⵏⴽⴽⵉⵏ ⴰ ⵉⵚⵃⴰⵏ. ⵎⵎⴰⵖⵏ ⴳⵔⴰⵜⵙⵏ ⵏⵏⴰⵏ ⵎⴰⵏ ⵡⴰⴷ ⴰ ⵉⵚⵃⴰⵏ, ⵎⴰⵏ ⵡⴰⴷ ⴰⵔⴰⴷ ⵉⵙⴱⴰⵏ ⵚⵚⴰⵃⵜ ⵏⵏⵙ. ⵉⵎⵉⴽⴽ ⵙⴷ ⵢⵓⵛⴽⴰ ⵢⴰⵏ ⵙⵙⵉⵢⴷ ⵉⵍⵙⴰⴷ ⴰⵀⴷⴷⵓⵏ, ⵏⵏⴰⵏ ⵖⵡⴰⴷ ⴰ ⵔⴰⵖ ⵉⴼⴽ ⵎⴰⵏ ⵡⴰⴷ ⴳⵉⵜⵏⵖ ⵉⵚⵃⴰⵏ. ⵉⵣⵡⵓⵔ ⵓⵚⵎⵎⵉⴹ ⴰⵔ ⵉⵟⵟⵍⵓⵇ ⵉ ⵓⵚⵎⵎⵉⴹ ⵏⵏⵙ, ⵉⵔⵓⵃⴷ ⵍⵅⵍⵇ ⵍⵍⵉ ⵏ ⵔⴱⴱⵉ, ⵍⵎⵓⵀⵉⵎ ⴽⴰ ⵉⴽⴽⴰ ⴰⵔⵜ ⵉⵜⵜⴰⵖ ⵓⵚⵎⵎⵉⴹ, ⴰⵔ ⵉⵙⵡⴰⴹ ⵓⵚⵎⵎⵉⴹ, ⴰⵔ ⵉⵜⵜⴳⴳⴰ ⵓⵀⴷⴷⵓⵏ ⵍⵍⵉ ⵙⵖ ⵉⴳⴳⵉ ⵏ ⵙⵙⵉⵢⴷ. ⵍⵅⵍⵇ ⵍⵍⵉ ⵏ ⵔⴱⴱⵉ ⴰⵔ ⵉⵟⵟⴰⵎⵥ ⴰⵀⴷⴷⵓⵏ, ⴰⵔ ⵉⵜⵜⵥⵉⵢⴰⵔ ⴰⵀⴷⴷⵓⵏ ⴼ ⵉⵅⴼ ⵏⵏⵙ; ⴰⵔ ⵉⵜⵜⵥⵉⵢⴰⵔ, ⴰⵔ ⵉⵜⵜⵥⵉⵢⴰⵔ, ⴰⵔ ⵉⵜⵜⴳⴳⴰ ⵓⵚⵎⵎⵉⴹ, ⴰⵔ ⵉⵜⵜⵥⵉⵢⴰⵔ ⵍⵅⵍⵇ ⵏ ⵔⴱⴱⵉ. ⴽⴰ ⵉⴽⴽⴰ ⴰⵔ ⵉⵜⵜⴳⴳⴰ ⵓⵚⵎⵎⵉⴹ ⴰⵔ ⵢⴰⴽⴽⴰ ⵚⵚⴰⵃⵜ ⵏⵏⵙ, ⵙⵙⵉⵢⴷ ⴰⵔⵏⵏ ⵉⵜⵜⴳⴳⴰ ⵚⵚⴰⵃⵜ ⵏⵏⵙ ⵓⵍⴰ ⵏⵜⵜⴰ ⴰⵔ ⵉⵟⵟⴰⵎⵥ ⴰⵀⴷⴷⵓⵏ ⴰⵢⵍⵍⵉ ⵖ ⵓⵔ ⵉⵙⵙⵓⴳⵔ ⵓⵚⵎⵎⵉⴹ ⵢⴰⵜ ⵉⴱⴰⵍⴰⴽ. ⵜⴰⵛⴽⵉⴷ ⵜⴰⴼⵓⴽⵜ ⵜⵏⵏⴰ ⵢⴰⵙ ⴱⴰⵍⴰⴽ ⴰⴷ ⵙⴱⴰⵢⵏⵖ ⵚⵚⴰⵃⵜ ⵉⵏⵓ, ⵜⴰⴼⵓⴽⵜ ⵟⵟⵍⵇ ⵉ ⵚⵚⵀⴷ ⵏⵙ, ⴽⴰ ⵉⴽⴽⴰ ⴰⵔ ⵟⵟⵍⵓⵇ ⵉ ⵚⵚⵀⴷ ⵙⵙⵉⵢⴷ ⵍⵍⵉ ⴰⵔ ⵉⵔⵇⵇⴰ, ⴽⴰ ⵉⴽⴽⴰ ⴰⵔ ⵉⵔⵇⵇⴰ ⵉⵚⴱⵔ ⴽⵉⴳⴰⵏ ⴰⵢⵍⵍⵉ ⵖⵜ ⵢⴰⵖ ⵍⵃⵎⴰ ⴱⵣⵣⴰⴼ, ⵢⴰⵖⵜ ⵍⵃⵎⴰ ⵙⴰⴼⵉ ⵉⵍⵓⵃ ⵏⵉⵜ ⴰⵀⴷⴷⵓⵏ. ⵖⵉⵏ ⴰⵖ ⵉⴱⴰⵏ ⵎⴰⵏⵡⴰ ⴳⵉⵜⵙⵏ ⵉⵚⵃⴰⵏ, ⵉⴱⴰⵏ ⵉⵣⴷ ⵜⴰⴼⵓⴽⵜ ⴰ ⵉⵚⵃⴰⵏ.",Homme,675.2984697388349,1369.3576483930876,16.727275838466802,44.10770020533881,0
14,'ôrôê,NCWF,165.495441,-21.566683,https://atlas.lisn.upsaclay.fr/sounds/oroe.mp3,"I töxâ rha nêxara, na kwâ-â bö a'rî du gwa ri-ru, rè tö na kwâ-â rè yè mê nyîmû rha dêkê. Dè böri dè bâ gwari-ru, du gwari-ru. Böri, i tö na… dibwiri na mwâ rha ö' a pwa. Böri dè ö'-rè, vi ö nè-ru, dè waa ö' nè-rèè. Böri dè ö né-ré raa êrê yè-è, dè kârâ rhee. Böri i tö na kwâ-â, böri a'ri, dö êrê mèè : - Ö yè pè kua na kârâ rhee-ni, rha ö'-ni, tè yè mwîâ! Böri i tö na kwâ, böri tè nè vè yuu, i kuu na kwâ-â. Na böri yi kuu na kwâ-â, na böri kuu na kwâ-â. Na böri  au-vé na kwâ-â na. Na böri tö na ö'-na, i kâ piri mwî-nya na kârâ rhee-ré. I kâ piri, i tâ görönéâ na, né mâ aa... da pè kwa raa na kwâ-â. Böri na évé na kwâ-â, böri vé raa-é. Böri i tö na, a'rî, i böri yu tè na a'rî, na böri yuu tèè na a'rî. Böri i tö na ö'-na, na mwâ mèè…nè pè kê, tèè mwéré tèè. Té è mwênyâ né é aree né-é, na böri pè kwa kârâ rhee né pè kê. Böri... ka rhééxara né raa-xe, i na mwê na kwâ-â mê i tö a'ri na-ré mwâ-nya. [Böröwi.]",Femme,499.735250109672,1053.768659621658,23.94513347022587,75.76115674195756,0
15,'weenhayek,Bolivia,-63.0270733344145,-21.3617439045,https://atlas.lisn.upsaclay.fr/sounds/weenhayek.mp3,"Tapiinhì wet 'Ijwaalà' taahuwethà'-péyej lhaamelh hàp laqhaajyhayahày, lhaamelh wet hi'weenhkye hi'nowukjwaj tà hip'ooyejtatape' la'wuy. Lhaamelh wet yohent'enke'we', 'o'eelhkyek t'ikyuunej kyek hi'nowukjwaj 'itiinhkya la'wuy wet haapkqhila kyek laqhaajyhayaj yaamhpe 'elh qhajyhayaj. Maanhyejt'en'tso'thayej wet tapiinhì wet lhayom t'iilhayejì'. Tha, hi'noowukjwaj wet y'ise lhiip tà lhaahip'onejlhi la'wuy pajtha tapiinhì hi'weenh tà laqaalhekneyahi wet 'ileeyej. Thayej wet 'ijwaalà' wet lhayom 'ààytaji tà lhaa'kyayoyen wet lham yaqaalhi hi'nowukjwaj 'wuy. Maanhyet'en'tso'tha tapiihì wet lhaam wet 'ileeyej tà yaqaakyuye 'ijwaalà' qhajyhayaàj.",Homme,683.5888638098886,1205.8348876614707,25.42831622176591,54.72532511978097,1
17,Aalst,Belgique,4.038736,50.938644,https://atlas.lisn.upsaclay.fr/sounds/Aalst.mp3,"De noorderwind en de zonne waren aan 't discuteren wie dat er de sterkste was van eersn tweeën. Just op diene moment, arriveerden ne reiziger die ne palto aanha. Ze kwampen overeen dat#n dien die der 't eerst zoun in lukken van diene reiziger zijne palto te doen uitdoen as de sterkste zou gezien werden. De noorderwind begost uit alle macht te blazen. Maar hoe nijger dat#n blaasden hoe nijger dat de reiziger zijne palto toetrok. Uiteindelijk gaf de noorderwind het op. Nadien begost de zonne neig te schijnen en ten dee de reiziger zijne palto uit. De noorderwind most dus wel toegeven da de zonne de sterkste was van eersn tweeën.",Femme,563.0262582341122,734.5365458597901,11.335845311430527,82.48269678302533,0
18,Abbeville,France,1.8333,50.1,https://atlas.lisn.upsaclay.fr/sounds/Abbeville.mp3,"Ch'vint et pi ch'solé is s'chipouilloai't, asseurès qu'is étoai't satchun d'éte pu fort éq l'eute, quante is ont apérchu un voéyageu qu'i rapreuchoait, ahotè din sin mantieu. Is ont tè d'avis qu'échti-lo qu'il sairoait foaire inlver sin mantieu à ch'voéyageu i dvaroait ch'fort du ju. Éd lo, ch'vint i s'a mis à souffler d'tous ses forches, mais pu qu'i souffloait pu qu'éch voéyageu i rsaroait sin mantieu à li. À tchuya, éch vint il o rnonchè. Ch'est aladon qu'éch solé il o cminchè à miler, pi au bout d'un tchot momint, ch'voéyageu qu'il étoait récauffè il o défoait sin mantieu. Il o meume tè s'bigner à tchu nu din l'ieu. Pour nin définir éch vint i s'a résou : ch'étoait bien ch'solé qu'il étoait ch'pu fort éd leu deux.",Homme,647.1913565018577,1583.5217723984083,11.17709787816564,84.11554414784393,0
19,Adelboden,Suisse,7.565472171418338,46.49008133167108,https://atlas.lisn.upsaclay.fr/sounds/CH_Nordwind_Adelboden.mp3,"Äsmaal hii d Bisa u d Suna zäme zangget, wär van ine bèède ächt di Schtèrcheri sygi. Due ischt ungsinet ä Wanderer derhaar z luuffe choe, ypackta ine warme Mantel. Di bèède syn due räätig worde, dass die als di Schtèrcheri gulti, wan der Wanderer wurdi zwinge, us sym Mantel z schlüüffe. D Bisa hèt jitz aafaa blaase, was si hèt möge, aber äs hèttera wääger nüt füürtriit: ds Mendi hèt der Mantel nume nug èngger zuegchnöpft. Entlig het d Bisa müessen ufgää. Jitz hèt d Suna mit irne früntlige Strahle d Luft gwèèrmt, u scho namene Schützi het der Wanderer sys Mänti abzoge. Da hèt d Bisa wohl ol übel müesse zuegää, dass d Suna di Schtèrcheri ischt.",Homme,767.0733653417462,1561.4988694174622,5.19488706365503,79.33000684462696,0
20,Adolphsdorf,Deutschland_OF,8.99303124831752,53.22648063621117,https://atlas.lisn.upsaclay.fr/sounds/Adolphsdorf.mp3,"Eenmol kabbeln sik de Noordwind un de Sunn, wör von beiden wohl de Kräftigere wöör, als en Wanderer, de en warmen Mantel anharr, de den Weg da herkööm. Sei wören sik enig dat dejenige, de de Kräftigere wöör, de den Wanderer zwingen soll den Mantel aftonehmen. De Noordwind puust mit alle Macht, aber je mehr he puust, desto kräftiger wickelde sik de Wanderer in se Mantel in. Nun geev de Noordwind den Kampf op. Nun schien die Sunn de Luft mit ihren freundlichen Strohlen, und dat duert nicht lang, da töög de Wanderer sien Mantel ut. Dor musst de Nordwind togeben, da de Sunn von beiden die Kräftigere wöör.",Femme,626.7073404023682,1260.6375404548862,10.297898699520875,83.78291581108829,0
22,Agethorst,Deutschland_SH,9.43333339691162,54.01666641235352,https://atlas.lisn.upsaclay.fr/sounds/Agethorst.mp3,"Do eenst streiten sik Noordwind un Sünn, wokeen von de beiden woll de Starkere weer. As do een Wannersmann, de in een warm Mantel inmummelt weer, den Weg hinlang keem. Se wurrn sik eing, dat dejenige as de Starkere gellen schull, de den Wannersmann dorto bringen wörr sien Mantel aftoleggen. De Noordwind bloos mit all sien Kruusch, aber je mehr he bloos ümso faster mummelt de Wannersmann sik in sien Mantel in. Opletzt geev de Noordwind den Wettstriet denn op. Nun warmst de Sünn de Luft mit ehre gleien Strohlen un schon 'n korten Stoot Tiet trock de Wannersmann sien Mantel ut. Do muss de Noordwind togeben, dat de Sünn von de beid de Starkere weer.",Femme,642.1438832673708,1371.2041051466533,9.9439151266256,85.03110882956878,0
23,Agonac,France,0.749844,45.292636,https://atlas.lisn.upsaclay.fr/sounds/Agonac.mp3,"Lo vent dau nòrd e lo solelh se disputaven. Chascun disiá qu'era lo mai fòrt. Quant vegueren un voiatjaire que s'avançava, emmantelat, sigueren d'acòrd per dire que lo prumier que 'ribará de lo li far dostar siriá considerat coma lo mai fòrt. Alòrs, lo vent dau nòrd se metet de bufar de tot son vam. Mas dau mai bufava, dau mai lo voiatjaire sarrava son manteu contra se. E fin finala, renonciet de lo li far dostar. Alòrs, lo solelh se metet de lusir. Au bot d'un moment, lo voiatjaire, plan eschaurat, dostet son manteu. Quò es entau que lo vent dau nòrd deguet reconéisser que lo solelh era lo mai fòrt.",Femme,690.2097780967125,1404.8857479843653,13.504209445585216,75.91318275154005,0
24,Agonac,Occitanie,0.749844,45.292636,https://atlas.lisn.upsaclay.fr/sounds/Agonac.mp3,"Lo vent dau nòrd e lo solelh se disputaven. Chascun disiá qu'era lo mai fòrt. Quant vegueren un voiatjaire que s'avançava, emmantelat, sigueren d'acòrd per dire que lo prumier que 'ribará de lo li far dostar siriá considerat coma lo mai fòrt. Alòrs, lo vent dau nòrd se metet de bufar de tot son vam. Mas dau mai bufava, dau mai lo voiatjaire sarrava son manteu contra se. E fin finala, renonciet de lo li far dostar. Alòrs, lo solelh se metet de lusir. Au bot d'un moment, lo voiatjaire, plan eschaurat, dostet son manteu. Quò es entau que lo vent dau nòrd deguet reconéisser que lo solelh era lo mai fòrt.",Femme,690.2097780967125,1404.8857479843653,13.504209445585216,75.91318275154005,0
25,Agrons,Italia,12.864066,46.472073,https://atlas.lisn.upsaclay.fr/sounds/Agrons.mp3,"Una dì la Tramontana e il Sorêli a cavilavin parcè ch'a volevin savê cui ch'al era il plui fuart. Intant ch'a cavilavin, a àn viodût un omp ch'al cjaminava pa strada e ch'al veva une mantielina dintor. Alora a àn decidût che cui ch'al rivava a fâi gjavâ la mantielina al ere il plui fuart dai doi. La Tramontana a à tacât a soflâ fuart, ma plui a soflava, plui chel omp si strenzeva ben dintor la mantielina. Sta di fat che a la fin la Tramontana a à scuignût molâ. Alora il Sorêli al è saltât four dai nûi, al à tacât a scjaldâ e dopo un pôc chel omp al à tacât a sudâ e al à gjavât la mantielina. A è stada cussì che la Tramontana a à scuignût ameti che il Sorêli al era plui fuart di jê.",Femme,765.3864962576946,1395.3332543727934,7.728761122518822,79.70069130732375,0
26,Ahlerstedt,Deutschland,9.451297066839867,53.40307956284477,https://atlas.lisn.upsaclay.fr/sounds/Ahlerstedt.mp3,"Geev en Tiet, do harrn sik de Noordwind un de Sünn in de Plünnen. Keen schull woll de Starkst ween? Do keem en Reisen jüm op den Padd bimööt, mit en warmen Mantel üm sik to. Se kemen övereen, dat de as de Starkst gellen schull, de den Reisen dorto kreeg, de Mantel aftosmieten. Noordwind puust un puust, man je mehr Karaasch he kreeg bi`t Puusten, je dichter treckt de Reisen de Jopp üm sik. Nu keem de Sünn an de Tuur, kreeg Warmst in de Luft mit ehre Strahlen un en lütten Ogenblick later harr de Reisen sienen Mantel al ut. Do müss de Noordwind lütt bigeven. Un de Sünn harr wunnen.",Homme,693.5182531993952,1275.255951075151,10.09347022587269,84.2082340862423,0
27,Aigondigné,France,-0.288102,46.294585,https://atlas.lisn.upsaclay.fr/sounds/Mougon.mp3,"L'ébisall, fraere de la bise, é pi le soulall se grénguenassiant, chaquin acérténant qu'ol étét li le pu fort, quant le véyiriant venir in cheminao, encatinai den sen abrjhall. Le s'adouniriant pr dire que çhau-la qui li ferét jhitàe sun abrjhal au voéyajheùr, é bé o serét dit qu'o serét li le pu fort de zeùs deùs. Alore l'ébisall se métit a bufàe dau mae que le pevét, é mae que le bufét, mae que le cheminao s'encatinét den sen abrjhall. A fine force l'ébisall renuncit a li faere jhitàe. Alore le souléll queméncit a brticllàe é au bout d'in moument le cheminao, bén achalai, jhitit sen abrjhall. O fét que l'ébisall devit bé requeneùtre que le souléll étét le pu fort de zeùs deùs.",Femme,544.5404835194339,759.4252881306394,13.030006844626968,78.220212183436,0
28,Airolo,Suisse,8.610698,46.528388,https://atlas.lisn.upsaclay.fr/sounds/CH_Nordwind_Airolo.mp3,"La bisa e l só — Un dí, la bisa e l só i évan dré a ċarpinass parché tücc düi i pratandévan da véss piünda fòrt ċe l’autru, quand ch’i n’ann vist vügn a ruè scè cun sü n paltò. I düi, ilóra, i s’ann curdéi ċe l piünda fòrt u saröss stècc chèll ch’u i l’aröss fècia a fèi tö fò l paltò. La bisa l’a smanzó a bufè piünda t l’a pudéa, ma piünda la buféa e piünda ċe l’óm u saréa l paltò; tantċe ala fin, u pòuru vént l’a tucütt dasmétt. U só, ilóra, l’é nicc fò n cél e béle sübat l’óm, ċ’u sintiva ċaud, l’a töcc fò l sö paltò. E iscí la bisa l’a tucütt dèi rason al só ċe l piünda fòrt l’éva lüi.",Femme,609.9436641831836,815.6075778472651,2.9805817932922656,84.00574264202601,1
29,Aisone,Italia,7.222464,44.311789,https://atlas.lisn.upsaclay.fr/sounds/Aisone.mp3,"'La bizo e lou soulei en journ se ruzeavoun, perqué un voulìou èse pe fort que l'aoutre, couro àn vist en viajatour que venìo anant envertouià ent al mantèl. Alouro i dui que se ruzeavoun se soun butà d'acordi que sourìo 'sta pe fort aquel que fougueso aribà a far gavar a l'ome lou mantèl de sus. La bizo à coumensà a soufiar coun vioulènso, ma mai soufiavo, mai lou viajatour s'enrouteavo ent al mantèl, tan que a la fin la paouro bizo a devù laishar pèrde. Lou soulei alouro à surtì ent al chèl, e gaire après l'ome, que avìo chaout, s'es gavà lou mantèl. E la bizo es istà oubligà a recounouise que lou soulei èro pe fort que néie.",Femme,622.0412272439438,638.8248511943374,10.850424366872005,67.05819986310746,0
30,Aisone / Aison,Occitanie,7.222464,44.311789,https://atlas.lisn.upsaclay.fr/sounds/Aisone.mp3,"'La bizo e lou soulei en journ se ruzeavoun, perqué un voulìou èse pe fort que l'aoutre, couro àn vist en viajatour que venìo anant envertouià ent al mantèl. Alouro i dui que se ruzeavoun se soun butà d'acordi que sourìo 'sta pe fort aquel que fougueso aribà a far gavar a l'ome lou mantèl de sus. La bizo à coumensà a soufiar coun vioulènso, ma mai soufiavo, mai lou viajatour s'enrouteavo ent al mantèl, tan que a la fin la paouro bizo a devù laishar pèrde. Lou soulei alouro à surtì ent al chèl, e gaire après l'ome, que avìo chaout, s'es gavà lou mantèl. E la bizo es istà oubligà a recounouise que lou soulei èro pe fort que néie.",Femme,622.0412272439438,638.8248511943374,10.850424366872005,67.05819986310746,0
31,Aix-en-Provence,France,5.4454,43.5263,https://atlas.lisn.upsaclay.fr/sounds/Aix-en-Provence.mp3,"La bisa e lo soleu se garrolhavan, cadun en assegurant qu'èra lo mai fòrt, quand vegèron un viatjaire que s'avançava, envolopat dins son mantèu. Se metèron d'acòrdi qu'aqueu qu'arribariá primier de li far levar son mantèu au viatjaire, lo regardarián coma lo mai fòrt. Alora la bisa se metèt a bufar de tota sa fòrça, mai dau mai bufava, dau mai lo viatjaire sarrava son mantèu a l'entorn d'eu e, a la fin, la bisa renoncièt de lo li far levar. Alora lo soleu comencèt de brilhar e, au bot d'un moment, lo viatjaire, rescaufat, se levèt lo mantèu. Ansin, la bisa deguèt reconéisser que lo soleu èra lo mai fòrt dei dos.",Femme,542.0814170012119,1208.050588029328,15.351211498973305,68.8535318275154,0
32,Ajaccio,France,8.739902,41.918649,https://atlas.lisn.upsaclay.fr/sounds/Ajaccio.mp3,"A tramuntana è u soli si litigavani, ognunu assiguréinti ch'ellu era u più forti, quandu ani vistu un viaghjatù chì s'avanzava, fasciatu dréintu u sòu mantellu. Si sò missi d'accordu chì quellu chì ghjunghjarìa u primu à fà caccià u sòu mantellu à u viaghjatù sarìa fighjulatu comu u più forti. Allora, a tramuntana si hè missa à suffià di tutti i soì forzzi. Mà più suffiava, più u viaghjatù strignava u sòu mantellu intornu à ellu è à u finali, a tramuntana hà rinunciatu à fà lu caccià. Allora u soli hà iniziatu à brillà è dopu à un certu muméintu, u viaghjatù, riscardatu, hà cacciatu u sòu mantellu. Cusì a tramuntana era dréintu à l'ubligazziun di ricunoscia ch'u soli era u più forti d'i dui.",Homme,707.3449361665903,1340.6450001911041,16.957364818617386,71.2670636550308,0
33,ajië,NCWF,165.62899,-21.278925,https://atlas.lisn.upsaclay.fr/sounds/ajie.mp3,"Tèi dèxâ nédaa,] kayâ mâ karèè cuȓu vicaa-ȓu, cuȓu böȓi tânéxâi êȓê cuȓu rhau möȓö, cuȓu böri törhûû rha kâmö döwöö ré mi waa-ȓu, rö léwé pâȓâ mêȓêcuȓi xi-e. Cuȓu böȓi tânéxâi vèâ êȓê wi-ré yè mâ waa virai baayê mêȓêcuȓi xi-e na yè mâ ce ka möȓö rai-ȓu. Na böȓi, ku vè kau kayâ vèȓi möȓö xi-e aè na ki ku-vi, böȓi kâmö döwöö na rhèè pirii mêȓêcuȓi xi-e rö pwânuȓi-né böȓi tèi léé, kayâ na wê nââ koa ké yè waa virai mêȓêcuȓi xi-e. Na böȓi tè na karèè mâ tèi rha gowè, kâmö döwöö, na dö pixê, na böȓi waa virai mêȓêcuȓi xi-e. Böȓi, kayâ na wê rhîâgüȓü êȓê karèè ré möȓö rai-ȓu. [Ökwâ na vinimö i kayâ mâ karèè cowa.]",Homme,520.0544629235002,915.1611164878575,23.94513347022587,75.76115674195756,0
34,Akka,Maroc,-8.25932228468162,29.3907561857728,https://atlas.lisn.upsaclay.fr/sounds/BS_Aqa.mp3,"ⵜⴰⴼⵓⴳⵜⴷ ⵓⵙⵎⵎⵉⴹ ⵎⵎⴰⵖⴻⵏ, ⴽⵓⵍ ⵢⴰⵏ ⴰⵔ ⵉⵜⵜⵉⵏⵉ ⵉ ⵡⴰⵢⵢⴰⴹ ⵏⴻⴽ ⴰ ⵉⵙⵃⴰⵏ. ⵣⵔⴰⵏ ⵢⴰ ⵓⵔⴳⴰⵣ ⵢⵓⵛⴽⴰⵏ ⵙ ⴷⴰⵔⵙⴻⵏ ⵉⵍⵙⴰ ⴰⵙⴻⵍⵀⴰⵎ, ⵢⴰⵏ ⵓⵔⴳⴰⵣ ⵢⵓⵛⴽⴰⵏ ⵙ ⴷⴰⵔⵙⴻⵏ ⵉⵍⵙⴰ ⴰⵙⴻⵍⵀⴰⵎ; ⵍⵉ ⵖⵜ ⵣⵔⴰⵏ ⵏⵏⴰⵏ ⵡⵏⵏⴰⵙ ⵉⴽⵙⴻⵏ ⴰⵙⴻⵍⵀⴰⵎ ⵏⵜⵜⴰ ⴰ ⵉⵚⵃⴰⵏ. ⴰⵙⵎⵎⴻⴹ ⴰⵔⴰ ⵢⴻⵣⵡⵉⵔ, ⴻⵚⵓⴷ ⴱⵣⵣⴰⴼ, ⴰⵔ ⴻⵚⵓⴷ ⴱⵣⵣⴰⴼ, ⴰⵔ ⴻⵚⵓⴷ ⴱⵣⵣⴰⴼ ⴼ ⵓⵔⴳⴰⵣ; ⴰⵙⵎⵎⴻⴹ ⴰⵔ ⴻⵚⵓⴷ ⴱⵣⵣⴰⴼ, ⴰⵔⴳⴰⵣ ⵉⵣⵢⴻⵔ ⴰⵙⴻⵍⵀⴰⵎ ⴰⵢⵍⵍⵉ ⵃ ⵉⵔⵎⵉ ⵓⵙⵎⵎⵉⴹ. ⵖⵉⵍⴰ ⵜⴰⵡⴰⵍⴰ ⵏ ⵜⴰⴼⵓⴳⵜ, ⴰⵔ ⵉⵔⵇⵇⴰ ⵍⵃⴰⵍ, ⴰⵔⴳⴰⵣ ⵉⵖⵔⴻⴳ, ⵉⴽⴽⵉⵙ ⴰⵙⴻⵍⵀⴰⵎ ⵉⴳⵉⵜ ⴼ ⵜⴻⵖⵕⴰⴹ. ⵜⴰⴼⵓⴳⵜ ⵜⵎⴰⴳⴳⴰⵔ ⴰⵚⵎⵎⵉⴹ ⵜⴻⵏⵏⴰⵢⴰⵙ ⵏⴽⴽⵉ ⴰⵢⵔⵔⴰⵏ.",Homme,701.5559207899443,1547.4060814954764,23.879575633127992,29.775982203969882,0
35,Aldringen,Belgique,6.023877,50.221452,https://atlas.lisn.upsaclay.fr/sounds/Aldringen.mp3,"De Nordvond on d'Sonn, di voren sech éng Kéér ant strégden, vä fan hinnen vaal de Stärekste vür. Du jäst on dä Moment, du kum e Vanderer iver de Vaisch, dän hat äver en déke Mantel an. Sie enischten sesch do, dat dänjinejen de Starekste vir, dän de Vanderer zwonge känt, senge Mantel auszedo. De Nordvond blus mat aller Kraft, äver däste mie hä blus, däste fäster kuschelt de Vanderer sesch äver o on senge Mantel röm. Ändlech juf de Nordvond du de Kampf op. Elo erväremt d'Sonn d'Luut mat hire vareme Strohlen, on no e paar Momänter zusch de Vanderer senge Mantel du ous. Du mus de Nordvind zujän, dat d'Sonn äver van hinnen zvéé de Starekst voor.",Femme,692.1421187965086,1334.8571629223884,9.617672826830939,82.58827515400411,0
36,Alger,Algerie,3.05871,36.753765,https://atlas.lisn.upsaclay.fr/sounds/arabe_algerien.mp3,"alphabet arabe alphabet latinالرّيح و الشّمس كانوا يتخاصمواكلّ واحد منهم يقول هو الأقوىفي داك الوقت شافوا مسافر جاي ماشي و هو ملمّد في برنوسههمّال تفاهموا بلّي الاّول منهم الّي يقدر ينّحي برنوس المسافر يكون هو الأقوىالحاصل بدا الّريح ينسف و يزيد ينسف بالقّوةكلّ ما كان يزيد ينسف كلّ ما المسافر يزيد يتلمّد في برنوسهالحاصل ما بقى للرّيح غير يبطّلكي جات دالت الشّمس و بدات تبرق و تزيد تبرق و تسخن أكثر و أكثربدا المسافر يسخنويزيد يسخن حتّى نحّى برنوسههكذا ما بقى للرّيح غير يستعرف بلّي الشّمس هي الأقوىr-rīḥ u š-šǝms kānu yǝtxāṣmu, kull wāḥǝd mǝnn-hum, yqūl, huwa l-'aqwa, fi dāk l-waqt, šāf-u musāfǝr žāy, māši u huwa mlǝmmǝd fi bǝṛnūṣ-u, māl tfāhm-u, bǝlli luwwǝl mǝnn-hum lli yǝqdǝr ynǝḥḥi bǝṛnūṣ l-musāfǝr, ykūn huwa l-'aqwa, l-ḥāṣǝl, bda r-rīḥ yǝnsǝf u yzīd yǝnsǝf b-l-quwwa, kull-ma kān yzīd yǝnsǝf, kull-ma l-musāfǝr, yzīd yǝtlǝmmǝd fi bǝṛnūṣ-u, l-ḥāṣǝl, ma-bqa l-r-rīḥ, ġīr ybǝṭṭǝl, ki-žāt dālǝt š-šǝms, u bdā-t tǝbrǝq u tzīd tǝbrǝq, u tǝsxǝn 'akṯar u akṯar, bda l-musāfǝr yusxun, u yzīd yusxun, ḥǝtta nǝḥḥa bǝṛnūṣ-u, hǝkka, ma-bqa l-r-rīḥ, ġīr yǝstǝɛrǝf bǝlli š-šǝms hiya l-'aqwa.",Femme,702.4598704932749,1105.436055542013,19.922060232717318,73.60873374401095,0
37,Almería,Espagne,-2.463811,36.837146,https://atlas.lisn.upsaclay.fr/sounds/Almeria.mp3,"Disputaba, el viento del norte con el sol sobre quién era más fuerte. No queriendo ninguno de los dos reconocer la superioridad del otro, convinieron en someter a una prueba su relativo poderío. El primero de ellos que lograse despojar de su capa a un caminante, sería el vencedor. El viento del norte comenzó a soplar furiosamente acompañado de violentos chaparrones; mas, en vez de llevarse la capa del viandante, hizo que éste se abrigara más con ella. Llegole entonces al sol la ocasión de dar pruebas de sí. Inmediatamente empezó a lanzar sus rayos sobre la cabeza del pobre hombre, con tal ardor que le obligó a quitarse la capa y a sentarse sudoroso y macilento a la sombra de un árbol. Así el sol fue el vencedor. No siempre el que mete más ruido es el más fuerte.",Homme,614.5058887293526,1129.894423591603,17.217878165639974,60.64203285420944,0
38,Altdorf,Suisse,8.642425,46.881946,https://atlas.lisn.upsaclay.fr/sounds/CH_Nordwind_Altdorf.mp3,"D Byysä und d Sunnä — Vor langer Zyt het d Byysä mit dr Sunnä gchääret, weer vu dä beedä eppä dr Schtèrcher wäär. Juscht i dèm Äügäblick chunnd ä Wanderer dèrthäär, wo in ä tickä Mantel yphackt gsy isch. Da sint diä zwee Chiffler glyy äinisch uberäis chu, „dèr“ sèll fir dr Schtèrcher gältä, wo dr Wanderer so wyt bringt, das är üss syym Mantel üsäschlyyfft. D Byysä het de gwaltig afa blaasä. Aber je schtèrcher si ggluftet het, um so feschter isch dr Wanderer i syy Mantel innägschliffä. Glyy äinisch het de d Byysä ggmèrkt, dass si bi dèrä Wetti nyymee z bschtèllä gha het. Etz isch äs a dr Sunnä gsy, d Luft mit irnä frintlichä Schtraalä z erwèrmä, unt bim Äich scho nach ämä churzä Momäntli het dr Wanderer syy Mantel wyyd unt feer ggriärt. Da het de d Byysä miässä züägää, dass d Sunnä vo inä beedä dr Schtèrcher gsy isch.",Femme,615.3686005427933,1067.5952576010613,6.775605749486653,80.37548939082819,0
39,Altenteil auf Fehmarn,Deutschland_SH,11.083333015441896,54.51666641235352,https://atlas.lisn.upsaclay.fr/sounds/Altenteil_auf_Fehmarn.mp3,"Dor hebbt sik man Noordwind un Sünn stre'en, wer von den beiden woll de Starkere weer, as 'n Wannersmann, de in'n dicken Mantel inhüert weer, na 'n Weg lang kööm. Se wörrn sik eni, dat de as starker gellen schull, de den Wannersmann dorto bringen wörr, dat he sien Mantel afnimmt. De Noordwind hett mit all sien Macht blaast, aber so mehr he blasen dee, so faster hett sik de Wannerer in sien Mantel inhüert. Endli geev de Noordwind sien Kampf op. Nu hett de Sünn de Luft mit ihr fründliche Strohlen warm mookt un al na wenige Ogenblicken treck de Wannersmann sien Mantel ut. Do müsst de Nordwind togeben, dat de Sünn von de beiden de Starkere weer.",Femme,677.1283282779591,1299.608268179572,10.42312114989733,83.79338809034907,0
40,Altstätten,Suisse,9.539169,47.378075,https://atlas.lisn.upsaclay.fr/sounds/CH_Nordwind_Altstaetten.mp3,"Emòòl hand d Biise ond d Sònne metenand gstrette, wäär wool vo beidne de Stärcher sai. Dòò isch gad en Wanderer dethäär chòò, wo en ticke Maantel aakchaa hät.  D Biise ònd d Sònne send dänn wädli einig wora, das äne de Stärcher sei, wo ’s härebringi, dass de Wanderer de Maantel abzüchi.  Drofabi häd d Biise plòòse wie verrockt. Aber daa häd nünt gnötzt. De Wanderer hät afach sin Maantel all mee zuezòge.  Ääntli hät d Biise ufgee!  Aber etz hät d  Sònne gschune, wa si hät möge,  ònd handcheeròm hät de Wanderer sin Maantel abzòge kaa.  Dòò hät d Biise möse zuegee: d Sònne hei dänn schò mee Chraft als sii.",Homme,819.560345124918,1383.5835137071613,9.397522245037646,81.03323750855579,0
41,aluku,AG,-54.192168,3.826555,https://atlas.lisn.upsaclay.fr/sounds/aluku.mp3,"A bungi anga a san be kwali. Taa wan be feni taki a moo taanga moo a taa wan. Wan bagasiman be pasa anga wan tapu a neki. Neen den taki, a sama di fosi o lon doo a bagasiman, a tapu neki fu en, o doo a moo taanga wan. Neen a bungi bigin boo winta anga ala en kaakiti fu puu a tapu a neki fu a bagasiman ma a bagasiman e moo fasi a tapu a neki fu en fu a ná mu kay kumoto. Baa Bungi si taki a ná a yeepi. Neen Baa San, a du tu fasi. En bigin wan a mii a peesi anga ala en kaakiti te den de luku a bagasiman bigin puu en tapu a neki. Na so neen Baa Bungi taki: ""Baa San na yu moo taanga.""",Femme,432.8010254227908,668.7687654296719,26.65463381245722,80.7460848733744,1
42,Amdorf,Deutschland,7.534166667,53.21361111,https://atlas.lisn.upsaclay.fr/sounds/Amdorf.mp3,"Eens streden sük Noordwind un Sünn, well von beiden woll mehr wat manns was, as en Wandersmann, de in en warm Mantel inwickelt weer, vorbikwamm. Se wurden sük enig, dat de as mehr manns gellt, de de Wandersmann dwingen deit, sien Mantel oftoleggen. De Noordwind hoostde so fell as he kunn, man je feller he hoostde umso faster wickelde sük de Wandersmann in sien Mantel in. Tolest gaff de Noordwind de Kampf to. Nu warmde de Sünn de Luft mit hör fründelken Strahlen up un al na en heel körten Sett truck de Wandersmann sien Mantel ut. Daar muss de Noordwind togeven, dat de Sünn mehr wat manns was.",Femme,629.1771549444838,919.1907032891509,10.469390828199863,83.95501711156741,0
43,Amel,Belgique,6.168797374550501,50.35379175534702,https://atlas.lisn.upsaclay.fr/sounds/Amel.mp3,"Den kahlen Wohnd un’t Sonn zahnkten sësch (énges Dachs), wähn vahn den zweh derstarekst wühr. Doh kohm e Résender lahss, mot enem Mahntel. Sie johffen sësch éngësch, dat dähjinnijen derstarekst wühr, dähn dä Résender dohzoht bräht, däh Mahntel usszedohn. De Wohnd fong ahn ze blohsen su jott he kohnt, ävver dëste mieh häh blohs, deste mieh zuch de Résender däh Mahntel öm sësch zoh. Zem Schluss johf de Wohnd et drahn. Doh fohngt’Sonn ahn ze strahlen, un van éngem Momähnt op den anneren  zuch dähn Résender de Mahntel uss. De Wohnd mott zohjähn, dat’Sonn derstarekst wohr vahn dän zwee.",Homme,641.761579878765,1328.0758059465204,9.366509240246407,83.56731690622861,0
44,American English,AG,-95.379403,29.763384,https://atlas.lisn.upsaclay.fr/sounds/english_Houston.mp3,"The North Wind and the Sun were disputing which was the stronger, when a traveler came along wrapped in a warm cloak. They agreed that the one who first succeeded in making the traveler take his cloak off should be considered stronger than the other. Then the North Wind blew as hard as he could, but the more he blew, the more closely did the traveler fold his cloak around him; and at last the North Wind gave up the attempt. Then the Sun shone out warmly, and immediately the traveler took off his coat. So the North Wind was obliged to confess that the Sun was the stronger of the two.",Femme,748.6546151417562,1399.5571988010752,21.39478439425051,73.56167693360712,0
45,Amezmiz,Maroc,-8.245631,31.21863,https://atlas.lisn.upsaclay.fr/sounds/Amezmiz.mp3,"ⵉⵎⵎⴰⵇⵇⴰⵔ ⵓⵚⵎⵎⵉⴹ ⵏ ⵓⴷⵔⴰⵔ ⴷ ⵍⵃⵎⴰ ⵏ ⵓⵣⴰⵖⴰⵔ. ⵉⵏⵏⴰⵢⵙ ⵓⵚⵎⵎⵉⴹ ⵏ ⵓⴷⵔⴰⵔ ⵏⴳⴳⵉⵏ ⴰⴽⴽ ⵉⵏⵔⴰⵏ, ⵉⵏⵏⴰⵢⵙ ⵍⵃⵎⴰ ⵏ ⵓⵣⴰⵖⴰⵔ, ⵉⴳⴳⵉⵏ ⴰⴽⴽⵉⵏⵔⴰⵏ, ⵢⴰⵏ ⵉⵎⵉⴽ ⵙⴰⵙⵏⴷ ⵉⴱⴰⵏ ⵢⴰⵡⴼⴳⴰⵏ ⵍⵙⴰⵏ, ⵉⵀⴷⵓⵎⵏ ⴳⴳⵓⵜⵏⵉⵏ ⴰⵙⵉⵏ ⵡⵉⵢⵢⴰ ⴼ ⵉⵖⵉⵔ ⵏⵙ. ⵉⵏⵏⴰⵢⵙ ⵍⵃⵎⴰ ⵏ ⵓⵣⴰⵖⴰⵔ ⴰⵢⵙⵜⵏ ⵏⴽⵉⵙ, ⵉⵣⵔⵉⴷ ⵓⵚⵎⵎⵉⴹ ⵏ ⵓⴷⵔⴰⵔ ⴰⴼⴳⴰⵏ ⵉⵙ ⴰⵜⵜⵎⵓⵏⵓⵏ, ⵍⵃⵎⴰ ⵉⵀⴷⵓⵎⵏ ⵍⵍⵉ ⴷⴰⵔⵙ ⴼ ⵉⴳⴳⵉ ⵏ ⵉⵖⴰⵔⵉⵡⵏ, ⵖⴰⴽⵓⴷⴰⵏ ⴰⵙⵏⴷⵉⴱⴰⵏ ⵉⵙⵔⵎⵉⵏ ⵏⵜⵜⴰⵏ, ⵉⵣⵔⵉⴷ ⵍⵃⵎⴰ ⵏ ⵓⵣⴰⵖⴰⵏ ⴰⴼⴳⴰⵏ ⴰⵔ ⵉⵜⵜⴰⵙⵓⵙ, ⴰⵔ ⵉⴳⴳⴰⵔ ⵙ ⵉⵀⴷⴰⵎⵏ ⵍⵍⵉ ⴷⴰⵙ ⵢⴰⵏ ⵟⵟⵔⴼ ⵏ ⵢⴰⵏ, ⵉⵏⵏⴰⵢⵙ ⵍⵃⵎⴰ ⵏ ⵓⵣⴰⵖⴰⵏ, ⵢⴰⴳ ⵏⵏⵉⵅⴰⵡⵏⵜ, ⵏⴳⴳⵉⵏ ⴰⴳⴳ ⵉⵏⵔⴰⵏ ⵖ ⵜⵓⴷⴰⵔⵜ ⵡⴰⵍⴰ ⵖ ⵍⵃⴰⵢⴰⵜ.",Homme,538.9655616308227,1277.1822150436665,16.727275838466802,44.10770020533881,0
46,Amiens,France,2.29672,49.89378,https://atlas.lisn.upsaclay.fr/sounds/Amiens.mp3,"Eche vint d'froèdure é pis ch'solé i s'accreutchoaite, èque chatchun i promettoait qu'ch'étoait li ch'pus fort, pis à un momint vlo qu'i voèyte un voèyageu qu'i s'avinche, intorsillé dins un long mintieu. I se sont intindus qu'èchti qu'arrivroait èl preume à foaire inlver sin mantieu à ch'voèyageu, a sro chtilo qu'o diroait qu'ch'est ch'pus fort. Adonc èche vint d'froèdure il o cminché à souffler tout ch'qu'i povoait, mais à plus qu'a souffloait, à plus qu'éch voèyageu i serroait ch'mantieu autour éde li, pis à l'fin des fins, èche vint il o ernonché à li foaire inlver. A ch'momint lo ch'solé il o cminché à pérouaite pis après un momint èche voèyageu l'étoait rékeufé, pis il o inlvé sin mantieu. A foait qu'èche vint d'froèdure il o té forché d'erconnoaite qu'èche solé l'étoait ch'pu fort des deux.",Homme,644.6415948857732,1412.4763099237925,11.039226557152634,83.72859000684463,0
47,Ancient Greek,EU,23.725423,37.971804,https://atlas.lisn.upsaclay.fr/sounds/Athens_Ancient_Greek.mp3,"Text by AesopeΒορέας καὶ  Ἥλιος περὶ δυνάμεως ἤριζον.  Ἔδοξε δὲ αὐτοῖς ἐκείνῳ τὴν νίκην ἀπονεῖμαι ὅς ἂν αὐτῶν ἄνθρωπον ὁδοιπόρον ἀποδύσῃ. Καὶ ὁ Βορέας ἀρξάμενος σφοδρὸς ῆν τοῦ δὲ ἀνθρώπου ἀντεχομένου τῆς ἐσθῆτος, μᾶλλον ἐπέκειτο. Ὁ δὲ ὑπὸ τοῦ ψύχους καταπονούμενος ἔτι μᾶλλον, καὶ περιττοτέραν ἐσθῆτα προσελάμϐανεν, ἕως ἀποκαμὡν (ὁ Βορέας) τῷ  Ἡλιῳ αὐτὸν παρέδωκε. Κἀκεῖνος τὸ μὲν πρῶτον μετρίως προσέλαμψε τοῦ δὲ ἀνθρώπου τὰ περισσὰ τῶν ἱματίων ἀποτιθεμένου, σφοδρότερον τὸ καῦμα ἐπέτεινεν, ἕως οῦ πρὸς τὴν ἀλέαν ἀντέχειν μὴ δυνάμενος, ἀποδυσάμενος, ποταμοῦ παραρρέοντος ἐπὶ λουτρὸν ἀπῄεί.  Ὁ λόγος δηλοῖ ὅτι πολλάκις τὸ πείθειν τοῦ βιάζεσθαι ἀνυτικώτερόν ἐστι.",Femme,591.8970641865048,609.8898618144823,18.318870636550308,67.62943874058864,0
48,Andenne,Belgique,4.994928,50.471073,https://atlas.lisn.upsaclay.fr/sounds/Andenne.mp3,"Li bîje èt l' solia s' dispètronin.n´ èt chake di zèls sot'neut qu'il èsteut l' pus fwârt. V'là qu'i vèyèt on voyadjeû rafûrlé è s' pârdèssus. ""È bin"", dijèt-i, ""l' prumî qui f'rè r'ssatchî s' pârdèssus à ç't-ome-là, on dîrè qu' c'èst li l' pus fwârt"". Adon l' bîje s'a mètu à sofler ostant qu'èle p'leut mins au d'pus qu'èle sofleut, au d'pus qui l' voyadjeû r'ssèreut s' pârdèssus autoû d' li, èt po fini, l' bîje n'a pus sayî dè lî fé r'ssatchî. Alôrs´ li solia a c'mincî à lûre èt one miète pus taurd l'ome qu'èsteut r'chandi, a r'ssatchî s' pârdèssus. Ça faît qui l' bîje a bin d'vu r'conèche qui l' solia èsteut l' pus fwârt di zèls deûs.",Homme,615.8540158974819,1184.1772837733413,10.65015742642026,82.43041067761807,0
49,Andorra la Vella,Espagne,1.523027,42.504704,https://atlas.lisn.upsaclay.fr/sounds/Andorra_la_Vella.mp3,"El vent i el sol es discutien, cada qual assegurant que ell era el més fort, quan varen veure un viatjant que s'avançava, abrigat en la seva jaqueta. Varen acordar que el que arribaria el primer a fer treure la seva jaqueta al viatjant seria mirat com el més fort. Llavòrens, el vent es va posar a bufar i a bufar de totes les seves forces, però contra més bufava, més el viatjant apretava el seu abric alrededor seu, fins a que al final, el vent va tenir que renunciar a fer-l'hi treure. Llavòrens, el sol va començar a brillar, i al cap d'un rato, el viatjant, calentat, va treure la seva jaqueta. I així doncs, el vent ha tingut que declarar que el sol era el més fort dels dos.",Homme,649.3141595691677,1336.2569947315305,7.8696440793976725,74.96901437371663,0
50,Anger,Deutschland,15.693825,47.273629,https://atlas.lisn.upsaclay.fr/sounds/Anger_Styrian.mp3,"Muaz graft ho'm d'wind und d'sun, olli zwoa ho'bm gmuad er warad da'stiakste, gach hob'm se an zuwa'kemmand'n Louta in sei roajk gsegn. Groat hom se, doutzi wos z'erst m'Louta n'roak douna dua lost, d'stiakste warad. Oft'n ho't d'Wind auheibm mit olle schind'n blos'n, owa dej meer a blos'n ho't, ollewaeuij enga umadumzi zoui'gn ho't doutzi Louta n'roak. Ernta nochi ho't da'Wind aufgeb'm iam des donna z'dua olaxln. Oft'n ho't d'sun au'gfonga z'stroiej'n und doutzi aufg'woamte Louta ho't baklua sei roajk douna dau. Hiaz ho't d'wind zua'geb'm miassn, des d'sun da'stiakste warad.",Homme,648.2494771533496,1440.4015142984358,7.797905544147844,81.89715947980835,0
51,Angers,France,-0.55,47.4667,https://atlas.lisn.upsaclay.fr/sounds/Angers.mp3,"Le vent agapi et le soulé is diguenâillaient, châqueun s'proumettant d'êt' le pus férieux, quand is n'ont vu ein voéyageux qui allait devant embourré en son mantiau. Is avont été d'assent que ceté-là qui, le promier, parfinirait à faire oûter le sieun d'mantiau ou voéyageux, s'rait étimagé coume le pus férieux. Adonc, le vent agapi s'é mins à buffer o tote sa raidine force s'ment pus i buffait pus le voéyageux sappait le sieun d'mantiau environ li et, en dargnier, le vent at renoncié à le li faire dépouiller. Adonc le soulé at coumencé à mirer et ou bout d'ein moument, le voéyageux, réchalé, at dépouillé le sieun d'mantiau. Par ainsi, le vent agapi at dû r'counaitre que l'soulé était le pus férieux des deusses.",Homme,616.0269846088275,1253.6539112914313,12.905386721423683,78.66162902121835,0
52,Annonay,Croissant,4.668657,45.24163,https://atlas.lisn.upsaclay.fr/sounds/Annonay.mp3,"La bisa e lo solelh se bigornavan, chascun assurava qu'èra lo plus fòrt. Tot par un còp veguèran un voiatjuer que s'avançava, paquetat dins son mantèl. Faguèran pacha que quelo qu'arrivariá lo promeir a lhi faire tombar lo mantèl seriá vegut coma lo plus fòrt. Alòrs la bisa se botèt a bofar de tota sa fòrça mès miuelh bofava, miuelh lo voiatjuer sarrava son mantèl autorn de ielo e a la fin la bisa renoncèt a lhi lo faire quitar. Alòrs lo solelh se botèt a brilhar e au bot d'un moment, lo voiatjuer, eschaufat, tombèt lo mantèl. Alòrs la bisa deuguèt reconeistre que lo solelh èra lo plus fòrt daus dos.",Femme,805.7768800670109,1666.2066650007723,10.165975359342916,77.70925393566051,0
53,Antibes,France,7.121324,43.542653,https://atlas.lisn.upsaclay.fr/sounds/Antibes.mp3,"Lo ventolet e lo soleu si chamalhavan, cadun segur d'estre lo plus fòrt, quora an vegut un voaiatjaire que arrivava, envologat dins sieu mantèu. Son tombats d'acòrdi qu'aqueu que seria arrivat lo premier a faire enlevar lo sieu mantèu a-n-aqueu voaiatjaire seria estat lo plus fòrt. Alora, lo ventolet s'es mes a bofar tant que podia, mès mai bofava e mai lo voaiatjaire serrava lo sieu mantèu sus l'esquina, fin tant que lo ventolet s'es arrestat e a renonçat de lo li faire enlevar. Alora, lo soleu a començat a lusir e, passat un moment, lo voaiatjaire, rescaufat, a levat lo sieu mantèu. Es coma aquò que lo ventolet a reconossut que lo soleu èra bien lo plus fòrt dei doi.",Homme,562.3817562890719,1138.5964391487307,16.527433264887065,68.88201232032854,0
54,Antwerpen,Belgique,4.413845,51.214072,https://atlas.lisn.upsaclay.fr/sounds/Antwerpen.mp3,"De zon en de wind hadde ne kier ambras over wie da't starkste was. Ze beweerde alle twie da ze 't starkste wore. Terwijl z'ont kibbele woare zage ze ne wandeler lope en die had ne brieë frak oan. Na kunne we lote zin wie da't starkste is, zei de wind. Lot ons probere om die wandeler zene frak uit te trekke. Degene die het lukt is de starkste van ons getweë. Da's goe, zei de zon. Onmiddellijk begon de wind te bloaze, a blis en a blis en a rukte on de frak, van da manneke. A liet het regene, en hagele, en a gaf al meer van zen parette. Mor hoe harder da't steurmde, en hoe kauder da't wier, de's te dicht trok da manneke zene frak toe. De wind kreeg zene frak nie uit. Na was't de zon zijnen toer. Hij wierp zijn warme stroale op de schawers van de wandeler. Het wier warmer en warmer, en da manneke, ja, ontknopte zijne frak. Toen a't nog warmer wier, zwierde hij zene frak over zen schauwers, moar, uitendelijk, ded hem die helemoal uit. De zon had dus gewonne.",Homme,784.1044382645216,1525.119071843061,11.3452977412731,81.51530458590007,0
55,Anzegem,Belgique,3.477548,50.832631,https://atlas.lisn.upsaclay.fr/sounds/Anzegem.mp3,"De noôrderwind ên de zonne waer'n an 't diskuuteer'n wiene dat er de stirksten wa van ulder sen tweên. Ip 't eienste moment kwam ter juuste ne voojeur af die gekleêd wa mee ne waerme frak. Ze kwamm'n zilder oov'reên wiene dat er van ilder sen tweên den eêst'n zoe in lukk'n da diene voojeur zinne frak zoe uitdoen om azoô te kunn'n weet'n wiene dat er de striksten zoe zin. De noôrderwind begoste teus te blaez'n uit alle foorse, maer 'oe 'arter dat ie hij blies, 'oe arter da de vojeur zinnen frak toetrok. Ip 't ênde moeste de noôrderwind het toch begêzz'n. Der achter begoste de zonne fel te straoll'n ên sebiet dr'ip trok de vojeur zinne frak uit. De noôrderwind moeste ton wel toegeev'n da de zonne de stirkst'n wa van ulder sen tweê.",Femme,525.2902167691003,548.2103841655234,11.335845311430527,82.48269678302533,0
56,Apach,Allemagne,6.3756,49.4594,https://atlas.lisn.upsaclay.fr/sounds/Apach.mp3,"De Wand vum Norden an d'Sonn hunn sech gestritt, jidderee wollt dee Stärckschte sinn. Do hunn se e Reesender gesi kommen, a säim Mantel agewéckelt. Se hunn sech geeenegt, a beschloss, datt den Éischten deen et gif fierdeg bréngen deem Mann lo säi Mantel auszedinn, dee Stärckschte wär. Dou hot de Wand vum Norden ugefaang mat aller Kraaft ze blosen, awer wat e méi geblos hot, wat de Reesender säi Mantel méi fescht ëm sech gewéckelt hot, an um Enn hot de Wand opginn ze probéien him de Mantel auszedinn. Dou hot d'Sonn ugefaang ze stralen, an no enger Weil hot de Reesender waarm kréit, an hot säi Mantel ausgedoen. Sou hot de Wand vum Norden mischten zouginn, datt d'Sonn di Stärckscht vun hinne zwee woer.",Homme,634.7215248588221,1388.075707879062,10.555058179329228,80.96134839151266,0
57,Appenzell,Suisse,9.409272,47.331198,https://atlas.lisn.upsaclay.fr/sounds/CH_Nordwind_Appenzell.mp3,"De Nòrdloft ond d Sònn — Emòòl hend de Nòrdloft ond d Sònn drom gstrette, wèè as vo baidne de Schteche seg. Do isch en Maa vebaichoo, wo en ticke Mantel aakaa hèt. Si sönd sìch ees wòòde, das dèè de Schteche seg, wo de Maa dezue brèèchi, sin Mantel uuszzüche. De Nòrdloft hèt ase fescht plòòset, wien èr grad hèt chö̀ne. Abe je mee ase plòòset hèt, deschto feschte het sìch de Maa ì sin Mantel iipackt. Denn hèt d Sònn agfange schinne ond de Maa het denannòò de Mantel uszòge. Dòò drö̀berabi het de Nòrdloft möse zuegee as d Sònn di Schteche vo baidne seg.",Homme,796.1389559612517,1429.7572640517549,9.397522245037646,81.03323750855579,0
58,arabe algérien,LNT_Afrique,3.05871,36.753765,https://atlas.lisn.upsaclay.fr/sounds/arabe_algerien.mp3,"alphabet arabe alphabet latinالرّيح و الشّمس كانوا يتخاصمواكلّ واحد منهم يقول هو الأقوىفي داك الوقت شافوا مسافر جاي ماشي و هو ملمّد في برنوسههمّال تفاهموا بلّي الاّول منهم الّي يقدر ينّحي برنوس المسافر يكون هو الأقوىالحاصل بدا الّريح ينسف و يزيد ينسف بالقّوةكلّ ما كان يزيد ينسف كلّ ما المسافر يزيد يتلمّد في برنوسهالحاصل ما بقى للرّيح غير يبطّلكي جات دالت الشّمس و بدات تبرق و تزيد تبرق و تسخن أكثر و أكثربدا المسافر يسخنويزيد يسخن حتّى نحّى برنوسههكذا ما بقى للرّيح غير يستعرف بلّي الشّمس هي الأقوىr-rīḥ u š-šǝms kānu yǝtxāṣmu, kull wāḥǝd mǝnn-hum, yqūl, huwa l-'aqwa, fi dāk l-waqt, šāf-u musāfǝr žāy, māši u huwa mlǝmmǝd fi bǝṛnūṣ-u, māl tfāhm-u, bǝlli luwwǝl mǝnn-hum lli yǝqdǝr ynǝḥḥi bǝṛnūṣ l-musāfǝr, ykūn huwa l-'aqwa, l-ḥāṣǝl, bda r-rīḥ yǝnsǝf u yzīd yǝnsǝf b-l-quwwa, kull-ma kān yzīd yǝnsǝf, kull-ma l-musāfǝr, yzīd yǝtlǝmmǝd fi bǝṛnūṣ-u, l-ḥāṣǝl, ma-bqa l-r-rīḥ, ġīr ybǝṭṭǝl, ki-žāt dālǝt š-šǝms, u bdā-t tǝbrǝq u tzīd tǝbrǝq, u tǝsxǝn 'akṯar u akṯar, bda l-musāfǝr yusxun, u yzīd yusxun, ḥǝtta nǝḥḥa bǝṛnūṣ-u, hǝkka, ma-bqa l-r-rīḥ, ġīr yǝstǝɛrǝf bǝlli š-šǝms hiya l-'aqwa.",Femme,702.4598704932749,1105.436055542013,19.922060232717318,73.60873374401095,0
59,arabe égyptien,LNT_Afrique,31.23436090659276,30.008954735588148,https://atlas.lisn.upsaclay.fr/sounds/arabe_egyptien.mp3,مرة كان الهوا والشمس بيتخانقوا على مين فيهم هو الأقوى. فلما شافوا راجل معدي بالجاكيت بتاعه، اتفقوا ان الأقوى ما بينهم، هو اللي هايقلّع الراجل الجاكيت بتاعه الأول.فجه الأول الهوا عصف بكل قوته، بس كل ما كان بيعصف، كان الراجل بيمسك أكتر في الجاكيت بتاعه، بس الهوا ماعترفش ان هو اللي خسر. بعدين الشمس طلعت، وعلى طول الحرارة بتاعتها خلت الراجل يقلع الجاكت. فالهوا اعترف ان الشمس هي الأقوى.,Homme,784.2037045220235,1452.3943713010995,22.077529089664612,53.713894592744694,0
60,arabe libanais,LNT_Asie,35.51114671359083,33.87079286864625,https://atlas.lisn.upsaclay.fr/sounds/arabe_libanais.mp3,alphabet arabe alphabet latinكانت الريح والشمس عم يتخانقو وكل واحد منن بيقول انو هوي الاقوى. لما شافو واحد مسافر عم بيقرب ملفلف بالجاكيت تبعو اتفقوا انو الاول اللي بيخلي المسافر يشلح جاكيتو بيصير هوي الاقوى. بلشت الريح تهب بكل قوتا. بس كل ما صارت تهب بقوة كل ما صار المسافر يشد الجاكيت عليه اكتر. وبالنهاية بطلت الريح تهب. بعدين بلشت الشمس تشع بكل قوتا وبعد شوي المسافر حس بالشوب وشوي شوي شلح جاكيتو. فقررت الريح انو الشمس هيي اقوى وحدة بين الاتنينKēnet rīḥ w šams ɛam yetxēna’o w kell wāḥad mennon bikul enno huwe l-’a’wa. Lamma šēfo wāḥad msēfar ɛam bi’arreb mlaflaf bel-žakāt tabaɛo ttafa’o enno l-’awal lli bixalle l-msēfar yešlaḥ žakētto biṣīr huwe l-’a’wa. Ballašet r-rīḥ thebb bi kell ‘uwetta. Bass kell ma ṣāret thebb bi’uwe kell ma ṣār l-msefar yšedd l-žakēt ɛley aktar. W bi niheye baṭṭalet r-rīḥ thebb. Baadein ballašet š-šams tšeɛ bi-kell ‘uweta w baad šwey l-msēfar ḥass bi-šob w šwey šwey šalaḥ žakētto. Fa-’arraret r-rīḥ enno šams hīye l-’a’wa beyn l-tnein.,Femme,804.6851009248963,1382.74630065539,19.62735112936345,63.44173169062286,0
61,arabe marocain (rural),LNT_Afrique,-7.448945,33.405229,https://atlas.lisn.upsaclay.fr/sounds/arabe_marocain_Oulad_Ziane.mp3,"alphabet arabealphabet latin  دابا البرد والشّمش بغاو يدّابزو باش يشوفو شكون لي صحيح واحد السّيّد جاي مكبّط عل الّبرد و شافوه هوما هوما دابا بيناتهم كيڭولو لي صحيح فينا هوّ لي غادي يحيّد ليه الكبّوط البرد هوّ لي غادي ينفخ فيه مزيان هوّ ڭد ما ينفخ فيه البرد كيجمع فالكبّوط عليه البرد ڭال انا عييت دابا الشّمش برقت و السّيّد سخن و هوّ يحيد الكبّوط يدن فالّلخّر الشّمش هيّ لي غلبتdābal-berd u š-šemš, bġāw iddābzu bāš išūfu škūn lli ṣḥīḥ, wāḥed s-seyyed žāy mkebbeṭ ɛl-l-berd, u šāfūh hūma hūma, dāba bīnāthum, ka-igūlu : lli ṣḥīḥ fīna huwwa lli ġa-iḥeyyed līh  l-kabbūṭ, l-berd huwwa lli ġādi infux fīh mezyān, huwwa gedd ma nfex fīh l-berd ka-ižmeɛ fe-l-kabbūṭ 3līh, l-berd gāl āna ɛyīt, dāba š-šemš berqet, u s-seyyed sxen, u huwwa iḥeyyed l-kabbūṭ, īdan fe-l-lexxer, š-šemš hiyya lli ġelbet.",Femme,686.286405448853,1353.2671118377523,19.232792607802875,73.6629363449692,0
62,arabe marocain (urbain),LNT_Afrique,-6.853982,34.008411,https://atlas.lisn.upsaclay.fr/sounds/arabe_marocain.mp3,"alphabet arabe alphabet latinگال ليك هادا البرد و الشمش مخاصمين, كل واحد منهوم تايگول بـلّي هو لّي صحيح على لاخر, حتى شافو واحد السّيّد مسافر, غادي و مغطّي بالكبُّوط ديالو, و تّافقو لّي يقدر يخلّيه يحْيّْد الكبّوط ديالو اللُّـوّل راه هو لّي غادي يكون صحيح, بدا البرد تايصوط بالجّهد ديالو كامل, ولاكين باشمَّا تايزيد يصوط  داك السّيّد تايزيد يشدّ الكبّوط ديالو مزيان, و فـاللّخّرْ البرد سمح باش يخلِّيه يْحيّْدو. صافي, الشمش بدات  تاتبري, واحد شوية, داك  لمسافر بدا تيجه الصهد، أو هو يحيد لكبوط ديالو هكدا لبرد عترف بلي الشمش صحيحة عليه                             gāl-līk hāda l-bǝrd u š-šǝmš mxāṣmīn, kūlla wāḥǝd mǝn-hum ta-ygūl b-ǝlli hūwa lli ṣḥīḥ ɛla lāxor, ḥǝtta šāf-u wāḥǝd s-sīyyǝd msāfǝr, ġādi u mġǝṭṭi b-l-kǝḅḅōṭ dyāl-u. u ttāfq-u ǝlli y-qḍǝṛ y-xǝllīh y-ḥǝyyǝd l-kǝḅḅōṭ dyāl-u l-lūwwǝl, rāh hūwa lli ġādi ykūn sḥīḥ. bda l-bǝrd ta-yṣōṭ b-ž-žǝhd dyāl-u kāmǝl, walākīn bāš ǝmma ta-yzīd yṣōṭ, dāk s-syyǝd ta-yzīd yšǝdd l-kǝḅḅōṭ dyāl-u mǝzyān, u f-l-lǝxxǝr, l-bǝrd smǝḥ bāš yxǝllī-h yḥǝyyd-u, ṣāfi, š-šǝmš bdā-t ta-tbri, wāḥǝd šwīya, dāk l-msāfǝr bda ta-yžī-h ṣ-ṣǝhḍ, u hūwa y-ḥǝyyǝd l-kǝḅḅōṭ dyāl-u, hākda  l-bǝrd ɛtārǝf   b-ǝlli   š-šǝmš   ṣḥīḥa   ɛlīh.",Homme,596.6207777928256,1414.385336149922,19.572628336755646,74.13783709787816,0
63,arabe palestinien,LNT_Asie,35.919596,31.94516,https://atlas.lisn.upsaclay.fr/sounds/arabe_palestinien.mp3,"alphabet arabe alphabet latinكانت الريح والشمس عم بتخانقو و كل واحد منهم بيحكي انّو هوّه الاقوى. لما شافو واحد مسافر بتقدم ملفلف بجاكيتو, اتفقو انو الاول الّي بخلّي المسافر يشلح جكيتو بيصير هوّه الاقوى. بلّشت الريح تهب بكل قوّتها. بس كلّ ماصارت اتهب بقوّة كل ماصار المسافر يشد الجكيت عليه اكتر. وبالنّهايه بطّلت الريح اتهب. بعدين, بلّشت الشمس تشعّ بكل قوّتها وبعد شوي بلّش لمسافر ايحس بالشّوب وشوي شوي شلح جكيتو. فقررت الريح انّو الشمس هيّه اقوى واحد من لتنينkānat ǝr-rīḥ we š-šams ɛam be-txāna’u wa kull wāḥad minhum b-yeḥki ‘ennu huwwe l-’a’wa. lamma šāfu wāḥad msāfer be-t’addam mlaflaf b-žakēṭo, ‘ettafa’u ‘ennu l-’awwal ‘elli be-xalli l-msāfer yešlaḥ žakēṭo, be-ṣēr huwwa l-’a’wa. ballašat ǝr-rīḥ t-hebb be-kull ‘uwwetha. bass kull ma ṣārat ǝthibb be-’uwwe, kull ma ṣār l-msāfer yished ǝl-žakēt ɛalēh ‘aktar. wa be-n-nehāye, beṭṭalat ǝr-rīḥ ǝthibb. baɛdēn, ballašat ǝš-šams tšiɛɛ bekol ‘uwwetha, wa baɛd ǝšway, ballaš le-msāfer ‘iḥes beššōb wa šway šway šalaḥ žakēṭo. fa-’arrarat ǝr-rīḥ ‘enno ǝš-šams heyye ‘a’wa wāḥad min letnēn.",Homme,711.7552875904831,1496.9922057601193,21.940082135523614,55.969801505817934,0
64,arabe syrien,LNT_Asie,36.276573,33.51372,https://atlas.lisn.upsaclay.fr/sounds/arabe_syrien.mp3,"alphabet arabe alphabet latin كانوا الريح والشمس عم يتخانقوا، وكل واحد عم يأكد أنو هو الأقوى، وقت شافوا واحد مسافر عم يمشي ولابس جاكيت اتفقوا أنو اول واحد بيخلي المسافر يشلح جاكيتو بيكون هو الأقوى. وهيك بلشت الريح تعصف بكل قوتها، و كل ما تقوى أكتر، المسافر يتمسك بالجاكيت أكتر، و بالأخير استسلمت الريح. اجا دور الشمس وبلشت تبرق وبعد شوي، المسافر بلش يشوب وشلح الجاكيت. وهيك الريح اضطرت تعترف أنو الشمس هي الأقوى.kānu rrīḥ wi ššams ɛam yitxāna'u, u kill wāḥid ɛam yi'akkid 'annu hūwa l-'a'wa, wa'ǝt šāfu wāḥid misāfir ɛam yimši u lābis žākīt, ttafa'u 'innu 'awwal wāḥid bixalli lmisāfir yišlaḥ žākītu bīkūn huwwa ǝl'a'wa, u hīk ballašit ǝrrīḥ tiɛṣof bkill 'uwwitha, u kill ma ti'wa aktar, ǝlmisāfir yitmassak bižžākīt aktar, u bi l'axīr istaslamat ǝrrīḥ, 'iža dūr ǝššamǝs, u ballišit tibru', u baɛdi šway, ǝlmisāfir ballaš yišawwib u yišlaḥ ǝžžākīt, u hīk ǝrrīḥ iḍṭarrit tiɛtirif 'annu ǝššams hīya ǝl'a'wa.",Homme,681.2484154093605,1563.0679701434194,16.498631074606433,52.96094455852156,0
65,arabe tunisien,LNT_Afrique,10.180412,36.812351,https://atlas.lisn.upsaclay.fr/sounds/arabe_tunisien.mp3,"alphabet arabe alphabet latin الشمس و الريح  قاعدين  يتعاركوا هكّاك و راوا واحد  مسافر متعدّي و ملفوف في  كبّوطه.يا خي تفاهموا على خطار الّي ينجّم  ينحّيله  كبّوطه  قبل  الاخرهو الأقوى. الريح  بدا  يهبّ  بكلّ  قوّته، قدّ ما الريح يهبّ قدّ ما المسافر يزيد  يتلفّ  في  كبّوطه.في اللاخر الريح  بطّل  وقال  زايد ما  هوش  باش  ينجّم ينحّيله  كبّوطه.ياخي الشمس  بدات  تزرق  و المسافر  بدا يسخن حتّى لين  نحّى كبّوطه وحده.  ولّى الريح مجبور باش يستعرف الّي الشمس أقوى  منّه.š-šams u r-rīḥ qāɛdīn yǝtɛārk-u, hakkāk u rā-u wāḥǝd msāfǝr mǝtɛaddi u malfūf fi kabbūt-u, yā xi tfāhm-u ɛla xṭār, ǝlli ynažžǝm yǝnaḥḥī-lu kabbūt-u qbǝl l-āxǝr huwa l-'aqwa, r-rīḥ bda yhǝbb, b-kull quwwt-u, qǝdd-ma r-rīḥ yhǝbb qǝdd-ma l-msāfǝr yzīd yǝttlaff fi kabbūt-u, fi l-lǝxxǝr, r-rīḥ baṭṭal, u qāl zāyid, ma-hūš bāš ynažžǝm ynaḥḥī-lu kabbūt-u, yā xi š-šams bdāt tuzruq, u l-msāfǝr bda yǝsxun, ḥatta līn naḥḥa kabbūt-u waḥd-u, walla r-rīḥ mažbūr, baš yǝstǝɛrǝf lli š-šams 'aqwa mǝnn-u.",Femme,681.5571466982077,1243.941872580468,19.824428473648187,67.1464681724846,0
66,araona,Bolivia,-67.95536444266354,-12.67469057110524,https://atlas.lisn.upsaclay.fr/sounds/araona.mp3,"Beni amboakata zetinae jatsanetilelajai jiketso jipa ajojikata. Tsio aise poeje donotipo, masha peso metse. Tsio eshoi peada wiawiki masha pezo aiseja ajojikata. Dipapojo benia ajojikata jowiki. Dipa batso aise ajojiponae masha pezo iñakata. Potso beni amboakata bapewe eawikibo. Dipapotso zeti ziakata. Aashiokata batso jemiwikibo. Beni amboakata bikwiziana zetia.",Homme,616.4334618024701,1002.3556153694702,25.580540725530458,84.54721423682409,1
67,arawak,AG_Guyane,-52.336977,4.83266,https://atlas.lisn.upsaclay.fr/sounds/arawak.mp3,To awaduli matho adali jajabotha alikan tatasabon turabon aji. Abayaduachibo balibonadi. Abahananatho bokoro kakhonachi. Najanin alikan rrɨbɨtɨkɨtɨng to liyaduachibo hananatho lebokoro tatasabuka. Li awaduli hajamaya tatang fudɨn mokoro. Li yaduachibo miakochibokotonuang to hananatho lebokoro abu. Awaduli ibuafudɨn. To adali da teretuayaha. Li awaduli baredua adali tatasabuka to awaduli aji.,Homme,828.2492611736653,1521.1205225120248,26.49030800821355,85.62360027378509,1
68,Arbusigny,France,6.2167,46.1,https://atlas.lisn.upsaclay.fr/sounds/Arbusigny.mp3,"La Bise pwè l'Fèleu s'disputove, shocon étant dso qu'al tè l'plè fo, quand yon viu on voyageu arvo to saro dien son manté. Y sè sont pto dacou : cé qu'va arvo l'permi à fore enlèvo l'manté u voyageu sara l'meilleu. Alo la bise s'est ptè a soflo to son su, mais ya on mais : mè l'soflove, mè l'voyageu sarove son manté uto dè lui. Sule d'soflo la bise a rnoncha a lui fore enlèvo son anté. L'fèleu, tot ireu a quminfia a brilli... brilli... O bè dè dwè, trè mnute, l'voyageu, to rsharfo, a enlèvo son manté. Dinse la bise a du rconiaitre què l'fèleu était l'plè fo dè dou.",Femme,561.4110960585184,905.058106157795,10.185085557837098,75.03419575633129,0
69,Archignat,France,2.424884,46.372345,https://atlas.lisn.upsaclay.fr/sounds/Archignat.mp3,"La bise e le solelh se disputevon, iun come l'autre dissève qu'aul ère le pus fòrt, quand elhs avon veiut un marcheur que s'avancève, plijat dins son mantiau. Elhs se meton d'acòrd que quau-la qu'arriverí le permier a faire ostar son mantiau au marcheur seie veiut come le pus fòrt. Dau còp, la bise se metèt a bofar de tote sa fòrce ; mas qu'ele bofève, pus le marcheur sarrève son mantiau autorn de se e a la fìn, la bise a renonçat a le faire ostar. Dau còp, le solelh a començat a dalar e au bot d'un moment, le marcheur reschandit a ostat son mantiau. Dau còp, la bise a dut arconeitre que le solelh ère le pus fòrt daus dos.",Femme,582.8162584119779,1048.319294509452,12.169274469541412,77.761704312115,0
70,Arconcey,France,4.455427643510632,47.22027489580331,https://atlas.lisn.upsaclay.fr/sounds/Arconcey.mp3,"Lai bise peu l'sulot s'airgôgnaint, chaiqueún v'lant éte l'pu fôrt, quant al ant vu airrivai eún trimard, enroutè dans son mantais. A sont choués d'aiccord que ctiquite que y fairot l'preumé ôtai son mantais s'rot r'gairdè c'ment l'pu fôrt. Ailors lai bise s'ost mise ai sôffiai tôt c'qu'elle pouvot, mâ pu elle sôffiot, pu l'trimard sârrot son mantais âtor de lu. Ailors l'sulot ai c'mmencé ai lûre, peu, â bout d'eún môment, l'trimard, brâment réchauffè, ai ôtai son mantais. C'ost don c'ment c'qui qu'lai bise ai du r'cônnâte que l'sulot étot l'pu fort de z'eux deux.",Femme,774.826708565011,1558.0734176618444,11.040746064339494,80.17129363449692,0
71,Ardez,Suisse,10.201751463027998,46.77539391044114,https://atlas.lisn.upsaclay.fr/sounds/CH_Nordwind_Ardez.mp3,"La bischa ed il sulai. Ün bel di s’han dispitats la bischa ed il sulai, chi dad els duos chi saja il plü ferm. Inaquella es rivà strada fond ün viandant in ün mantel chod. Els sun its daperüna cha quel chi riva da far trar oura al viandant seis mantel, saja il plü ferm. La bischa ha boffà a tuot pudair, ma plü ch’ella boffaiva e plü cha’l viandant as plajaiva in seis mantel. A la fin ha la bischa cedü. Uossa ha cumanzà il sulai a s-chodar l’ajer cun seis razs agreabels e fingià davo pac mumaint, ha il viandant trat oura seis mantel. Qua ha la bischa stuvü conceder cha’l sulai d’eira plü ferm.",Femme,801.8513744022217,1447.7924959683908,2.674243668720055,83.4673853524983,1
72,Arenys de Mar,Espagne,2.55107,41.579176,https://atlas.lisn.upsaclay.fr/sounds/Arenys_de_Mar.mp3,"El Vent Nord i el Sol estaven discutint sobre quin d'ells era el més fort quan van veure passar un viatger embolicat en el seu abric, Van acordar que qui abans aconseguís obligar el viatger a treure's l'abric seria considerat el més poderós. El Vent va bufar amb gran fúria. Però, com més bufava, més es cobria el viatger en el seu abric, per la qual cosa el Vent va renunciar al repte. Llavors el Sol va brillar en la seva màxima esplendor, i immediatament el viatger es va treure l'abric. Per tant, el Vent va haver de reconèixer la superioritat del Sol.",Femme,712.1214700846488,1312.230593646568,17.116235455167693,74.77173169062286,0
73,Arkebek,Deutschland_SH,9.25,54.16666793823242,https://atlas.lisn.upsaclay.fr/sounds/Arkebek.mp3,"Vör lange Tiet hebbt sik de Noordwind und de Sünn streen wer von de beiden wohl starker weer. Do keem een Wanderer den Weg lang, de sik een warmen Mantel antrocken harr. Se worrn sik enig, dat se den von de beiden as starker ansehn wulln, de den Wanderer dorto bringen kunn, dat he sien Mantel uttrecken muss. De Noordwind puus mit all sien Kraff, ober je düller he sik anstrengst, desto faster packt sik de Wanderer in sien Mantel in. Endlich geevt de Noordwind op. Nu warmst de Sünn de Luft mit ehre fründliche Strohlen op un 'a no kotte Tiet trock de Wanderer sien Mantel ut. Do musst de Noordwind togeben, dat de Sünn starker weer as he.",Homme,673.1781287839573,1177.9442384290064,9.9439151266256,85.03110882956878,0
74,Arle,Deutschland,7.393333333,53.61,https://atlas.lisn.upsaclay.fr/sounds/Arle.mp3,"Eenmaal streden sük Noordwind un Sünn, well van hör beid woll de Starkere weer, as en Wandersmann ankweem, de in en warm Mantel hüllt weer. Se wurren sük enig, dat de as de Starkere gelden sull, de de Wandersmann daarto bringen kunn, sien Mantel oftoleggen. De Noordwind blaas mit all sien Macht, aver je mehr he blasen dee, um so faster hüll de Wandersmann sük in sien Mantel. De Noordwind geev up. Nu warm de Sünn de Luft mit hör frünnelk Strahlen un al na en Iüttjen Ogenblick truck de Wandersmann sien Mantel ut. Do muss de Noordwind togeven, dat de Sünn de Starkere van hör beid weer.",Femme,707.2179555442257,1419.3200660616837,10.637967145790554,84.19889801505818,0
75,Arlon (Sampont),Belgique,5.700639,49.68398,https://atlas.lisn.upsaclay.fr/sounds/Arlon_Sampont.mp3,"De Waund an d' Sonn hu sech gestridden, gidfereen woult sech de staurikste waisen, wéi se ee Resender gesinn hu kommen, a sengem Mauntel gedochelt. Si hu sech eensgemeet, dat deen éischten deen et färdeg gif brengen, dat de Resender säi Mauntel ausdeet, dee wäerd als stauriksten ugesi ginn. Daun huet de Waund mat voller Kraaft ugefang ze blosen, ower méi dat hien gebloos huet, ter méi dat de Resender de Mauntel emt sech ugehalen huet, an am Enn, huet de Waund opginn. Daun huet d' Sonn ugefaang ze schéinen an no enger Zeit huet den erwauremte Resender séi Mauntel ausgedoun. Dunn huet de Waund erkenne missen dat d' Sonn déi starikste vun hinne zwee woar.",Femme,664.1828177982666,1418.7984981954178,10.283778234086242,82.25672826830937,0
76,Arlon (Udange),Belgique,5.772673,49.638318,https://atlas.lisn.upsaclay.fr/sounds/Arlon_Udange.mp3,"De Nordwaund an d' Sonn hu sech zerstridden fir ze wësse ween am stäerkste wier. Wéi se e Spadséiergänger an sengem Mantel agewéckelt erbléckst hunn, gi se sech eens, deen éischten deen dem Spadséiergänger de Mantel ausdeet soll de Gewënner sinn. De Nordwaund fängt un, ze blosen, awer wann de Waund méi kräfteg geblosen huet, huet de Spadséiergänger sech méi a säin Mantel gewéckelt. Um Enn muss de Nordwaund opginn. Du woar d' Sonn un der Rei. Si schéngt, brennt, dréift de Spadséiergänger an de Schweess bis hien de Mantel ofknäpt an ausdeet. De Nordwaund muss Stärkung vun der Sonn unerkennen.",Homme,708.837516118901,1497.1712843434698,10.283778234086242,82.25672826830937,0
77,arménien occidental,LNT_Asie,36.923999,37.576449,https://atlas.lisn.upsaclay.fr/sounds/armenien_occidental.mp3,"alphabet arménien alphabet latin Հովը եւ արեւը կը վիճէին, իւրաքանչիւրը պնդելով թէ ի՛նքն է ամենէն ուժովը։Հեռուէն տեսան, որ վերարկու հագնուած ճամբորդ մը կու գար։ Համաձայնեցան, թէ իրենցմէ ո՛րը որ յաջողի վերարկուն հանել տալ ճամբորդին, ա՛ն պիտի ըլլայ ամենէն ուժովը։Հովը սկսաւ փչել իր ամբողջ ուժովը, բայց ո՛րքան ուժով փչէր՝ ճամբորդը ա՛յնքան աւելի կը փաթթուէր իր վերարկուին։Հովը հրաժարեցաւ վերջապէս։Իր կարգին, արեւը սկսաւ շողարձակել, եւ քիչ ատեն վերջ, ճամբորդը տաքնալով, հանեց վերարկուն։Այսպէս, հովը ստիպուեցաւ ընդունիլ, թէ արեւը իրմէ աւելի ուժեղ է։Hove yev areve ge vidjeyin, urakantchure bntelov te inkn e amenen ujove. Heruen desan, vor verargu haknvadz djamport me gu kar. Hamatsaynetsan te irentsme vore vor hatchoghi verargun hanel dal djamportin, an bidi ella amenen oujove. Hove sgsav ptchel ir ampoghtch ujove, payts vorkan ujov ptcher djamporte aynkan aveli ge pattver ir verarguyin. Hove hrajaretsav vertchabes. Ir garkin areve sgsav choghartsagel yev kitch aden vertch, djamporte daknalov hanets verargun. Aysbes hove sdibvetsav entunil te areve irme aveli ujegh e.",Homme,669.218556543205,1241.483745007871,15.056406570841888,57.44811772758384,0
78,arménien occidental,EU,36.923999,37.576449,https://atlas.lisn.upsaclay.fr/sounds/armenien_occidental.mp3,"alphabet arménien alphabet latin Հովը եւ արեւը կը վիճէին, իւրաքանչիւրը պնդելով թէ ի՛նքն է ամենէն ուժովը։Հեռուէն տեսան, որ վերարկու հագնուած ճամբորդ մը կու գար։ Համաձայնեցան, թէ իրենցմէ ո՛րը որ յաջողի վերարկուն հանել տալ ճամբորդին, ա՛ն պիտի ըլլայ ամենէն ուժովը։Հովը սկսաւ փչել իր ամբողջ ուժովը, բայց ո՛րքան ուժով փչէր՝ ճամբորդը ա՛յնքան աւելի կը փաթթուէր իր վերարկուին։Հովը հրաժարեցաւ վերջապէս։Իր կարգին, արեւը սկսաւ շողարձակել, եւ քիչ ատեն վերջ, ճամբորդը տաքնալով, հանեց վերարկուն։Այսպէս, հովը ստիպուեցաւ ընդունիլ, թէ արեւը իրմէ աւելի ուժեղ է։Hove yev areve ge vidjeyin, urakantchure bntelov te inkn e amenen ujove. Heruen desan, vor verargu haknvadz djamport me gu kar. Hamatsaynetsan te irentsme vore vor hatchoghi verargun hanel dal djamportin, an bidi ella amenen oujove. Hove sgsav ptchel ir ampoghtch ujove, payts vorkan ujov ptcher djamporte aynkan aveli ge pattver ir verarguyin. Hove hrajaretsav vertchabes. Ir garkin areve sgsav choghartsagel yev kitch aden vertch, djamporte daknalov hanets verargun. Aysbes hove sdibvetsav entunil te areve irme aveli ujegh e.",Homme,669.218556543205,1241.483745007871,15.056406570841888,57.44811772758384,0
79,Aromanian,EU,23.033604,41.286341,https://atlas.lisn.upsaclay.fr/sounds/Ano_Poroia_Aromanian.mp3,"Aratsili shi Soarli s-ancãcea cari easti ma gionli. Dip atumtsea tricu un om alãxit cu un paltu gros. Apufusirã cã atsel tsi va-lu facã omlu sã-shi scoatã paltul cama ntroarã, atsel easti ma gionli. Sã sculã vimtul, Aratsili, sh-mea cara lo di suflã cu tutã putearea, ama di tsi sufla nãs ma multu, di atsea ma multu omlu ãshi astrindzea paltul pi trup. Pãnã tu soni dãnãsi Arastili. Deapoa vini aradha a Soarlui. Mea cara lo soarli s-da, unã sh-unã ãshi scoasi omlu paltul. Shi ashi vru, nu vru, Aratsili apruke cã di dolji, Soarli ari ma marea puteari.",Femme,717.5908599892823,1112.4351118364432,12.848275154004108,66.5865092402464,0
80,Arsac-en-Velay,France,3.943,44.99,https://atlas.lisn.upsaclay.fr/sounds/Arsac-en-Velay.mp3,"L'aura de bisa e lo solelh se garrejavan, chascuns afortissiá qu'èra lo mai fòrt. Tot an un còp veguèron un viatjaire que s'avançava, envertolhat dinc un mantèlh. S'acordèron qu'aquelh qu'arribariá lo promièr a levar lo mantèlh delh viajaire seriá lo mai fòrt. Adoncas, la bisa se botèt de bofar de totas sas fòrças, mès lo mai bofava, lo mai lo viatjaire se serrava son mantèlh. A la fin, la bisa s'avisèt de pas mai bofar per li dostar son mantèlh. Adoncas, lo solelh comencèt de brilhar e alh chap d'un pauc, lo viatjaire, achalorat, dostèt son mantèlh. Aquò's coma aquò que la bisa deuguèt reconéisser que lo solelh èra lo mèlhs fòrt daus dos.",Homme,697.4800347934273,1541.549141810135,9.276837782340861,78.35156741957563,0
81,Arsac-en-Velay / Arsac de Velai,Occitanie,3.943,44.99,https://atlas.lisn.upsaclay.fr/sounds/Arsac-en-Velay.mp3,"L'aura de bisa e lo solelh se garrejavan, chascuns afortissiá qu'èra lo mai fòrt. Tot an un còp veguèron un viatjaire que s'avançava, envertolhat dinc un mantèlh. S'acordèron qu'aquelh qu'arribariá lo promièr a levar lo mantèlh delh viajaire seriá lo mai fòrt. Adoncas, la bisa se botèt de bofar de totas sas fòrças, mès lo mai bofava, lo mai lo viatjaire se serrava son mantèlh. A la fin, la bisa s'avisèt de pas mai bofar per li dostar son mantèlh. Adoncas, lo solelh comencèt de brilhar e alh chap d'un pauc, lo viatjaire, achalorat, dostèt son mantèlh. Aquò's coma aquò que la bisa deuguèt reconéisser que lo solelh èra lo mèlhs fòrt daus dos.",Homme,697.4800347934273,1541.549141810135,9.276837782340861,78.35156741957563,0
82,Artiguemy,France,0.2516,43.1262,https://atlas.lisn.upsaclay.fr/sounds/Artiguemy.mp3,"Era bisa e eth sorelh que's pelejavan, cadun digant qu'èra eth mès hòrt, quan an vist un viatjador que s'avançava, enropat dens sa capula. Que's son entenuts qu'aqueth qui arrivarà eth permèr a hèr tirar era capula au viatjador serà vist coma eth mès hòrt. Alavetz era bisa s'es botada a bohar a tota fòrça ; mès bohava mès eth viatjador sarrava la capula ath d'entorn de eth e a la fin era bisa qu'a renonciat de lo hèr tirar. Alavetz eth sorelh qu'a començat a arrajar ; au cap d'un moment, eth viatjador, arrecauhat, s'es tirat era capula. E atau era bisa qu'a degut reconéisher qu'eth sorelh estava eth mès hòrt deths dus.",Femme,562.0251986964072,807.6190118492045,10.985290896646132,76.3348528405202,0
83,Arvillard,France,6.1167,45.45,https://atlas.lisn.upsaclay.fr/sounds/Arvillard.mp3,"La sezante é le salua se tegonâvan. Shâkon djéve k'ul éta le pe fo, kint ul an vyu on pérégrin ke venive in sé vortolyè dyin son mantyô. U se son akouvnyanchè ke chô ke fare le premyé défâre son mantyô u pérégrin, sare argadâ kma le pe fo. Adon, la sezanta s'é betâ a seuflâ de teute se fourche, mé, plu le seuflâve mé le pérégrin sarâve son mantyô uteur de lui é pe shanvi la sezanta a rnonchè a le lyi fâre inlèvâ. Adon le salua a kminchè a parlingâ é apré on momin le pérégrin rkinkâ a défé son mantyô é la sezante a étâ forchè de rkonyotre ke le salua éta le pe fo de lou do.",Femme,542.1797859074771,1030.4158192216682,7.299315537303216,77.13245722108145,0
84,Arville,Belgique,5.317956,50.032673,https://atlas.lisn.upsaclay.fr/sounds/Arville.mp3,"La bîje èt l' solê su toûrsint a tos momints po savèr lu ké des deus astot l' pus fwârt. In bê vî djoû arive in voyadjeu ravôtiè dins in gros paltot d' lin.ne. An l' vèyant arivè, is s' mètèt d'acwârd po dîre ki l' premî ki parvêrot a lî fè tirè s' paltot srot rconu come astant l' pus fwârt. La bîje s'è mètu a choflè du totes ses fwaces. Mês, a pus k'èle choflot, l'ome su racayutot dins s' paltot du pus a pus fwârt. Adon, la bîje è bin vèyu ki ça n' siarvot a rin du continuwè. A ç' momint la, lu solê è kmincè a lûre come an plin mwès d'awous'. L'ome è kmincè a souwè èt, bin rastchôfè, è fini pa tirè s' paltot. Après ça, bin la bîje è dvu rconuche ki l' solê astot l' pus fwârt des deus.",Femme,639.4664681404322,1243.803473720703,9.65893223819302,83.27346338124572,0
85,As Nogais,Espagne,-7.108163,42.809112,https://atlas.lisn.upsaclay.fr/sounds/As_Nogais.mp3,"O vento do norte e o sol porfiaban sobre cal deles era o máis forte, cuando cuadrou de pasar un viaxeiro envolto nunha ampla capa. Acordaron en que o que antes conseguise facerlle quita-la capa ó viaxeiro sería considerado o máis forte. O vento do norte soplou con muita furia, e canto máis soplaba máis se envolvía o viaxeiro na súa capa, Ó final o vento do norte abandonou o seu empeño. Entón o sol quentou con forza e inmediatamente o viaxeiro sacou a capa. E daquela o vento do norte tivo que reconoce-la superioridade do sol.",Femme,660.6594258920513,712.866223790754,11.571793292265571,77.33490759753593,0
86,asante twi,Africa,-1.616099,6.665062,https://atlas.lisn.upsaclay.fr/sounds/asante_twi.mp3,"Na Mframa ne Owia regye akyinnyeɛ fa wɔn mu deɛ ne ho yɛ den. ɛhɔ ara na ɔkwantuni bi a ɔde kuntu kɛseɛ bi adura ne ho bɛduruu hɔ. Wɔyɛɛ adwenekorɔ sɛ, wɔn mu deɛ ɔbɛtumi ama ɔkwantuni no ayi ne kuntu no na wɔbɛbu no sɛ ne ho yɛ den sene ne yɔnko. Afei, mframa no faa dendeenden sɛdeɛ obɛtumi biara nanso na ɔkwantuni no asɔ ne kuntu no mu atwa ne ho pampee kɔsii sɛ mframa no brɛeɛ na egyae fa. Afei, Owia nso firi aseɛ bɔɔ dendeenden. Mpofrim ara na ɔkwantuni no yii ne kuntu no. Yei nti Mframa gye too mu sɛ Owia na ne ho yɛ den wɔ wɔn baanu no ntam.",Femme,618.334346746926,907.7370909605554,25.449780971937027,83.72657768651608,1
87,Asse,Belgique,4.200569,50.909167,https://atlas.lisn.upsaclay.fr/sounds/Asse.mp3,"De nooresse wind en de zunne waren aan 't krakiel'n over wie da' de sterkste van eule getwieë was. Zjust op da moment kwamper ne passant verbaa, èn daan' aa ne werme pardessus aan. Ze kwamen overien dat daan'n dat ‘n t'iest zaa lukk'n van daane passant zenne pardessus te doen uitdoen, de sterkste zaa zijn. De nooresse wind begost dèn uit alle macht te blaz'n, maa oe etter dat daanen blaasd'n, oe dichter da daane passant zenne pardessus tegen za laaif trok, en, op 't lest, gaf de nooresse wind et op. Dernaa begost de zunne naaig te schaain'n èn daarop trok daane passant zenne pardessus uit. De nooresse windkost dèn ni anners as bekinn'n da' de zunne de sterkste van eure getwieë was.",Homme,743.7064251731167,1477.3121838416537,11.3452977412731,81.51530458590007,0
88,Athée,France,-0.95,47.883333,https://atlas.lisn.upsaclay.fr/sounds/Athee.mp3,"Le vent fre', un' sort' de brim' quaei, et l'souleil y s'en n'piquassint, s'en rousquaillaint, d'auquiun l't'es sûr qui t'es l'pus allant dé deux, quand que v'là t'y pas qui z'apercevirant un prom'neux, un' magniér' de traingne' quaei, qui v'nait ou d'vant d'yeux, ben entort' dans son grou pardessus, sa grous biâle. Si ben qui y s's'mirant d'accord là-d'ssus : que l'sien qui arriv'rait l'permie' à c'que l'traingne' y n'enlev' son grou pal'tot, eh ben y s'rait r'garde' comm' el pus costaud dé deux. Là d'ssus v'là qu'la brim' èy s'mis à souffle' tant quiè pouvait, quitte à se n'epoumonne', mé pus quiè souffiait pus que' l'traingne' y rassérait son pardessus à l'entour de li, si tant et si bin qu'au bout d'ça, l'vent fre', y vit ben qui t'ait d'la r'tourn' et y decidit de n'pu ylli fér eni've'. Là d'ssus l'souleil il c'mencit' à feurzille' d'pu en pu, et si dur que si bin qu'après queuqu'temps, eh ben l'traingne' y s'dehânnit de craint' qu'il aurait bin d'trop chaô. Ben dam' su s'coup là, la brim', ell' a bin du ercounét' que l'souleil y l'tait l'pus costaud dé deux.",Femme,584.2403534893041,892.1038115291974,12.39760438056126,80.84530458590007,0
89,Attert,Belgique,5.786409,49.750434,https://atlas.lisn.upsaclay.fr/sounds/Attert.mp3,"De Kalewaund an d' Sonn streide sich. Jideraaäen as iewerzäechent e wéier de stoaricksten vun hinen zwéin. An dier Zaït gesouche se en Räesener do kommen, augewikkelt an séngem Mauntel. Du hu se sich äensgemäet dass den éischten dien et fäerdig bréicht dem Räesener de Mauntel äuszedin, betruecht ging als de Stoaricksten. Plôzlich huet de Kalewaund ugefaang mat blosen mat elauter Gewault. Ower, wat e méi geblosen huet, wat de Maun sech méi augedrumment huet a säi Maintel. Ausgaung der Saach, as de Waund nidergaang an den Häer huet säi Mauntel behaal. Lues a lues, huet d'Sonn ugesaat mat schéingen an du mat drécken. No eingem Moment, huet de Räesener, iewerhëtzt, säi Mauntel äusgedoen. Du huet de Kalewaund mussen erkennen dass d' Sonn di staurickst war vun dien zwéin.",Femme,739.0043289067949,1521.5237136530247,9.65893223819302,83.27346338124572,0
90,Aubange,Belgique,5.804003,49.569029,https://atlas.lisn.upsaclay.fr/sounds/Aubange.mp3,"De Nordwand an d' Sonn hu sech zerstridden, fir ze wësse wien am stäerkste wier. Ewéi se da mierkten, datt e Foussgänger hinnen entgéint géif kommen, gouf fesgeluecht de stäerkste wier deejéinigen, deen dem Mann säi Mantel géif ewechrappen. De kale Wand fänkt un ze blose, mee wat hie méi bléist, wat de Mann méi staark säi Mantel festhält. Schlisslech gëtt hien d' Saach op. Du koum d' Sonn un den Tour an Si huet ugefaangen op de Mann staark ze drécken. Deem ass de Schweess ausgaangen. Hie konnt net méi an huet misse säi Mantel ausdinn. De Nordwand huet du zouginn, d' Sonn wier am stäerksten.",Homme,847.7339579118735,1659.5171664866516,10.283778234086242,82.25672826830937,0
91,Aubel,Belgique,5.862728,50.703166,https://atlas.lisn.upsaclay.fr/sounds/Aubel.mp3,"Biis of Zon - wä és de Schtärekste ? Vör dat ut te maake, woore Biis än Zon zéch ömer an et knäbele. Op ene finge Daach zooge ze va wiit énge aakoome mét ene dike Mantel aa. Schnaks zönt ze ten Akoet koome : ""Wä dä goo Maan zene Schtup utschtröpt, haat verdént än wät als Schtärekste ärkaant"". ""Éch bän draa !"", zaat de Biis schnaks än begos te blooze än te blooze, wat ze é-gene Zak hau. Mä mie ze bloos, än mie trook oze öreme Maan zéch zene Schtup öm-ge Liif än knöpde-n-em bés boove-gen Uere. Ezö haat de Biis geblooze än gehült, mä néks an te due: der Maan hiel Pool. De Biis haat mote opgääve. De Zon és du schtélekes utkoome. Wäärem és et woede, hiel wäärem än ömer wäremer - wi é-gen Häl. Der öreme Maan és der Schwéét utgebroeke än me haat néét lang hove te béje - op éémool hau e zéch zene dike Rok va-ge Liif getroke. De Troone é-gen Owe haat de Biis ääl mote tugääve, dat de Zon de Schtärekste woor.",Femme,766.0805480642861,1218.3847634691242,10.312929500342232,82.08999315537302,0
92,Aubigny-Les Clouzeaux,France,-1.510208,46.628723,https://atlas.lisn.upsaclay.fr/sounds/Aubigny.mp3,"La galérne é pi le souléll se chicougniant, chequin acachant qu'o 'tét li le pu fort. Quant le voeyirant in voeyajheùr qu'aprchét bé abriai den sés hardes. Le tunbirant d'assent pr qu'o séjhe le prmàe qui fét otàe le manteau dau voeyajheùr qu'un argarderét queme le pu fort. Dame Galérne se metit a bufàe le meù qu'a pouvét. Moén que mae ! Meù qu'a bufét, meù que le voeyajheùr se sarallét den sés hardes é a fine force la galérne araetit de veloer li faere otàe. Lae, le souléll quemencit a trlusàe, trlusàe é a n-in moument le voeyajheùr achalai otit sun manteau. De maeme la bise oghut a dire qu'o 'tét le souléll qu'atét le pu fort daus deùs.",Homme,716.1255486897363,1569.5399594338157,13.57318275154004,79.34905544147844,0
93,Augé,France,-0.2833,46.4333,https://atlas.lisn.upsaclay.fr/sounds/Auge.mp3,"Le vent d'en hàut pi le soulall se grénguenassiant pr savàe çha çhi serét le pu fort, é velat-o pa que den le chemin s'avancét ùn oume çh'étét évelopai den ùn mantea. É ma foe lés velat tunbais d'assent pr savàe çha çhi le prmàe perét faere outàe le balin avéc chi çhél oume étét abellai. Le vent d'en hàut se métit a bufàe tant que le pevét mé pu le bufét é pu l'oume sarét sen abellajhe entour de li, si bén qu'au bout d'ùn moument, vu qu'ol avét pa de résultat, l'at araetai sés bufàies. É vela que le soulall  un a yùn sortit sés réyuns si bén que l'oume éyant grand chàud outit sun mantea. Le vent d'en hàut avét prdu en laechant sa pllace de pu fort au soulall.",Femme,505.99106700917577,1221.438089998918,13.030006844626968,78.220212183436,0
94,Auray,France,-2.981389,47.668612,https://atlas.lisn.upsaclay.fr/sounds/Auray.mp3,"Trouz a oa etre an avel-viz hag an heol, an eil hag egile é lâret e oa ar c'hreñvañ anezhe o-daou, pa welezant ur boiajour é tostaat, roltet en e vantell. A-du emant savet o-daou aveit lâret e vehe ar c'hreñvañ an hani a zahe da benn a lakaat ar boiajour da denniñ e vantell. An avel-viz a grogas neuze da c'hwezhiñ gwazh-dre-wazh, hag a-vuzul ma c'hwezhe, e starde ar boiajour e vantell tro ha tro dezhoñ, hag, en achumand, an avel-viz ne glaskas ket mui er lakaat  da denniñ e vantell. Neuze e krogas an heol da bokiñ ha goude ur pennad e oa bet toemm d'ar boiajour ha eñ a dennas e vantell. Setu penaos e anzavas an avel-viz e oa an heol ar c'hreñvañ anezhe o- daou.",Homme,547.1806404656702,1077.1350584563866,13.823148528405202,82.06197125256674,0
95,Aurich,Deutschland,7.443333333,53.47805556,https://atlas.lisn.upsaclay.fr/sounds/Walle.mp3,"WalleNoordwind un Süün harren sük in d' Klatten well van hör beid woll de Starkerder weer, as en Wannersmann up Padd ankweem, de in 'n warm Mantel hüllt weer. Se wurren sük eenig, dat dejenig för de Starkerder gellen sull, de de Wannersmann dwingen dee, sien Mantel oftonehmen. De Noordwind puust mit all sien Macht, aber je mehr he puusten dee, umso faster hüllde sük de Wannersmann in sien Mantel. Endlich gaff de Noordwind up. Nu mook de Sünn mit hör frünnelk Strahlen de Luft warm un al na 'n paar Ogenblicken truck de Wannersmann sien Mantel ut. Do muss de Noordwind togeven, dat de Sünn de Starkerder van hör beid was.",Femme,551.3651546738892,642.0436294558126,10.637967145790554,84.19889801505818,0
96,Axel,Belgique,3.90823,51.266357,https://atlas.lisn.upsaclay.fr/sounds/Axel.mp3,"De Noordenwind in de zonne waorn dr over aon et bakkeleien wie an dr et sterkste was van udder tweeë. Percies op dâd ohenblik kwam dr een avonturier aonhestapt en die ao een lekkere dikke jas an. Ze kwaomn overeen da dehene die et vo mekaore kreeg om den avonturier uut zn jasse te elpen, dat da de sterksten zou bliekn. De Noordenwind behon te blaozn in te blaozn, mao oe arder die blies, oe vaster de avonturier zn jasse om zn eihen een trok en op dn duur haf de noorderwind et hewoon op. Toen behon de zonne is even zn best te doe zeg, in de avonturier dee zo hou as at die kon zn jasse uut. De noorderwind most dus wê toeheven dat de zonne van udder tweeën de sterksn was.",Femme,624.9403006763828,966.6932912416878,11.76182751540041,82.396810403833,0
97,aymara,Bolivia,-68.211468,-16.491256,https://atlas.lisn.upsaclay.fr/sounds/aymara.mp3,"Mä kutixa, khithis wali ch'amani, uka yatiñatakiw thayamp willkampiw aruskipapxäna. Ukhamaruw thakhinjam mä jaqiw wali isintat saraskäna. Ukatx akham amtaruw puripxatayna: khithiy uka jaqir isinakapx apsusiychin ukaw wali ch'amanit uñt'atanix sasaw amtapxatayna. Ukatwa, thayax wali phiñasitapuniw ch'aska thayar uñtat phust'äna. Jaqisti, thaya utjipansti, walipuniw isinakapx katuntasitayna. Ukhamaw thayax aynacht'at uñjasitayna. Ukat qhiparuxa, willkax wali ch'isi junt'u lupimpipuniw qhanxatäna. Ukhamipansti, uka thakhi saraskirix jank'akipuniw isinakapx thatharasïna. Ukhamatw willkax, thayatskipans, wali ch'amanitw uñt'ayasiwayi.",Homme,684.2351559417007,1450.4143721798773,8.081718001368925,74.3803422313484,0
98,ayoreo,Bolivia,-63.151789,-17.834946,https://atlas.lisn.upsaclay.fr/sounds/ayoreo.mp3,"Tejnuringai je aja Guede gareode udore ore chibotare ñane ome ute gosi ujetiga etotiguepise enga, uje ute gosi chise ore enga chaco cucharique dabai uje chome borapei. Enga ore catecari ñane ujetiga ute gosi chise ore enga pesu nga base gai enga ibisoc ute gosi uje chisa borapei enga etoc ute enga, emi tejnuringai pesu e enga jiepise isocade mu uje pesu e enga ute gosi uje chisapise enga tejnuringai je ijnoque etotiguei. Quigade enga Guede tocadepise iji ute nga ute gosi tõra ome borapei. Enga emi tejnuringai e chiraja uje Guede jiepise etotiguei.",Homme,512.983367945473,1374.3647596290105,24.724757015742643,65.44761122518823,0
99,Ayt Bou Oulli,Maroc,-6.603671186313428,31.60321753321304,https://atlas.lisn.upsaclay.fr/sounds/Ayt_Bou_Oulli.mp3,"ⴰⵚⵎⵎⵉⴹ ⴷ ⵜⴰⴼⵓⴽⵜ ⵏⵏⴰⵖⵏ, ⵎⴰⴷ ⴳⵉⵙⵏ ⴰ ⵉⵙⵃⴰⵏ. ⴰⵏⵏⴰⵢⵏ ⴰⵔⴳⴰⵣ ⵉⴷⴷⴰⴷ. ⴰⵔⴳⴰⵣ ⵏⵏⴰⵖ ⵉⵍⵙⴰ ⴰⵥⵏⵏⴰⵕ. ⵜⵏⵏⴰⵙ ⵜⴰⴼⵓⴽⵜ ⵎⴰⵏ ⴳⵉⴳⵏⵖ ⴰⵢⵉⴽⴽⵙⵏ ⴰⵢⵏⵔⴰⵏ... ⴰ ⵉⴽⴽⵙ ⴰⵥⵏⵏⴰⵕ ⵏⵏⴰ ⵉ ⵓⵔⴳⴰⵣ. ⴰⵚⵎⵎⵉⴹ ⴰⵔ ⵉⵜⵚⵓⴹ ⴰⵢⵍⵍⵉⵖ ⵉⵙⵖⵔ ⴰⵔⴳⴰⵣ. ⴰⵔ ⵜ ⵉⵜⵚⵓⴹ ⵓⵚⵎⵎⵉⴹ, ⴰⵢⵍⵍⵉⵖ ⵉⴽⵓⵎⵎⵛ. ⴰⵔ ⵜ ⵉⵜⵚⵓⴹ ⵓⵚⵎⵎⵉⴹ, ⴰⵢⵍⵍⵉⵖ ⵢⵓⵃⵍ ; ⵙⴰⴼⵉ ! ⵜⴽⵛⵎⴷ ⵜⴰⴼⵓⴽⵜ ⴰⵢⵍⵍⵉⵖ ⵜⵃⵎⴰ ⴱⵣⴰⴼ. ⴰⵔⴳⴰⵣ ⴰⵔ ⴷ ⵉⵜⵜⴰⴽⵯⵉ ⴰⵢⵍⵍⵉⵖⵜ ⵉⵏⵖⴰ ⵍⵄⵔⴳ. ⴰⵔⴳⴰⵣ ⵢⵓⴽⵉ ; ⵉⴳⵔ ⴰⵥⵏⵏⴰⵕ ⵙ ⴰⴼⵍⵍⴰ ⵏ ⵜⵖⵔⴰⴹ ⵏⵙ. ⵀⴰⵏⵏ ⵜⴰⴼⵓⴽⵜ ⴷⵉⵇ ⵜⵏⵔⴰ ⴰⵚⵎⵎⵉⴹ.",Femme,1317.2804443272285,1457.7666016181975,15.108001368925395,47.20797399041753,0
100,Azérables,France,1.4833,46.35,https://atlas.lisn.upsaclay.fr/sounds/Azerables.mp3,"La bise e le solelh se disputièn, chascun asseürant qu'o esteu le plus fòrt, quand ilhs avèn vist un voiageur que s'avanceu, envelopèt dins son mantèl, ilhs avèn tombèts d'acòrd que queu-qui qu'arrivereu le premier a faire ostar son mantèl au voiageur sereu reconegut come le plus fòrt. Alòr, la bise se metit a soflhar de tote sa fòrce, mès pus ele soflheu, pus le voiageur sarreu son mantèl autorn de lu, e a la fin, la bise a renoncèt a lhi faire ostar. Alòr le solelh a comencèt a brilhar, au bot d'un moment, le voiageur, reschaufèt, a ostèt son mantèl. Ansin, la bise a degut reconeistre que le solelh o esteu le pus fòrt de los deus.",Homme,609.0206413924687,1343.0046458720233,12.83693360711841,77.59906228610541,0
101,Baar,Suisse,8.523799,47.194463,https://atlas.lisn.upsaclay.fr/sounds/CH_Nordwind_Baar.mp3,"Äinisch hend de Nordwind und d Sùnne gschtritte, wèèr vo ine bäidne öppe de Schtèrcher siig. De isch en Wanderer imene waarme Mantel verbiichoo. Diä bäide hend sich gäiniget das dèè de Schtèrcher isch, wo de Wanderer dezue bringt, siin Mantel abzzie. De Nordwind het fescht afa blaase, aber je mee er plaaset het, deschto mee het de Wanderer sin Mantel zuegmacht. Bald het de Nordwind ufggää. Jetzt het d Sùnne d Luft mit irne fründliche Schtraale ufgwèrmt und scho nach churzer Ziit het de Wanderer sin Mantel abzoge. Daa het de Nordwind müesse zuegää, dass d Sùnne vo ine bäidne di Schtèrcher isch.",Femme,685.9864424558475,1472.388315233985,6.775605749486653,80.37548939082819,0
102,Baardegem,Belgique,4.141312,50.954864,https://atlas.lisn.upsaclay.fr/sounds/Baardegem.mp3,"D' aurdewindj en de zonne wôre on 't disketeere wie dat er van eele gentwiën'd d' strekste was. Zjust op doane moment kwamp er ne raaiziger af, geklidsj in nen dikke pardessi. Ze kwampen overien dat dat den doane dat 't iest zoa likke om de raaiziger zenne pardessi te loaten ooitdoen, den sterksten zoa zèn. D' naurdewind begost volle bezze te blôze, mo oe negger dat em blies, oe dichter dat de raaiziger zenne pardessi rond em trok. Op den dier gaf de naurdewind op. Nodien begost de zonne naaig te schaain'n en de raaiziger dee' direct zaaine pardessi ooit. Azoeë moest de naurdewind wel toogeven dat de zonne van elen gentwiën'd d' sterkste was!",Homme,624.2659204554978,1336.8457817165943,11.3452977412731,81.51530458590007,0
103,Bad Oldesloe,Deutschland_SH,10.366666793823242,53.81666564941406,https://atlas.lisn.upsaclay.fr/sounds/Bad_Oldesloe.mp3,"v73       v83      v84     Früher, vör lang Tiet, stritt sik Noordwind un Sünn, wer von beiden wohl de Stärkere weer, as mit eenmol een Wandersmann, de in eenen warmen Mantel gehüllt weer, det Wegs dorher keem. Se ward sik enig, dat de vör den Stärkeren gelten schall, de den Wandersmann twingen wörr, sien Mantel aftoleggen. De Noordwind bließ mit groter Macht, aber je duller he puust, umso faster hüllt sik de Wandersmann in sien Mantel rin. Toallerletzt geev de Noordwind den Kampf op. Nu warmte de Sünn de Luft mit ehren fründlichen Strahlen un al na korten Ogenblicken treck de Wandersmann sien Mantel ut. Do mütt de Noordwind togeven, dat de Sünn de Stärkere weer.     Do hebbt sik mol de Noordwind un de Sünn dat Striden kregen, keen von jüm den mehrsten Knööv harr. Jüs do keem en Wannersmann, en rech so'n dicken, warm Mantel de Weg hindool. Se ward sik eens, dat de de gröttsten Knööv harr, de de Mann dorto kriggt, dat he den Övertrecker uttreckt. Nu fangt de Noordenwind an to puusten so dull as he man eben kann, man je duller dat he puusten deit, je mehr treck de Kierl den Mantel faster an't Lief. Un nu hett de Sünn mit ehrn fründlichen Schien de Luft warm mookt. Un dat duert nich lang un de Mann teck sien Mantel ut. Do müss de Noordenwind lütt bigeben, de Sünn harr doch de grötteren Knööv.     De Sünn un de Noordenwind de seten mol wedder op ehre Bank in Stadtpark. Se harrn sik jo so'n beten anfründ. Ober hüüt, do kappelten se sik. Dat güng dorüm, wer von de beiden woll de Stärkste weer un wer den mehrsten Knööv harr. Un se kunn sik partout nich enig warrn. Un wie de Dübel dat will, keem da jüst en Wandersmann mit so'n schöön, bruun, dicken Mantel an, de keem den Weg lang. As Jungs hebbt wi to so'n Mann jo Butscher seggt. Un dor keem de beiden denn grade op de Idee, wer den Butscher dorto bringt, dat he sien Mantel uttrecken deit, de schull as de Stärkere gellen. Nu güng et blots noch darüm, wer fangt nu an? Klarer Fall für Schnick-Schnack-Schnuck. Schnick-Schnack-Schnuck kennt ji alle. Kennst dat ok? Stein, Schere, Papier. Un dorbi harr de Sünn Stein un de Noordenwind Papier. Also hett de Noordenwind gewunn, denn Papier wickelt den Steen in. Un he füng ok glieks an to puusten un puust un puust so dull, as he man kunn. Aber je mehr he puust, umso mehr fladderte den Butscher den Mantel um dat Liefwark und he hüll ornlich fast un dach gor nich daran den Mantel uttotrecken. Nach fief Minuten geev he dann op un nu weer de Sünn an de Reeg. Se lachte so fründlich un strahlte so warm von Heven, as se man kunn. Un bald lepen den Butscher de dicken Swetdropens von de Stirn. Bald harr he dann jo ok den Mantel uttrocken un de Sünn hett sik bannig högt, denn se harr de Quatsch wonn. Dat weer den Noordenwind ober gar nich nach de Mütz. He arger sik bannig und dann haal he so poor dicke, griese Wolken dran un as dat denn so ornlich von droben dool pladdern dee, do puust he dann ok noch dotwischen un de Lüüd, de schimpen över dat Schietwetter. Aber de Noordenwind, de weer nu wedder in sien Fett. Aber dat duert nich lang, denn keem de Sünn wedder rut. Un dat is jo bis hüüt ok so un dorum heet dat ja ok in dat Leed: ""Auf Regen scheint Sonne"". De Hauptsach is ja woll, dat de Menschen de Fingers von de Natur laten, denn wat do bi rut kömmt, dat seihn wi jo nu bi Corona.",Homme,819.7762998482423,1473.8214191091722,9.896228610540724,84.12956878850103,0
104,Bad Segeberg,Deutschland_SH,10.31666660308838,53.93333435058594,https://atlas.lisn.upsaclay.fr/sounds/Bad_Segeberg.mp3,"De Noordenwind un de Sünn hebbt sik eens kappelt, wokeen von de beiden wohl de meist Kraft harr. Do köm een Wandersmann en een warm Mantel vörbi. De Wind un de Sünn sünd nun öbereenkommen, dat de Starkst weer, keen de Mann dorto bring, dat de de Mantel uttreck. De Noordenwind füng nu banni' an to puusten. De Wandersmann hett sik blot sien Mantel ümmer faster üm sien Lief wickelt. Bald geev de Noordenwind op. Nu köm de Sünn un hett all'ns opwarmt. Ok de Wandersmann köm bald in't sweten un he tröck den Mantel ut. Do müss de Noordenwind insehn, dat de Sünn de Winner weer.",Femme,696.6542260363426,1160.3349737572587,9.896228610540724,84.12956878850103,0
105,Badalucco,ItaliaNord,7.845477118607955,43.91846239292489,https://atlas.lisn.upsaclay.fr/sounds/Badalucco.mp3,"I criàvan, ìn bèllu dì, a tramuntana e u sû, attezu che ün u vuréva a tütti i conti, ésse ciü forte che l'autru. Candu i àn vistu ìn pellegrìn chu vegnìva in tza, tüttu ingheugliàu intu so mantéllu. U l'aveva ìn mantéllu incollu. Sti dui ratelluzi, cuscì, i s'éan mésci d'acordiu che u ciü gagliardu u seéva stàu chéllu chu ne fusse sciurtìu a faghe levâ su mantéllu d'in collu, au pellegrin. U ventu de tramuntana, u primmu, dunca, u gh'à daitu seccu, sciusciandu forte ciü chu puréva. Ma ciü chu sciusciàva e ciü che stu pover'ommu u se seràva inte stu mantéllu, tantu che aa fin, u ventu, maschin, u l'à duvüu chittâ de sciusciâ e lasciaghe perde. U sû, alavû, u s'à faitu vê, intu ciéllu, e ellu iscì u gh'à dàu séccu a lüxe cumme tüttu e de lì a ìn pocu, stu pellegrin u stegnìva dau caudu e u s'à tràu u mantéllu. Tramuntana, dunca, a l'è staita dubrigâ a recunusce chu nu gh'éa mézzi: u sû u l'éa ben ciü gagliardu che éla.",Homme,680.2010529968378,1240.8709072886218,15.19123203285421,73.92158795345654,0
106,"Bagnères-
de-Luchon",France,0.6,42.7833,https://atlas.lisn.upsaclay.fr/sounds/Bagneres-de-Luchon.mp3,"Eth aire e 'th solelh que's pelejauen, cada un de eri assolidant qu'ère eth mès fòrt, quan viren un viatjador de qui s'aturaue, amantolat en sòn abric. Que heren un tracte : eth prumèr deths dus de qui arribarié a hèr-l'ac tirar que serié agüeitat coma 'th mès fòrt. Alavetz, eth aire que's metec a buhar tant que podié, mès mès e buhaue e mès eth viatjador l'au se trossaue laguens eth manto, tant i a que, finalaments, eth aire l'au leishèc estar. Alavetz eth solelh que comencèc a arrajar, a lúder, e ath cap d'ua estona, eth òme, arrescauhat, que's tirèc eth manto de dessús. Atau, eth aire qu'auec a reconéguer qu'eth solelh ère eth mès fòrt deths dus.",Homme,572.0423228895716,993.1390837492497,12.029260780287474,72.79540041067762,0
107,Bagnères-de-Luchon / Banhèras-de-Luishon,Occitanie,0.6,42.7833,https://atlas.lisn.upsaclay.fr/sounds/Bagneres-de-Luchon.mp3,"Eth aire e 'th solelh que's pelejauen, cada un de eri assolidant qu'ère eth mès fòrt, quan viren un viatjador de qui s'aturaue, amantolat en sòn abric. Que heren un tracte : eth prumèr deths dus de qui arribarié a hèr-l'ac tirar que serié agüeitat coma 'th mès fòrt. Alavetz, eth aire que's metec a buhar tant que podié, mès mès e buhaue e mès eth viatjador l'au se trossaue laguens eth manto, tant i a que, finalaments, eth aire l'au leishèc estar. Alavetz eth solelh que comencèc a arrajar, a lúder, e ath cap d'ua estona, eth òme, arrescauhat, que's tirèc eth manto de dessús. Atau, eth aire qu'auec a reconéguer qu'eth solelh ère eth mès fòrt deths dus.",Homme,572.0423228895716,993.1390837492497,12.029260780287474,72.79540041067762,0
108,Bagnes,Suisse,7.225142119272142,46.070217035680194,https://atlas.lisn.upsaclay.fr/sounds/CH_Nordwind_Bagnes.mp3,"A bize ë o shlouë së tseïnkanyeïn – n’ireïn inô an “Krouai du Tyeu” – kan an yu on dzoùrbouo ke së promenè ato on lordo manté né. An adon dëssidô k’o prëmye k’arriyërë a i fire otâ o manté sarë o pye yô. S’ë adon mëtu a boratâ kome n’in jamè yu, tan k’o dzoùrbouo partiye à botson. S’ë adon sarrô o manté uto da panshle. Po in foùrnein, a bize a plakô ë a dëssidô d’o lachye trantyile. Adon é shlouë a kominshlya a brelye, ë a boue d’ena vouârba, o dzoùrbouo, rëtsœudô, a dëssidô d’ôtâ o manté. Dinse, a bize a dyu rëkonyëtre k’e shlouë irë o pye yô di dou.",Homme,695.0614613035806,1212.4293922372974,1.1071731690622861,79.21754962354551,1
109,"Bailleul-
 aux-
Cornailles",France,2.443851,50.37045,https://atlas.lisn.upsaclay.fr/sounds/Bailleul-aux-Cornailles.mp3,"Él bive pi éch solé is s'questionèrent, un chacun assuré qu'il étot éch plus futeu. Au momint lo is arvè't un voyageux qu'i s'avinchot avec sin plu dsu sin dos. Is s'sont intindus insanne : échti qu'i arrivrot in prème à foère invler éch plu à chti-chi i srot ravisé conme éch plus futeu. Adon él bive é s'met à roufler éd toutes ses forches ; pu qu'al sofflot, pu il arserrot sin plu autour éd li. Él bive al o arnonché à li défliquer. Adon éch solé il o comminché à darder fort, pi au bout d'un court temps, éch voyageux, récauffé, il o artiré sin plu. Cho foait qu'él bive al o arconnu éq ch'étot éch solé qu'i étot l'plus futeu éd chés deux.",Femme,774.5201944726048,1602.2772593947084,11.130116358658453,83.84758384668037,0
110,Balsthal,Suisse,7.696889,47.315925,https://atlas.lisn.upsaclay.fr/sounds/CH_Nordwind_Balsthal.mp3,"Einisch hei sich der Noordwing und d Sùnne gschtritte, wäär vo ine beedne ächt der Schtèèrcher sig, won e Wanderer, won e waarme Mantu aagha hèt, verbii isch cho. Si sì sech einig worde, das dää der Schtèèrcher söu sii, wo der Wanderer würd zwinge si Mantu abzzie. Der Noordwing hèt mit auer Macht blooset. Aber je mee är bloost hèt, desto fèschter hèt sich der Wanderer i si Mantu ghüùt. Ändlech hèt der Noordwing si Kampf ufggää. Jetzt het d Sunne d Luft mit irne fründliche Schtraale gweermt, und scho nach es paar Augeblick hèt dr Wanderer si Mantu abzoge. Dò het der Noordwing müesse zuegää dass d Sùnne die Schtèèrcheri isch vo ine beedne.",Femme,739.3914485186617,1605.4970831230007,9.907049965776865,81.33331279945243,0
111,bambara,Africa,-8.001167685047909,12.648755589714884,https://atlas.lisn.upsaclay.fr/sounds/bambara.mp3,"fiɲɛsumajugumaba ni tile tun bɛ ɲɔgɔndan na, u bɛɛ kelen kelen hakili la ko ale de ye ŋana ye. u kɛlen ka tɛmɛsennamaa dɔ natɔ ye, ni nɛnɛminɛfini tun bˈa la, u bɛnnˈa kan ko u fila la ni min sera ka kɛ sababu ye ka tɛmɛsennamaa in ka nɛnɛduloki bɔ a la, o bˈa jira ko o tigi de ye ŋana. o la fiɲɛsumajugumaba ye cili daminɛ ni fanŋa ye walasa tɛmɛsennamaa in ka nɛnɛminɛfini ka tila a la. nka fiɲɛjuguba kɛlen ka cili daminɛ, taamaden in yˈi ka fini minɛ ni fanŋa ye walasa fiɲɛsumajugumaba kana se ka taa nˈa ye. ola, fiɲɛsumajugumaba yˈi ci, kii ci nka ama se ka taa ni tɛmɛsennamaa in ka dulokigirinma ye. o kɛlen, tile fana yˈa daminɛ . tile ye corili daminɛ, sangakunkuruni dɔrɔn taamaden yˈa ka nɛnɛdulokigirinma bɔ kˈa sabu kɛ funteni ye. ola fiɲɛsumajugumaba sɔnnˈa ma kˈa fɔ ko tile de ye ŋana ye.",Homme,532.2133252360583,671.546540913819,27.774996577686515,49.2095961670089,1
112,Banvillars,France,6.816,47.592,https://atlas.lisn.upsaclay.fr/sounds/Banvillars.mp3,"Lai bije et peus lou s'roiye se grimoinnïnt, tçhétçhun aichuraint qu'èl était l'pus foûe, tiaind qu'ès aint voétie ïn viaîdgeou que s'aivainçait, envôj'nè dains son mainté. Ès sont tchois d'aiccoûe que c'tu qu'airriv'rait lou premie è faire è rôtaie son mainté â viaîdgeou s'rait raivoétie c'ment lou pus foûe. Dâli lai bije s'ât botèe è çhôçhaie de tote sai foûeche, mains pus elle çhôçhait, pus l'viaîdgeou preussait son mainté âtouè d'lu et, en lai fïn, lai bije é r'noncie è le lu faire è rôtaie. Dâli lou soroiye é c'mencè è r'yûere, et peus, aiprés enne boussèe, lou viaîdgeou, rétchâdè, é rôtè son mainté. Dïnnai lai bije é daivu r'cognâtre que lou s'roiye était lou pus foûe des doûs.",Homme,632.4172180003737,1093.9924093798475,10.195119780971936,80.4245516769336,0
113,baoulé,Africa,-4.709041055689331,7.034615964277065,https://atlas.lisn.upsaclay.fr/sounds/baoule.mp3,"Aunngban ni Wia be sili a kplo wa. Kun wan yɛ ɔ ti kwlafuɛ nin'ɔn. Kɛ be wuun ni lika kɔfuɛ ɔ kɔ i lika'n. Aunngban louli i ayrɛ tralɛ nun. Be bue nyɔn be ti li be ɔn a nin kɛ. Nga wan sɛ ɔ jili lɛ ɔ ji i tralɛ dan likakɔfuɛ niɔn. Aunngban su fita kekle kpa liɛ su ni i fangan kwlaa. Likakɔfuɛ su trɛ i a yrɛ tralɛ dan. I a gualiɛ su Aunngban wan ma kwla'n ji man i ayrɛ tralɛ dan. Kɛ Wia tu i wun bo bɔ bo. Blɛ kun likakɔfuɛ ɔ su kpidikpidi wun. Ɔ jili i ayrɛ tralɛ dan, Aunngban se kɛ ma kwla'n man. Sangɛ Wia i yɛ ɔ kwla'n li ɔ. Be bue nyɔn Wia yɛ ɔ kwla'n li ɔ.",Homme,635.2532659381864,1239.1717228868065,26.465277207392194,77.73852156057495,1
114,Bar-sur-Aube,France,4.709177030124142,48.23359458434839,https://atlas.lisn.upsaclay.fr/sounds/Bar_sur_Aube.mp3,"Lai bise et lou soulé s'escouaint, chaicun pronmettant qu'i y'étot l' pus fort, quante i's ont vu eun voyageou qui s'aivançot, enviré dans son mantiau. I's sont airraingés pou que c'tul qui s'rot en pronmer dans le cas d'lu faire ôter son mantiau au voyageou serot brament l'pus fort. Et don, lai bise s'ost campée ai souffier de toute sai foche mas pus alle souffiot, pus lou voyageou sarrot son mantiau ailentour de lu pis ai lai fin, lai bise ai renoyé ai lu faire ôter. Et don lou soulé ai campé ai relure pis t'ai l'heure, lou voyageou, réchauffé, ai ôté son mantiau. Comme çai, lai bise ai dû recueuneute que lou soulé ètot l' pus fort dos deux.",Homme,714.5442402904304,1527.8570361631528,10.847043121149898,81.2297467488022,0
115,Bargstedt,Deutschland_SH,9.766666412353516,54.16666793823242,https://atlas.lisn.upsaclay.fr/sounds/Holtdorf.mp3,"Vör lange Tiet streen sik de Noordwind und de Sünn, wer woll von beiden de Stärkere weer, as een Wandersmann vorbi keem. De Wandersmann harr een warm Mantel an. De Wind und de Sünn enigen sich, dat dejenige, de den Wandersmann dorto bringen dee, em sien Mantel to geben, de Stärkere von beiden ween schull. De Wind bloos so dull wie he kunn, aber je schlimmer de Wind worr, umso enger trock de Wandersmann sien Mantel üm sik. De Wind kunn nu nie mehr un geev op. Nu keem de Sünn an de Reeg un mook de Luft ganz warm. Un dat duert nie lang da treck de Wandersmann sien Mantel ut. Do kunn de Wind nie anners as de Sünn to groleren, dat se de Stärkere is.",Femme,618.6229068057246,609.0852372921145,9.797809719370294,84.46609856262833,0
116,Barmstedt,Deutschland,9.766666412353516,53.78333282470703,https://atlas.lisn.upsaclay.fr/sounds/Barmstedt.mp3,"Eenst kappeln sik de Noordwind und de Sünn, wokeen von ehr wohl de Stebigere weer, as een Wannersmann, de een warm Övertrecker üm sik rüm harr, op'n Weg vörbi keem. Se wörrn sik eenig, dat de as de Stebigere gellen schull, de den Wannersmann dwingen wörr sik den Övertrecker aftonehmen. De Noordwind puust mit alle Macht, avers je duller he puus, umso faster trock de Wannersmann sien Övertrecker an sik ran. Opletzt geev de Noordwind den Kampf op. Nun möök de Sünn de Luft mit ehr fründlichen Strohlen warm un schon no'n kotten Ogenblick trock de Wannersmann sien Övertrecker ut. Do müsst de Noordwind togeben, dat de Sünn den meisten Knööv von de beiden harr.",Homme,801.3105512443855,1408.8964037242158,9.797809719370294,84.46609856262833,0
117,"Barneville-
Carteret",France,-1.785728,49.37817,https://atlas.lisn.upsaclay.fr/sounds/Carteret.mp3,"La bllase et le solé avaient du brit, chaqueun acertinaunt qu'il'tait le pus quoeuru, quaund i vîtent eun viageus qui s'acachait, enveloppé dauns sa carrrique. I tumbîtent d'accord qué le syin qui arriverait lé prémyi à li faire décapeler sa carrique oû viageus serait guetti coume le pus quoeuru. Du couop, la bllase s'est minse à soufflaer dé touote sa forche, mais pus o soufflait, pus le viageus serrait sen maunté autou dé li et à la fin, la bllase arnounchit à li faire décapeler. Du couop le solé arquemenchit à à brilli et oû bout d'eun moment, le viageus récâoffé décapelit. Du couop la bllase deut arcounaite qué le solé était le pus quoeuru des déeus.",Homme,594.4835146545273,1368.6041268124056,12.948767967145791,83.07023271731691,0
118,Bastogne,Belgique,5.715834,50.000865,https://atlas.lisn.upsaclay.fr/sounds/Bastogne.mp3,"La bîje èt lu slo su margayint todi : chake du zèls sotnot k' il astot l' pus fwart. Ou bê djoûr, vla k' arive ou rôleû, ratôrtchi dins s' paltot. Il ont fêt martchî tos lès deûs : lu ci ki parvinrot l' purmî a fé tirer s' paltot o rôleû, ça srot lu l' pus fwart. Alôrs´ la bîje s' è mètou a chofler du totes sès fwaces, mês â d' pus´ k' èle choflot, â d' pus´ ku l' rôleû sèrot s' paltot âtoûr du lu. Èt al fin, la bîje s' è duscorèdji d' lî fé tirer. Alôrs´ lu slo è cminci a lûre èt, après ou momint, lu rôleû astot si rachandi k' il è dvou rtirer s' paltot. Ça fêt k' la bîje è bin dvou rucnuche ku lu slo astot l' pus fwart du zèls deûs.",Homme,868.818988946975,1677.66744322697,9.65893223819302,83.27346338124572,0
119,Batea,Espagne,0.311443,41.093798,https://atlas.lisn.upsaclay.fr/sounds/Batea.mp3,"Un dia, de sobte, el vent de la tramuntana i el sol discutien fortament, per decidir el millor dels dos. Per atzar, veuen un viatger sense calçat i amb un abric roig passejant tranquil per un terreny. Decidiren que qui aconseguís que el senyor es tragués una capa es quedaria el cel aquella temporada. La tramuntana bufà amb moltíssimes ganes que la notessin, no obstant, com més bufava, l'home més s'abrigava, i decidí deixar-ho estar. El sol sortí al cap de res, de sobte, l'home es tragué la capa perquè s'acalorava molt, i doncs, la tramuntana confessà que era una fluixa.",Femme,717.6628017309102,1403.7318930571505,15.742847364818617,64.082340862423,0
120,"Baugé-en-
Anjou",France,-0.1045179423215282,47.542382284305056,https://atlas.lisn.upsaclay.fr/sounds/Bauge-en-Anjou.mp3,"L'vent d'galern' é l'soulé s'chicanaient; l'un coum' l'aut' i voulé ét' el pus costaud, jusqu'à c'qu'i voèy'nt ein voyageux qui v'né, empouplicané dans sa gaillér'. I's sont dits qu'çui qu'arriveré en têt' pour fér' quitter sa gaillér' au voyageux s'ré l'gangnant. Si bein qu'le vent d'galern' i s'é mis à subier pus qu'tertou's, mé pus qu'il fésé, pus qu'le voyageux i serré sa gaillér' su' li, si bein qu'pour en finir l'vent d'galern' i s'é plié. L'soulé i s'é mis à éberluer si bein qu'le voyageux, défordi, a enl'vé sa gaillér'. Si bein que l'vent d'galern' a été obligé de r'connaît'e qui qu'été l'pus fort.",Homme,564.9884624550633,1103.9508916273069,12.941184120465435,78.20437371663245,0
121,baure,Bolivia,-64.669483,-13.043276,https://atlas.lisn.upsaclay.fr/sounds/joaquiniano.mp3,"Te kabliana Shuili che te Sese veko ye ukuste te apinanube majauna wik te mayi uchuste, chóo papkapow panshi nuboboteno jermá chúpubo ye panshi formope chuupe. Veknube jenango ka te panshi ka wuyi ka resbipiku ti formope chuupe te nuboboteno majauna wik te, mayi uchuste. Ye, te sese puk ye javiko mon mayi uchuste; ye waknaba mayi che mmayi javikow, te nuboboteno mayi jawiriko ye formope chuupe, ye ka te kabliana dire ekle. Ye, te sese puk ye pash yukse mon tewo ye uchuste che ye te kapkibo te nuboboteno ye pita ti formope chuupe. Ye ti ka te kabliana shuili inubonipo ka te sese majauna wik mayi uchuste.",Homme,589.0010008452906,836.608890947818,27.969322381930183,69.39405886379193,1
122,Bautzen,Deutschland,14.425952,51.180623,https://atlas.lisn.upsaclay.fr/sounds/Bautzen_Sorbian.mp3,"Něhdy wadźeštaj so sewjerny wětřik a słónco, štó z njeju drje je sylniši, jako přińdźe runje pućowar nimo, kiž měješe ćopły kabat zwoblěkany. Dojednaštaj so na to, zo njech płaći tón jako sylniši, kotryž by pućowarja nuzował so kabat slec. Sewjerny wětřik duješe z cyłej mocu, tola čim bóle wón duješe, ćim krućišo zababi so pućowar do swojeho kabata. Skónčnje so sewjerny wětřik poda. Nětko wohrěwaše słónco powětr ze swojimi přećelnymi pruhami, a hižo po chwilce so pućowar swój kabat sleče. Tuž dyrbješe sewjerny wětřik přiznać, zo je słónco sylniše hač wón.",Femme,696.959594969891,1181.7336964379006,9.369472963723476,80.52744010951403,0
123,Bavarian,EU,13.668196,48.573549,https://atlas.lisn.upsaclay.fr/sounds/Untergriesbach.mp3,"Friara ham se da Nordwind und d Sunn gstrinn, wia a Wanderer, der in an woama Mantel ghüllt war, daherkemma is, wer vo de zwoa woi der Stärkere is Se han se einig woan, dass derjenige als Stärkerer götn werd, der en Wanderer zwingt, dass a sein Mantel obnimmt. Da Nordwind hod mid olla Macht bloßn, owa je mehr a bloßn hod, desto mehr hod se da Wanderer in sein Mantel eighüllt. Endlich hod da Nordwind sein Kampf afgem. Iaz hod d'Sonn d'Luft mid ihrane freindligen Strahlen afgwamt und scha noch a boa Augenblicke hod da Wanderer sein Mantel auszong. Do hod da Nordwind zuagem miassn, dass d Sunn vo de zwoa da Stärkere war.",Femme,721.5648232306187,1440.4298281282845,8.934045174537987,82.72696098562628,0
124,Beaucé,France,-1.1667,48.3333,https://atlas.lisn.upsaclay.fr/sounds/Beauce.mp3,"Un petit vent è l'sola se disputingn, chàcun assurangn qui të l'pu fort, quant i vurent un vëyaïgeur qui s'avancë, envloppê dans son manto. I sont tombè d'accord que le sien qui arrivrë le premier à faire enlvë son manto o vëyaïgeur i srë rgardê coum le pu fort. Alors le vent sé mis à souffië de toute sa force, mé pu i souffiê pu l'vëyaïgeur sérrë son manto alentour de li. É à la fin, é bin i rnonci à yi faire enlvë son palto. Alors le sola a coumencè à brillë è, o bout d'un moment, le vëyaïgeur, rechaoffè, a enlvè son manto è, ma fa, la bise à du rcounét que l'sola i të pu fort que lè.",Femme,651.4030676356649,1384.6582164910003,12.19435318275154,81.39572210814511,0
125,Beauraing,Belgique,4.956843,50.109468,https://atlas.lisn.upsaclay.fr/sounds/Beauraing.mp3,"Li Bîje èt l' Solia. ""Li pus fwate véci, c'est mi"", dit-st-èle li Bîje. ""T'as minti, li pus fwârt, sins manque, c'èst mi"", dit-st-i l' Solia. C'èst todi margaye inte cès deûs la : ""c' est mi"" ! ""Nonna, c' est mi"" ! ""Waî l' vî ome qui d'tchind l' tiène véla, rafûrlé dins s' camisole ! Dji wadje qui vos n' lî sårîz todi fè boudji"". ""Taîss qui siya, ca li pus fwârt, c'èst mi"" ! ""Nos vièrans bin ça"". Por on côp, vo lès la tchèyus d'acwârd. Li Bîje chofule, èt r'choflè di sès pus fwârts. Maîs rin a fè : li vî ome si ravôtîe co d'pus dins s' paltot. ""Dji m' ti va mostrè, mi !"", dit-st-i l' Solia. Vo l' la qui lût èt qui toque. I tchaufe come on feû d' fwadje. Pôve laîd vî ome ! 'L'èst mwârt di tchôd. I suwe a grossès gotes. Vitemint, i tape si capote djus. Li Solea rît. ""Dwê qu' dji n' su nin co la si flauwe"" ? Èt l' Bîje s'è va choflè pus lon.",Homme,563.325699514498,895.5689851341797,10.144277891854895,82.97253935660507,0
126,Beauvechain,Belgique,4.772623,50.7795,https://atlas.lisn.upsaclay.fr/sounds/Beauvechain.mp3,"Lë bîje èt l' solia së dëspëtîn' po acërtiner, chake a së toûr, k'ël èstot l'pës fwârt, kan ës-ont vèyu on voyadjeû k'avancîve sër zels, avou s'paltot së s' dos. Ël ont fét martchi kë l' prëmi kë rèussërot à li fé r'satchi s' pârdèssus sèreut rawaîti come lë pës fwârt. Adon, lë bîje s'a mètë a sofler, sofler ostant k'èle pléve, mins dëpës kë l'ome rëssèréve së frake. En vèyant ça, lë solia a cominci à lûre së fwârt k'one miète pës taurd, lë voyadjeû a r'tëré s' paltot. Po fënë, lë bîje a bé dèvë r'conèche kë l' solia èstot l' pës fwârt dë zèls deûs.",Homme,686.5751911714991,1333.4757490734705,11.286673511293635,80.72642710472279,0
127,Belarusian,EU,27.546001,53.906068,https://atlas.lisn.upsaclay.fr/sounds/Minsk_Belarusian.mp3,"Паўночны вецер і сонца паспрачаліся, хто з іх мацнейшы, калі яны сустрэлі падарожніка, захутанага ў цёплы плашч. Яны вырашылі, што той, хто здолее першым прымусіць падарожніка распрануцца, будзе лічыцца мацнейшым. Тады паўночны вецер падзьмуў на ўсю моц, але чым больш ён дзьмуў, тым больш падарожнік захутваўся ў свой плашч і нарэшце паўночны вецер здаўся. Тады заблішчэла сонца і сагрэла падарожніка. Ён у той жа момант зняў свой плашч. Такім чынам паўночнаму ветру прыйшлося пагадзіцца з тым, што сонца мацнейшае за яго.",Homme,768.2488427732446,1616.8616050417916,6.535811088295688,87.23528405201917,0
128,Bélis,France,-0.45,44.0667,https://atlas.lisn.upsaclay.fr/sounds/Belis.mp3,"Lo vent de bisa e lo só que's pelejavan, cadun assegurant qu'èra lo mèi hòrt. Tot d'un còp, qu'an vist un viatjador qui s'avançava, vestit deu son màntol. Que's son acordats que lo qui arribaré lo purmèr a har enlhevar lo màntol au viatjador que seré espiat com lo mèi hòrt. Lavetz, lo vent de bisa que s'es hicat a bohar de totas las soas fòrças, mes mèi e bohava, mèi lo viatjador e's sarrava lo màntol arron d'eth, e a la fin, lo vent de bisa qu'a arrenonciat de l'i har enlhevar. Lavetz, lo só qu'a començat de lusir e d'àrder, e au cap d'un moment, lo viatjador, tornat escauhat, que s'a enlhevat lo màntol. Atau, lo vent de bisa qu'a devut arreconéisher que lo só èra lo mèi hòrt deus dus.",Homme,664.7837245208269,1178.6671909772488,14.671108829568789,78.55342231348392,0
129,Belizean Creole,AG,-88.206383,17.502552,https://atlas.lisn.upsaclay.fr/sounds/Belizean_Creole.mp3,"De Nart Breez an de Sun midi talk bout who stronga, den wha travala com lang wrapup ena wan tick clath. Den deh talk bout de one who whe mek de travala tek off e clath fus, em wen be de stronga one. Den de nart breez blow hard, hard, but de hada e blo the mo de travala wrapup e clath rund a; den d nart breez stap blow hada. Den d sun statt shine wamm, wamm an right den de travala tek off e clath. Soo de nart breez sey to de sun, u da de stronga one a we two.",Femme,667.8759300193707,1143.4186956485273,27.451923340177963,80.73872005475702,1
130,berbère kabyle,LNT_Afrique,4.047724,36.714265,https://atlas.lisn.upsaclay.fr/sounds/berbere_kabyle.mp3,"Ikker umennuɣ gar usersar d yitij, yal yiwen deg-sen iqqar-as d nekk i iǧehden uagr. Akken walan yiwen iminig la d-iteddu, isburr takebbut, msefhamen : Yiwen seg neɣ ara yessiwden ad as d-ikkes takebbuṭ i yiminig nni, d netta i iǧehden ugar. Ihi, ibda uṣersar ittzuffu s tezmart-is acu kan, simal ittzuffu irennu  simal iminig izemmeḍ takebbuṭ-is, ickucbur deg-s ; taggara, yuɣal iḥbes uṣersar azuffu ibra i wawal. Dɣa ibda yiṭij aẓenzer, cwit kan akka, seg wakken d azɣal, iminig iknef deg tkebbuṭis, idegger-itt.  Dɣa aṣersar iqarr-d, iṭij i t-yugaren ljehd.",Femme,734.4719886113941,1377.2079354912553,18.143655030800822,62.50603011635866,0
131,berbère mozabite,LNT_Afrique,3.669005,32.485627,https://atlas.lisn.upsaclay.fr/sounds/berbere_mozabite.mp3,"Iggen wass, tfuyt d waḍu asemmaḍ menɣen, ač iggen yeqqar netta d azimer, d netta ad yerna, si regben iggen umsikel yus-d yireḍ abeṛnus. Mfahamen wenni ad as-t-yettes d amezwar d natta yerna. Iziɣ, yeččer waḍu yeccat s wayen i inejjem, ač tiččelt ad yewwet, amsikel-nni yetteṭṭef abeṛnus-s ikemmec ujar, wel inejjem waḍu as-t-yettes. Tus-d ddalet n tfuyt, tuli-d, ammu bessi amsikel-nni yezɣel yettes abeṛnus-s. Dinni aḍu asemmaḍ yessen, iqerr s tfuyt d nettaha terna.",Homme,706.4953578534106,1554.4432151721414,21.857323750855578,35.62767282683094,0
132,berbère rifain,LNT_Afrique,-2.942004,35.16924,https://atlas.lisn.upsaclay.fr/sounds/Nador.mp3,latin tifinaghtfuct d usmmiḍ tuɣatn tmenɣan kur iǧǧen iqqa nec iɣa idǧa ariḥeq. xak iǧǧen n rwaqt ẓin iǧǧen n waryaz yusid zi raggwaǧ ya yaḍ aserham. tfuct d usmmiḍ mssfhamen x manaya. nnan wnni izmman ad ikkes asrham i waryaz d ntta igd idǧan nican. ibda asmmiḍ ittqqes x waryaz s ǧǧehd. mermimma ittqqes asmmiḍ mermimma yāni aryaz ittmucmuf di asrham nes. ɣawremgga asmmiḍ d ntta ibdan tusid tfuct tbda tseḥemma lǧu. aryaz ibda itdded wa yusid reḥmu ikkes aserham uɛawttani msaggɛen tfuct d usmmiḍ u tfuct nna min iɛna wnniɣ ayddǧa rḥeq. asmmiḍ iɛtaref belli ntta iɣaddǧa rḥeq.  ⵜⴼⵓⵛⵜ ⴷ ⵓⵙⵎⵎⵉⴹ ⵜⵓⵖⴰⵜⵏ ⵜⵎⴻⵏⵖⴰⵏ ⴽⵓⵔ ⵉⵊⵊⴻⵏ ⵉⵇⵇⴰ ⵏⴻⵛ ⵉⵖⴰ ⵉⴷⵊⴰ ⴰⵔⵉⵃⴻⵇ. ⵅⴰⴽ ⵉⵊⵊⴻⵏ ⵏ ⵔⵡⴰⵇⵜ ⵥⵉⵏ ⵉⵊⵊⴻⵏ ⵏ ⵡⴰⵔⵢⴰⵣ ⵢⵓⵙⵉⴷ ⵣⵉ ⵔⴰⴳⴳⵡⴰⵊ ⵢⴰ ⵢⴰⴹ ⴰⵙⴻⵔⵀⴰⵎ. ⵜⴼⵓⵛⵜ ⴷ ⵓⵙⵎⵎⵉⴹ ⵎⵙⵙⴼⵀⴰⵎⴻⵏ ⵅ ⵎⴰⵏⴰⵢⴰ. ⵏⵏⴰⵏ ⵡⵏⵏⵉ ⵉⵣⵎⵎⴰⵏ ⴰⴷ ⵉⴽⴽⴻⵙ ⴰⵙⵔⵀⴰⵎ ⵉ ⵡⴰⵔⵢⴰⵣ ⴷ ⵏⵜⵜⴰ ⵉⴳⴷ ⵉⴷⵊⴰⵏ ⵏⵉⵛⴰⵏ. ⵉⴱⴷⴰ ⴰⵙⵎⵎⵉⴹ ⵉⵜⵜⵇⵇⴻⵙ ⵅ ⵡⴰⵔⵢⴰⵣ ⵙ ⵊⵊⴻⵀⴷ. ⵎⴻⵔⵎⵉⵎⵎⴰ ⵉⵜⵜⵇⵇⴻⵙ ⴰⵙⵎⵎⵉⴹ ⵎⴻⵔⵎⵉⵎⵎⴰ ⵢⴰⵏⵉ ⴰⵔⵢⴰⵣ ⵉⵜⵜⵎⵓⵛⵎⵓⴼ ⴷⵉ ⴰⵙⵔⵀⴰⵎ ⵏⴻⵙ. ⵖⴰⵡⵔⴻⵎⴳⴳⴰ ⴰⵙⵎⵎⵉⴹ ⴷ ⵏⵜⵜⴰ ⵉⴱⴷⴰⵏ ⵜⵓⵙⵉⴷ ⵜⴼⵓⵛⵜ ⵜⴱⴷⴰ ⵜⵙⴻⵃⴻⵎⵎⴰ ⵍⵊⵓ. ⴰⵔⵢⴰⵣ ⵉⴱⴷⴰ ⵉⵜⴷⴷⴻⴷ ⵡⴰ ⵢⵓⵙⵉⴷ ⵔⴻⵃⵎⵓ ⵉⴽⴽⴻⵙ ⴰⵙⴻⵔⵀⴰⵎ ⵓⵄⴰⵡⵜⵜⴰⵏⵉ ⵎⵙⴰⴳⴳⵄⴻⵏ ⵜⴼⵓⵛⵜ ⴷ ⵓⵙⵎⵎⵉⴹ ⵓ ⵜⴼⵓⵛⵜ ⵏⵏⴰ ⵎⵉⵏ ⵉⵄⵏⴰ ⵡⵏⵏⵉⵖ ⴰⵢⴷⴷⵊⴰ ⵔⵃⴻⵇ. ⴰⵙⵎⵎⵉⴹ ⵉⵄⵜⴰⵔⴻⴼ ⴱⴻⵍⵍⵉ ⵏⵜⵜⴰ ⵉⵖⴰⴷⴷⵊⴰ ⵔⵃⴻⵇ.,Homme,643.7510533087657,1320.259098897957,19.37173853524983,64.31266255989048,0
133,berbère tachelhit,LNT_Afrique,-9.6,30.433333,https://atlas.lisn.upsaclay.fr/sounds/berbere_tashlhiyt.mp3,"image tifinagh tifinagh       alphabet latin  ⴰⴹⵓ ⴷ ⵜⴰⴼⵓⴽⵜ ⵎⵎⴰⵖⵏ ⴽⵔⴰⵢⴳⴰⵜⵜ ⵢⴰⵏ ⴳⵉⵜⵜⵙⵏ ⴰⵔ ⵉⵜⵜⵉⵏⵉ ⵎⴰⵙⴷⴷ ⵏⵜⵜⴰⵏ ⴰⴷⵉⵛⵇⵇⴰⵏ. ⴽⴽⵉⵏ ⵉⵎⵉⴽⴽ ⵥⵔⵏ ⵢⴰⵏ ⵓⵔⴳⴰⵣ ⴰⵔ ⵉⴼⵜⵜⵓ ⵉⵍⵙⴰ ⴰⵀⴷⴷⵓⵏ, ⴳⵏⵏ ⵜⴰⵖⵏⵏⴰⵏⵜ ⵏⴳⵔⴰⵜⵜⵙⵏ. ⵡⴰⴷ ⵏⵏⴰ ⵉⵣⴹⴰⵔⵏ ⴰⴷ ⴰⵙ ⵉⴽⴽⵙ ⴰⵀⴷⴷⵓⵏ ⵏⵜⵜⴰⵏ ⴰⴷ ⵉⵛⵇⵇⴰⵏ. ⵉⴱⴷⵓ ⵡⴰⴹⵓ ⴰⵔ ⵉⴽⴽⴰⵜ ⵙ ⴽⵓⵍⵍⵓ ⵎⴰⴷ ⴷⴰⵔⵙ ⵉⴳⴰⵏ ⵊⵊⵀⴷ, ⵎⴰⵛⵛ ⵖⵉⴽⵏⵏⴰ ⵙ ⴰ ⵉⴽⴽⴰⵜ ⴰⵔⵏⵏ ⴱⵣⵣⴰⴼ ⵉⵣⴷⴰⵢ ⵓⵔⴳⴰⵣ ⴷ ⵓⵀⴷⴷⵓⵏ ⵏⵙ. ⵉⵕⵎⵉ ⵡⴰⴹⵓ ⵓⵔ ⵉⵣⴹⴰⵔ ⴰⴷⴰⵙⵜ ⵉⴽⴽⵙ. ⵜⴱⴷⵓ ⵜⴰⴼⵓⴽⵜ ⴰⵔ ⵜⵙⵎⵉⵔⵇⵉⵢ, ⵉⴽⴽ ⵍⵃⴰⵍ ⵉⵎⵉⴽⴽ ⵙⵉⵖ ⵉⵔⵖⴰ ⵓⵔⴳⴰⵣ ⵉⴽⴽⵙ ⴰⵀⴷⴷⵓⵏ ⵏⵙ. ⵖⵉⵏⵏ ⴰⵖ ⵉⵙⵙⵏ ⵡⴰⴹⵓ ⵉⵣⴷ ⵜⴰⴼⵓⴽⵜ ⴰⴷ ⵉⵛⵇⵇⴰⵏ. Aḍu d tafukt mmaɣn kraygatt yan gittsn ar ittini masdd nttan ad icqqan. Kkin imikk ẓrn yan urgaz ar ifttu ilsa ahddun, gnn taɣnnant ngrattsn : wad nna izḍarn ad as ikks ahddun nttan ad icqqan. Ibdu waḍu ar ikkat s kullu mad dars igan jjhd, macc ɣiknna s a ikkat arnn bzzaf izday urgaz d uhddun ns. Irmi waḍu ur izḍar adast ikks. Ṭbdu tafukt ar tsmirqiy, ikk lḥal imikk siɣ irɣa urgaz ikks ahddun ns. ɣinn aɣ issn waḍu izd tafukt ad icqqan.",Homme,696.8412022202783,1468.4358321807454,22.082087611225187,47.73527036276523,0
134,berbère tamazight,LNT_Afrique,-4.964432,31.829461,https://atlas.lisn.upsaclay.fr/sounds/berbere_tamazight.mp3,"tifinagh      alphabet latin  ⴰⵣⵡⵓ ⵉⵇⵔⴼⵏ ⴷ ⵜⴰⴼⵓⵢⵜ ⴷⴰⵢⵎⵏ ⴷⴰⵜⵏⵏⴰⵖⵏ.ⴽⵓ ⵢⵓⵡⵡⵏ ⴷⴰⵢⵜⵜⵉⵏⵉ ⵏⵜⵜⴰ ⴰⵢⴷ ⵉⵇⵙⵃⴰⵏ.ⵏⵏⵉⴴ ⴰⵏⵏⴰⵢⵏ ⵢⵓⵡⵡⵏ ⵓⵔⵢⴰⵣ ⵉⵏⵙⴰ ⵍⴽⴱⴱⵓⵟ ⵏⵏⵙⵎⵜⴰⴼⴰⵇⵏ ⵓⵏⵏⴰ ⵜⴰⵢⵓⴵⴵⵏ ⴰⴷⵉⴽⴽⵙ ⵍⴽⴱⴱⵓⵟ ⵏⵏⵙ ⴰⵢⴷ ⵉⵙⵊⴰⵀⴷⵏⵙⴰⴼⵉ, ⵉⴱⴷⴰ ⵓⵣⵡⵓ ⵉⵇⵔⴼⵏ ⴰⵔ ⵉⵚⵓⵟⵓ ⵙ ⵍⵊⴰⵀⴷ ⵏⵏⵙⵡⴰⵍⴰⵢⵏⵏⵉ, ⴽⵓ ⴷⴰⵢⵚⵓⵟⵓ, ⴽⵓⵢ ⴰⵕⵢⴰⵣ ⴷⴰⵢⵜⵣⵢⵢⴰⵔ ⵍⴽⴱⴱⵓⵟ ⵏⵏⵙ ⵖⵉⴼⵙ.ⴰⵎⴳⴳⴰⵔⵓ, ⴰⵣⵡⵓ ⵉⴴⴰ ⴱⵏⵏⴰⵇⵙ.ⵉⵡⴰ, ⵜⴰⴼⵓⵢⵜ ⵜⴱⴷⴰ ⴰⵔⵜ ⵙⴼⵉⴽⴽⵉⵜ.ⴰⵕⵢⴰⵣ ⵉⵃⵎⴰ, ⵉⴽⴽⵉⵙ ⵍⴽⴱⴱⵓⵟ ⵏⵏⵙ.ⴷⵉⵏⵏⴰⵅ, ⴰⵣⵡⵓ ⵉⵙⵙⵏ ⵉⴷ ⵜⴰⴼⵓⵢⵜ ⴰⵢⴷ ⵉⵊⵀⴰⴷⵏ.                       azwo iqerfan d tafoyt daymen deytnaɣen.ko yuwwen day-ttini netta ayd iqs ḥan.nnigh annayn yewwen oṛyaz insa lkabboṭ nnesmtafaqen onna tayodjdjen adikks lkabboṭ nnes, ayd ijahdensafi ibda ozwo iqerfan ar-iṣoṭo s lejahed nnes walaynni, ko dayṣoṭo, ko-y aṛyaz daytzeyyar lkebboṭ nnes ɣifesameggaro, azwo igha bennaqesiwa, tafoyt tebda art sfikkitaṛyaz iḥma, ikkis lkebboṭ nnesdinnakh, azwo issen id tafoyt ayd ijhaden",Femme,636.2699083782517,1148.8664063070214,15.753004791238878,43.722854209445586,0
135,Berga,Espagne,1.843537,42.101139,https://atlas.lisn.upsaclay.fr/sounds/Berga.mp3,"La tramuntana i el sol es discutien perquè volien saber quin dels dos era el més fort. De sobte, van veure un viatger que s'acostava embolicat amb una gran capa. Llavors, van decidir que el qui primer fes treure la capa al viatger seria el més fort. La tramuntana primer es va posar a bufar amb tota la seva força; però com més bufava, el viatger més s'abrigava amb la capa; per tant al final va abandonar el joc; llavors, el sol començà a brillar, i al cap d'un moment el viatger es va treure la capa, perquè tenia molta calor. Així, la tramuntana va haver d'admetre que el sol era el més fort.",Femme,786.8448416610721,1409.0712006229473,13.539493497604381,67.06679671457906,0
136,Berlare,Belgique,3.96527847253016,51.03511253999711,https://atlas.lisn.upsaclay.fr/sounds/Berlare.mp3,"Noe d'noorderwind en de zunne woaren an 't disketeren  wie dat er van ulder twiën de stàrkste was. Zjust op da moment kwamp er ne vageur oan, die een dikke frak oan ou. Ze kwampen overiën da d'n dieën die 't ist de vageur zijn frak zou doen uittrekken de stàrkste was. Noe d'noorderwind begost uit alle macht te bloazen, mar oe àrter da tsje blies, oe nàger da de vageur zijn frak toetrok.  Uitendlek gaaf d'noorderwind et op. Ten begost de zunne nààg te schijnen , en de vageur trok derekt zijn frak uit. D'noorderwind moest dus wel toegeven da de zunne van ulder twiën de stàrkste was.",Femme,691.27899835482,1520.77836942157,11.335845311430527,82.48269678302533,0
137,Berlin,Deutschland,13.403423,52.520348,https://atlas.lisn.upsaclay.fr/sounds/Berlin.mp3,"Eimal stritten sisch Nordwind und Sonne, wer von beeden der Stärkre wer, als n Wandrer, der inn warmm Mantel jehüllt war, vorbei kam. Sie wurn sisch einisch, dit derjenje der Stärkre is, der den Wandrer zwingng würde, seinn Mantel abzunehm. Der Nordwind blies mit alla Macht, aba je mehr'a blies, desto festa hüllte sisch dea Wandra in seinn Mantel. Endlich jab dea Nordwind den Kampf uff. Nu awärmte die Sonne die Luft mit ian freundlischn Strahln un' schon na' wenjen Oorenblicken zog dea Wandra sein Mantel aus. Da musste dea Nordwind zujeem, dit die Sonne von beede dea Stärkre war.",Homme,738.3755933040358,1449.2399639235896,10.523812457221082,78.88156741957563,0
138,Berlinish,EU,13.403423,52.520348,https://atlas.lisn.upsaclay.fr/sounds/Berlin.mp3,"Eimal stritten sisch Nordwind und Sonne, wer von beeden der Stärkre wer, als n Wandrer, der inn warmm Mantel jehüllt war, vorbei kam. Sie wurn sisch einisch, dit derjenje der Stärkre is, der den Wandrer zwingng würde, seinn Mantel abzunehm. Der Nordwind blies mit alla Macht, aba je mehr'a blies, desto festa hüllte sisch dea Wandra in seinn Mantel. Endlich jab dea Nordwind den Kampf uff. Nu awärmte die Sonne die Luft mit ian freundlischn Strahln un' schon na' wenjen Oorenblicken zog dea Wandra sein Mantel aus. Da musste dea Nordwind zujeem, dit die Sonne von beede dea Stärkre war.",Homme,738.3755933040358,1449.2399639235896,10.523812457221082,78.88156741957563,0
139,Bertrix,Belgique,5.253239,49.854645,https://atlas.lisn.upsaclay.fr/sounds/Bertrix.mp3,"La bîje èt l' solê estint an margaye. Tchèkin djot k' il astot l' pus fônrt. Il ont vû èn oume ki vnot dou Saurt, k' astot racamizolé dins s' vî paltot. I vont fwêre martchî assanne kë l' prëmî ki saurot lî fwêre tirer l' paltot, cë srot loû ki srot rwêtî come lë pus fônrt. La bîje va cmincer a choufler a crèver pou lî aratchî s' paltot. Més pës çk' èle chouflot, pës çkë l' oume ratchot s' paltot sër loû. Adon, la bîje è dit : ""djë n' sauro lî aratchî"". A ç' moumint la, gn è l' solê k' è ataké a tchaufer, et l' oume è sté rachandi èt è tapé vônye së paltot. Alônr la bîje è du rcouniche kë l' solê estot l' pus fônrt.",Femme,564.8924515607918,1019.0646232592774,10.144277891854895,82.97253935660507,0
140,Besse,France,6.167623,45.071264,https://atlas.lisn.upsaclay.fr/sounds/Besse.mp3,"La bisa e le sorenh se disputaven, chascun s'assurant qu'eu ère le plus fòrt, quand ilhs an vut qu'un voiatgeur s'avançava, envelopat dins son mantèl. Ilhs son tombats d'acòrd que cel qu'arrivariá le premier a faire enlevar le mantèl dau voiatgeur seriá chausit coma le plus fòrt. Alòr la bisa s'es botada a soflar de tota sa fòrça, mès plus ele soflava, plus le voiatgeur sarrava son mantèl autorn de se, e a la fin, la bisa a renonçat a le lhi faïre enlevar. Alòr le sorenh a començat a brilhar, e au bot d'un moment, le voiatgeur, eschaudat, a enlevat son mantèl. Ansin, la bisa a dut acceptar que le sorenh ère le plus fòrt daus dos.",Femme,552.4737850817777,1420.7642779643622,3.9181998631074606,78.36505817932922,1
141,Beyne-Heusay,Belgique,5.656322,50.62139,https://atlas.lisn.upsaclay.fr/sounds/Beyne-Heusay.mp3,"Li bîhe èt l' solo si disputît, chaskeun' volant fé sèpi qu'èsteût l' pus fwért. Avizant on voyèdjeû qui s'aprèpîve, èwalpé è s' mantê, l'ont toumé d'acwérd so l' fêt' qui l' ci qu'avinreût l' prumî a lî fé wèster s' mantê, sèreût loukî come èstant l' pus fwért di zèls deûs. Adon, li bîhe s'a mètou a sofler di s' pus fwért, mins pus-èle sofléve, pus l' voyèdjeû s' rafûléve è s' mantê èt discorèdjèye, li bîhe rinonca a lî fé wèster. Adon l' solo a-st-ataquer a r'lûre di tos sès rès èt bin vite, li voyèdjeû, rèstchåfé, a r'sètchî s' mantê. C'èst so c' fêt' qui l' bîhe a bin d'vou rik'nohe, qui l' solo èsteût l' pus fwért dès deûs.",Homme,583.3055526538109,1337.5412190163158,10.312929500342232,82.08999315537302,0
142,Beyssac,France,1.4,45.3667,https://atlas.lisn.upsaclay.fr/sounds/Beyssac.mp3,"Lo vent de denaut e lo solelh se brejaven, chascun afortissiant èsser lo mai fòrt, quand vigueren un "" voiatjador "" (un òme) que veniá, plejat dins un manteu. S'acorderen per dire que queu qu'arribariá lo prumier a li far tirar son manteu siriá lo mai fòrt. A queu moment, lo vent de denaut se botet de bufar a tota fòrça, mas mai bufava, mai l'òme sarrava son manteu a l'entorn de se, e a la fin, lo vent renonciet a lo li far tirar. Alaidonc, lo solelh se botet de raiar, e après un moment, l'òme, que s'era eschaurat, tiret son manteu. Aitanben, lo vent de denaut siguet ben forçat de convenir que lo solelh era lo pus fòrt daus dos.",Femme,724.4208740529559,1477.5035474097367,12.460704996577686,77.63935660506503,0
143,Bièvre,Belgique,5.01535,49.939788,https://atlas.lisn.upsaclay.fr/sounds/Bievre.mp3,"In djoû, i gn avot la bîje èt l' solê ki s' apougnint pou sawè kî çk' astot l' pus fwârt des deûs. Tout d' in cônp, i gn è passé èn oume ratortiyî dins s' tchônd paltot. I s' ont dit atèr zès ku l' prumî ki parvêrot a l' fwêre su dusbiyî srot rcounu l' pus fwârt. La bîje è bin vû k' i falot choufler pus fwârt, èt è rdoublé d' radje pou n' nin lêchî gangnî l' solê. Pus k' ça chouflot, pus k' l' oune su rascrampotot come i plot dins ses nipes. Adon, la bîje è arèté d' choufler, èt l' oume è aurdé s' paltot. A ç' moumint la, lu solê s' è mètu a loûre pou k' l' oume ûche trop tchônd èt k' i tire su paltot. Ça fwait k' la bîje è rcounu ku l' solê astot l' pus foirt du zès deûs.",Femme,656.7962148736364,1433.293732556148,10.144277891854895,82.97253935660507,0
145,Bildt,Deutschland,5.6499974,53.2666656,https://atlas.lisn.upsaclay.fr/sounds/Franeker_Bildts.mp3,"De noordewyn en de son harsensskrâbden over wie't fan hur de sterkste waar. Doe kwam d'r krekt 'n man ferbij met 'n wêrme jas om him hine. Se waren 't d'r over eens dat degene die't de ferbijganger soafeer krije sou dat-y syn jas útdoen sou de sterkste weze sou. De noordewyn begon út alle macht te blazen, maar hoe harder at-y bloes, deste dichter de ferbijganger de jas om him hine trok. Op 't lêst gâf de noordewyn 't maar op. Derna begon de son fúl te skinen en fortendaliks derna deen de ferbijganger de jas út. De noordewyn kon doe alleen maar toegeve dat de son de sterkste waar.",Homme,757.9844231226813,1552.2992248895566,11.295010266940452,84.11194387405887,0
146,Bilzen,Belgique,5.516264,50.869293,https://atlas.lisn.upsaclay.fr/sounds/Bilzen.mp3,"De baajs ên de zon worre on 't daene iëver wae van hin tweië de stêrkste wor. Zjus op dat momênt koêm doë ne reeziger vérbij mèt ne wêrme pit aon. Ze koême iëvereen dat dae wo den eiste dae reeziger z'ne pit kos doên autdoên, dat dae de stêrkste zoo zien. De baajs begos toên te bloëze zoe hêl atter kos, mê wi hêlder atter bloësde, wi kotter at de reeziger z'ne pit tiëge zich aon trok, langen lèste goêf de baajs het op. T'rnoë begos de zon heivetig te sjaajne, ên dirêk doêch de reeziger z'ne pit aut. De baajs moês dus wol taugaeve dat de zon van hin tweië de stêrkste wor.",Homme,781.9119871479303,1293.1491423850512,11.393237508555783,79.45043121149898,0
147,Biscarrosse,France,-1.162,44.3943,https://atlas.lisn.upsaclay.fr/sounds/Biscarrosse.mp3,"La bisa e lo sou que hadèn au mèi har e cadun qu'assegurèva qu'èra lo mèi gualhard, quan vedoren un viatjaire dont se hadè ençà, arremondilhat hens la soa manta. Que s'aduvèren entà díder lo purmèr dont haré tirar la soa manta au viatjaire que seré espiat tau com lo mèi gualhard. Alavetz lo vent de bisa que's hiquèt a bohar autan hòrt com podè, mès tant mèi bohèva, tant mèi lo viatjaire se sarrèva la manta suu còs e, a la hèita fin, lo vent qu'arresignèt a l'i voler har tirar. Alavetz lo sou que's botèt ad arrajar e, au cap d'ua pausa, lo viatjaire encalorit que's tirèt la manta. Lavetz lo vent de bisa que calot avir lo sou qu'èra lo mèi gualhard deus dus.",Homme,531.3236516160484,716.6278515346672,15.40047227926078,78.65607118412046,0
148,bislama,NCWFVoisin,168.318815,-17.73637,https://atlas.lisn.upsaclay.fr/sounds/bislama.mp3,"Wan kolkol win i blo afta san tu i saen. Wan man i kam pas be i kavremap hem long wan wom klos. Win mo san tufala i toktok mo tufala i kam long wan tingting, se hu lo tufala nao bae i mekem man ia bae i karemaot klos blong hem. Kolkol win ia i blo moa strong, be i luk se man ia i no karemaot klos blong hem, be i kavremap hem moa wetem wom klos blong hem, so hemi stop. Afta san i saen moa strong, afta man ia karemaot klos blong hem. Win i talem long san se ""yu, yu win. Yu, yu moa strong long mi.""",Femme,712.8805150150419,1205.143491151993,26.688316221765913,79.57894592744695,1
149,Bobbio Pellice,ItaliaNord,7.118395183887199,44.80824188610645,https://atlas.lisn.upsaclay.fr/sounds/Bobbio_Pellice.mp3,"L'aura freida e lo solelh ilh discutien un jorn sus qui d'lhi dui a fosse lo pus fòrt. Quand ilh veen passar un qu'a viatjava, envortolhat ent una pesanda mantelina. Ilh se buten alora d'acòrdi que lo prumíer d'lhi dui que fosse arribat a far chavar la mantelina a l'òm, a saria estat lo pus fòrt. L'aura i se buta a soflhar 'bo tota sa fòrça, mas mai soflhava, ent mai l'òm a s'envortolhava ent sa mantelina, tant que, a la fin, la paura aura i a laissat pèrdre. Alora lo solelh al a començat a brilhar 'bo tota sa chalor e subit, l'òm a se chava sa mantelina. Parelh, l'aura i es estat obligaa a reconóisser que lo soleh al èra pus fòrt que ili.",Femme,676.0075290093705,894.2681435789805,4.025071868583162,75.40888432580425,1
150,Böklund,Deutschland_SH,9.583333015441896,54.59999847412109,https://atlas.lisn.upsaclay.fr/sounds/Boklund.mp3,"Eenes Dages leegen sik de Wind vun Noorden und de Sunn doröver in de Hoore, wer vun se beide wo mehr Knööv harr. Bi dat keem een Wannesmann in warme Överrockvörbi. Wind und Sunn kemen övereen. De dorde sull as de mit de meiste Knööv gellen, de de Wannesmann ut de Överrock kriggt. De Wind blees vun Noorden mit groote Aggewaars, man je grandessiger he sik afmarsen dee, desto inbrünsdiger weer de Wannesmann bi und kreeg sik sien Över-Rock um't Lief. Bi't Enn geev de Wind dat Geegenanner op. Nu weer de Sunn an de Reeg und kreeg alleen mit ehr Strohlen un und ehr Wärmde de Wannesmann smeis opsteed sien Över-Rock ut. Do kunn de Wind nich annes und geven to, dat de Sunn von se beide de meiste Knööv harr.",Femme,566.3247707262441,792.5251824470606,9.89690622861054,85.5415537303217,0
151,Bollezeele,France,2.325,50.865,https://atlas.lisn.upsaclay.fr/sounds/Bollezeele.mp3,"De Noordsche wind en de zunne kwaemen in kwiste, iedereën verzeekerde dat ze de sterkste ging zyn, an ze een reizer ezien hen die toekwaem, toe-edraeien in ze mantel. Ze zyn oovereën ekommen omdat de eerste dien bekwaem ging zyn om van den reizer zyn mantel af te doen trekken ging bekeeken zyn als de sterkste. Ton, de Noordsche wind, mee ael nheur macht, het begunnen blaezen maer hoe meer als ze blaesde, hoe meer dat den reizer nhem spande in ze mantel, en op 't ende, de Noordsche wind het nheur ooveregeeven van nhem hen te doen aftrekken. Maekt, de zunne het begunnen schingen en achter een tydetje, den reizer, verwarmd, het ze mantel afetrokken. Azoo, de Noordsche wind het moeten herkunnen dat de zunne de sterkste van de tweë was.",Femme,573.3223000673112,905.7450355286586,11.692662559890486,83.74516769336071,0
152,Bonifacio,France,9.155333,41.387306,https://atlas.lisn.upsaclay.fr/sounds/Bonifacio.mp3,"A tramuntana e u sù s'impiciavunu, ognun diva ch'ira u ciü forti, quandu hanu vistu avanzzà un piligrin infasciuraiu indé u sé mantilu. Hanu scumissu che u primu chi arivava a faghi cascià u sé mantilu sarà ielu u ciü forti. Alura a tramuntana s'è missu a suffià di tüta a sé forza ma ciü suffiava e ciü u piligrin strinziva u sé mantilu e a fin a tramuntana ha lasciaiu cascà. Allura u sù a cuminzzaiu a lusgi, dopu u mumentu, riscadaiu, u piligrin ha casciaiu u mantilu. Cusci a tramuntana ha ricunisciüiu che u ciü forti de dui ira ben u sù.",Femme,616.9116191854926,1036.201311670055,18.15885694729637,73.21996577686515,0
153,Bordeaux,France,-0.5667,44.8333,https://atlas.lisn.upsaclay.fr/sounds/Bordeaux.mp3,"La bisa e lo sorelh se disputavan, se chacalhavan, un cadun assegurant qu'èra lo pus fòrt, quan van veire un viatjaire que s'avançava, envalompat dens son mantèth. Tombèren d'acòrd que lo qu'arribaré lo premèir a li far tirar son mantèth au viatjaire seré gueitat coma lo pus fòrt. Alavetz, la bisa se mit a bohar de tota sa fòrça, mès tan mei bohava, tan mei lo viatjaire sarrava son mantèth a l'entorn d'eth, e a la fin de tot, la bisa resignèt a lo li far tirar. Alavetz, lo sorelh comencèt a brilhar, e au cap d'una pausa, lo viatjaire, escalorit, se tirèt lo mantèth. Atau, la bisa discut reconéisher que lo sorelh èra lo pus fòrt daus dus.",Homme,572.28382816162,648.9582840949765,14.499158110882957,77.0792334017796,0
154,Border Scots,EU,-2.783469,55.426628,https://atlas.lisn.upsaclay.fr/sounds/Hawick_Border_Scots.mp3,"The North Wund and the Sun were argee-bargeein aboot whae   was the stronger, when a gaun-aboot body cam along hapeet up in a warm jaicket. They agreed wi yin anither that the yin whae first managed ti get the fellih ti tak off his jaicket should be thought ti be stronger than the t'other yin Then the North Wund blew as hard as hei could, but the mair hei blew the mair the gaun-aboot fellih wrapeet his jaicket around aboot umsel; and at last the North Wund gien up tryin. Then the Sun sterted ti beek doon het as owt, and straeight away the traivelin man took off his jaicket. And so the North Wund hed ti gie in and kent hei hed ti confess that the Sun was the stronger o the twae o thum.",Homme,659.2734736777406,1394.2735956055403,8.371430527036276,89.29138945927447,0
155,Borkum,Deutschland,6.6644165654513445,53.58703777355088,https://atlas.lisn.upsaclay.fr/sounds/Borkum.mp3,"Vörtieden akkerderden Noordewind un Sünne daarover, well van hör beiden wall de meiste Kracht harr jüst as ein Wandersmann de Weg langs kwamm, inmummelt in einen warmen Mantel. Noordewind un Sünne besloten, dat de as Starkere gellen sull, de de Wandersmann dwingt de Mantel uttautrecken. De Noordewind puustde allemachtig, man um so krachtiger dat tuusterde, um so faster packte de Wandersmann sük in sien warme Mantel in. Upletzt gaff de Noordewind up. Nu kwamm de Sünne an de Riege. Se warmde de Lücht fein up mit hör fründelke Strahlen, un all na ein Settje truck de Wandersmann sien Mantel ut. So muss de Noordewind taugeven, dat de Sünne de Starkere van hör beiden was.",Femme,560.225703573413,1002.9675751879068,10.881738535249829,83.91013004791239,0
156,Borsele,Belgique,3.750671,51.460395,https://atlas.lisn.upsaclay.fr/sounds/Borsele_s_Heerenhoek.mp3,"Den aoge wind en de zunne wêêre an't strieën wien a den sterksten was van ulder beiën. Juust op dat moment kwêêm der 'n reiziger an, die 'n waerme lanker an ao. Ze wiere 't sjêêns da degene dieter têêst in zou lukke om dien reiziger z'n jas uut te litten doen de sterksten zou weeze. De aoge wind begon toen bie aol zien fosse te blêêzen, mae oe arder de wind blies, oe dichter a de reiziger z'n jas om z'n lief trok. Ten eindelienge gaf de aoge wind 't op. Dirnêê begon de zunne aolle machtig te strêêlen, wir a op de reiziger subiet zien jas uuttrokt'n. Den aoge wind most dus noe we toegeve da de zunne van ulder beiën den sterksten was.",Homme,942.3131067540183,1375.8062278716234,11.76182751540041,82.396810403833,0
157,Bouillon,Belgique,5.003003,49.811787,https://atlas.lisn.upsaclay.fr/sounds/Bouillon_Poupehan.mp3,"La bîje èt l' solê s' couwatchint, tchècun chûr k'il èstot lë pës fôrt, cand is-ant vu in vwayadjeû ki s'amon.not, rafachî dins s' caban. I sant tëmé d'acôrd kë l' cî k'arivrot lë prëmî a fwêre tirer s' caban ô voyadjeû s'rot rwêtî coume èstant l' pës fôrt. Alôrs, la bîje s'è mètë a chouflé fôrt mês dè pës k'ile chouflot, pës l' voyadjeû së racafougnot dins s' caban èt, ou d'bout dou compte, la bîje è r'noncî a lî fwêre tirer. Alôrs, lë solé è c'macî a loûre èt ou d'bout d'in moumint, le voyadjeû, rèchandi, è tiré s' caban. Insi, la bîje è bin du admète k'èl solê èstot lë pës fôrt dès deûs.",Homme,728.0673299679819,1193.7418294079607,10.144277891854895,82.97253935660507,0
158,Boulieu-les-Annonay,Croissant,4.66742,45.273182,https://atlas.lisn.upsaclay.fr/sounds/Boulieu-les-Annonay.mp3,"La bisa e le solelh se gibavan, chascun afortissiá qu'èra le plus fòrt. Quand veguèran un rotlant que s'avançava, empaquetat dins son mantèl. Tombèran d'acòrd que quel qu'arrivariá le promeir a faire tombar le mantèl au rotlant seriá vegut coma le plus fòrt. Alòrs la bisa se botèt a bofar de tota sa fòrça mès plus iela bofava, plus le rotlant sarrava son mantèl autorn de iel e a la fin la bisa renoncèt a le lhi faire tombar. Alòrs le solelh comencèt a brilhar e au bot d'un moment, le rotlant, reschaufat, quitèt son mantèl. Alòrs la bisa deupèt reconeistre que le solelh èra lo plus fòrt daus dos.",Femme,546.5630870903188,459.67084704643395,11.264414784394251,76.31379192334018,0
159,Bourg-Saint-Maurice,France,6.767046,45.618278,https://atlas.lisn.upsaclay.fr/sounds/Bourg-Saint-Maurice.mp3,"Lò Sin Barnò è lò sèlu sè grén'galyévan. Tsakon voulyèye éhè lò pi fôr du du. I vèlyon poui on òmò ki vén' su leur, tò plèya din son mantèl. I tchézon d'akôr kè lò premyé k'ârva-i a fè fouiyè lò mantèl a l'òmò sa-i lò pi fôr. L'ou-a sè betè poui a sòflò. Mè le sòflòvè, mè l'òmò s'én'vòrtòlyévè din lò mantèl tak'a la fén', l'a fournèye pè rènonhyé. Adon, lò sèlu a kmincha a balyé. Apré an briva, l'òmò, ètseuydò, a fouiyèy lò mantèl. Y'é dén'chè kè l'ou-a â éhò fòrcha dè rèkònyèyhè kè lò sèlu évè lò pi fôr du du.",Femme,672.1391652932482,1135.8194687693162,3.2367967145790555,78.49237508555784,1
160,Bourganeuf,France,1.75,45.95,https://atlas.lisn.upsaclay.fr/sounds/Bourganeuf.mp3,"Lo vent dau nòrd e lo solelh se brejavan, chascun disent qu'eu era lo pus fòrt, quand vegueten un voiatjor que s'avançava, plejat dins son manteu. Futeten de consent que 'queu-qui que 'ribariá le prumier a far posar son manteu au voiatjor seriá visat coma lo pus fòrt. Laidonc, lo vent se metet a bufar coma un buòu, mas mai eu bufava, mai lo voiatjor sarrava son manteu subre se, e a la fin, lo vent renonçet a lo li far enlevar. Per lòrs, lo solelh comencet a esraiar e au bot d'un moment, le voiatjor, eschaurat enlevet son manteu. E qu'es de mesme que lo vent deguet admetre que lo solelh era lo pus fòrt de ilhs dos.",Femme,602.6921833694302,1389.1593069588448,11.309767282683094,79.20607802874744,0
161,Bozen,Italia,11.354612,46.498143,https://atlas.lisn.upsaclay.fr/sounds/Bozen.mp3,"Der Wind und die Sun hobn gschritten und jeder hot behauptet er isch der Störkste, wenn sie an Wonderer mit seinem Montel gsehen hobn. Sie woren einverstonden, dass der erste der in Wonderer dorzua gebrocht het in Montel ozuziagen, der Störkste isch. Der Wind hot angfongen volle zu gean ober umso mehr er gongen isch umso mehr hot sich dor Wonderer in Montel enger ongezogen und zum Schluss hot der Wind aufgeben. Donn hot die Sun ungfongen olm mehr hoass zu scheinen und als dor Wonderer richtig hoaß kop hot, hot er sich in Montel ogezogn. Dor Nordwind hot miasst zuagebn, dass die Sun der Störkere isch.",Homme,556.7774573986612,536.3303425220154,4.712676249144422,79.87124572210814,1
162,Braunschweig,Deutschland,10.519633522050627,52.26867461232263,https://atlas.lisn.upsaclay.fr/sounds/Braunschweig.mp3,"Eines Dages häbbet sik Norden Wind un Sönne estretten. Se wärren sik uneins darober, wer von jüm tweibeiden de Stärkere wärre. Da kam en Wanderer den Weg lang. Hei härre en dicken Mantel an. Nu einigen sik Norden Wind un Sönne: Wer et schaffe, dat de Wanderer sienen Matel üttrecke, schölle de Stärkere wesen. Norden Wind füng an. Hei püste mit alle Kraft un püste un püste mit alle Gewalt. Aber, je duller dat hei püste, desto duller wickele sik de Wanderer in sienen Mantel in. Nah ne Wiele höre hei up. Nü de Sönne. Mit öhre fründliche Strahlerie warme se de Luft mehr un mehr. All nah korte Tied trecke de Wanderer sienen Mantel üt. Da mösste Norden Wind taugeben, dat de Sönne de Stärkere von jüm tweibeiden wärre.",Femme,626.0159944727668,1460.7033740293423,10.352381930184805,80.52074606433949,0
163,Bredstedt,Deutschland_SH,8.966666221618652,54.61666488647461,https://atlas.lisn.upsaclay.fr/sounds/Bredstedt.mp3,"Is lang her, do streden sik Noordwind und Sünn, wer von se beiden de meiste Knööv harr. Do keem een Wanderer vörbi, de harr een warme Mantel an. Gau worrn se sik eini, dat de an meisten Knööv harr, de de Wanderer zwingen kunn, sien Mantel uttotrecken. De Noordwind puust, so dull as dat ging, man de Wanderer trock blos sien Mantel faster an sik. Na 'n Tiet geev de Noordwind op. Nu warmt de Sunn de Luft mit fründliche Strahlen und bi'n Lütten, trock de Wanderer sien Mantel ut. Nu muss de Noordwind togeben, dat de Sünn von se beiden de meiste Knööv harr.",Femme,709.1829197160838,1204.2838609879036,10.245530458590006,85.69598220396989,0
164,Breinermoor,Deutschland_OF,7.501666667,53.19472222,https://atlas.lisn.upsaclay.fr/sounds/Breinermoor.mp3,"Fröher streden Noordwind un Sünn, well van de beiden wall de starkere weer, as en Wannersmann, de en warm Mantel anharr, de Padd andaal kwamm. Se wurren sük enig, dat de de Starkste wesen sull, de de Wannersmann dwingen kunn, sien Mantel uttotrecken. De Noordwind puusde mit all sien Gewalt, man so feller he puusde, so faster mummelde de Wannersmann sük in sien Mantel in. Uplest gaff de Noordwind up. Nu warmde de Sünn de Lucht mit hör frünnelk Strahlen up, un na en kört Settje truck de Wannersmann sien Mantel ut. Daar muss de Noordwind togeven, dat de Sünn van hör beiden de Starkere was.",Homme,858.2777257630473,1576.3967724724573,10.469390828199863,83.95501711156741,0
165,Breitenau,France,7.2928,48.3275,https://atlas.lisn.upsaclay.fr/sounds/Breitenau.mp3,"Lè bihhe et lo slo sé chicanisan', chaikïn d'hi qu'il éti lo pu fouot, quand ils an veu ïn wouèyègeux qué s'èvanci, sorrè dans so manté. I sè san ècoudè qué lo su qu'erriv'ré lo peurmé è fâre rôtè so manté au wouèyègeux s'ré r'wouéti comme lo pu fouot. Népré, lè bihhe s'è mottè è soffiè fouot, mâs copu qu'è soffyi, copu qu'lo wouèyègeux sorri z'ôre so manté è lè rand dé lu. È lè fin, lè bihhe è hôtè d'chingi è lo lu fâre rôtè. Népré lo slo è r'kmensi è r'leure et au bout d'ïn moment, lo wouèyègeux, rèhhauhhi, è rôtè so manté. Dînan, lè bihhe è du èrk'nohhe què lo slo éti lo pu fouot di douss.",Homme,578.7006119919213,1117.1430409088316,11.28151266255989,77.60385352498288,0
166,Bremen,Deutschland,8.837879084478999,53.075997503866326,https://atlas.lisn.upsaclay.fr/sounds/Bremen.mp3,"Vör lange Tiet harrn sik de Noordwind un de Sünn bannig in‘e Plünnen doröver, wokeen woll de mehrste Starkde un Knööv optowiesen harr. Nu begeev sik dat, dat jüst in de Tiet en Tippelbro‘er unnerwengs weer, fein inpackt in en warm' Mannel. De beiden Striethammels kunnen sik enig warrn, dat de, de den Tippelbro‘er dorto kriggt, sien' Mannel aftoleggen, dat de as de Winner gellen schall. De Noordwind puust un puust! Man so dull as he ok an‘n Puusten weer - de Tippelbro'er mummel sik noch faster in sien' Mannel in. Oplest geev de Noordwind op; sien' Knööv harr nalaten. Un nu keem de Sünn vör Dag mit ehre hellüchten Strahlen un Warmde. Avers wat weer dat? De Tippelbro'er trock nu sien' Mannel ut! Wat bleev den Noordwind över; he moss togeven un ingestahn, dat de Sünn nu doch wunnen harr mit ehre grote Starkde un Warmde.",Femme,557.1887966815674,923.8074183227052,10.297898699520875,83.78291581108829,0
167,Bricquebec-en-Cotentin,France,-1.6333,49.4667,https://atlas.lisn.upsaclay.fr/sounds/Bricquebec-en-Cotentin.mp3,"Le vent d'amount et le solé se capuchaient, chaqueun assuraunt qu'il 'tait le pus roguu, mais qu'i vîtent eun viageus qui s'accachait, anichi dauns sen maunté. I se mîntent d'accord qué le syin qui serait dauns le câs le prémyi de faire décapelaer sen manté oû viageus serait assuraé coumé le pus fort. Alors le vent d'amount s'est mins à soufflli de touote sa forche mais pus qu'i souffllit, pus que le viageus serrait sen maunté âotou de li et à fène forche dé chenna, le vent d'amount renounchit à li faire enlevaer.Alors le solé quemenchit à brilli et, byintôt, le viageus, récâoffaé, ôtit sen maunté. Ainchin, le vent d'amount fut oblligi d'arcounaîte qué le solé était le pus fort des déeus.",Homme,591.2118394460109,1279.8697229664242,12.948767967145791,83.07023271731691,0
168,Brixen,Italia,11.656808,46.71328,https://atlas.lisn.upsaclay.fr/sounds/Brixen.mp3,"Do Wind und die Sunne hoben sich gschtritten und jeder hot gemoant, er isch do stärkschte. Ols se an okomischen Tourischt in an Montl gsochen hoben, worn se sich sicher, dass der, der in Tourischt ùberredet, sein Montl auszuziachn, de stärkschte isch. Nor hot do Wind stark unkep zu wahnen, obe je mehr er wahnte, deschto feschter hot de Tourischt in Montl zuagezochn und do Wind hot aufgeben und hot ihn lossen in Montl ausenziachn. Nor hot die Sunne unkep zu scheinen und noch a Waile hot to Tourist unkep in Montl auszuziachn, weil- s n zi worm wor. Do Nordwind hot so erkonnt, dass die Sunn die stärkere isch.",Homme,733.9509160384337,1544.0952901082956,4.713504449007529,81.94411362080767,1
169,Brugelette,Belgique,3.853957,50.59911,https://atlas.lisn.upsaclay.fr/sounds/Brugelette.mp3,"Èl vant èt l' solèy, is-avînt' ène brète insan.ne pou savwô èl qué des deûs astot l' pus fwôrt. Tout d'in coup, is-ont vu ariver in bonome tout inmitouflé dins s' paltout. Is-ont paryî intre eûs´ deûs què çtilal qu'arivrout a fére èrsakî ès´ paltout a ç'-n ome la, i sra l' pus foûrt. Èl vint a cminchî a choufler su ç'-n ome la. Ël pus´ quë ça chouflwot,  ël pus´ quë ç'-n ome la s' racrapotwat dins s' paltout. Adon, ël vint, il a lèyî kèyî. Dë ç' fèt´ la, èl solèy a cminchi a caufer, èl bonome s' a rèscaufé, èt il a rsakî s' paltout. Èl vant a bén stî oblijî d'admète quë l' solèy astot l' pus fônrt.",Femme,592.8913022597978,1401.1108986329991,11.122498288843257,82.38370294318959,0
170,Brussel,Belgique,4.346653,50.837426,https://atlas.lisn.upsaclay.fr/sounds/Brussel.mp3,"De naurderwind en de zon woêre on 't reuze moêke wi te weite wee van eule getwiëned, den strekste was. Tout à coup zeen ze doê ne voyazjeur passeire, goo g'enmitoufleid in zanne jas. Ze kwoême 't akkaud vi te zeggen dat den ieste dee daane vent zanne pardessus kost afpakke, as nen echte kastaar goenk gedeclareid weurre. De wind begost volle petrol te bloêze, zoe naaig as dat 'm kost, mo oo etter dat 'm bloêsde, oo naaiger dat daane voyazjeur zanne frak toe ief, en de wind moest et à la fin loête valle. Dan begost de zon te schaaine en noê ne keutte'n taaid trok de voyazjeur, van 't zwiete, zanne jas ooit. En pataat, de naurderwind ei' moote afstoên teige de zon èn 'm as champion erkenne!",Femme,686.409882618006,1409.3012173250281,11.3452977412731,81.51530458590007,0
171,Bruxelles,Belgique,4.351724,50.841954,https://atlas.lisn.upsaclay.fr/sounds/Bruxelles.mp3,"La bise et le soleil avaient des ruzes, chacun se blousant d'être le plus kastaar ! A un certain moment donneï, i' voyient marchéï comme ça un touriste, enveloppé dans son mantauw. I' se mettent d'accord sur ce que le premier qui arriverait à lui faire enlever sa jas à ce peï, serait dèclaréï champion. Alors, en une fois, le vent se met à kletterer de toutes ses forces, mais le plus qu'i soufflait, le plus que le voyageur serrait sa jas contre lui ; amaih, se dit le vent, ça sert à rien que je continuwe comme ça, ce peï va jamais laisser tomber son pal'tot ! Alors le soleil a commencé à blinker et, op ien twie draa, le peï qui zwietait comme un bœuf, il enlève son pardessus. Fourt alors, a dit le vent du nord, ça est qua mêm' bien le soleil qui est le plus spoump de nous deuï !",Femme,627.91560054759,718.4144176111215,11.3452977412731,81.51530458590007,0
172,Buchholz,Deutschland_SH,9.216666221618652,53.98333358764648,https://atlas.lisn.upsaclay.fr/sounds/Buchholz.mp3,"Eenmol stre'en sik de Noordwind un de Sünn, wer von de beiden woll de meiste Knööv hall, as 'n Wanderer, de in sien warm Mandel inhüllt weer, ehr übern Weg bemöten dee. Se weern sik enig, dat dejenige de meiste Knööf hem schull, de den Wanderer zwingen wörr, sien Mandel uttutrecken. De Noordwind puus mit all sien Mach, ober je mihr he pusten dee, desto düller hüll sik de Wanderer in sien Mandel in. Bi Lüttens geev de Noordwind den Kampf op. Nu fung de Sünn an, de Luft mit ehre fründlichen Strohlen warm to moken un al na 'n lütten Momang trock de Wanderer sien Mandel ut. Do muss de Noordwind togeben, dat de Sünn vun se beiden de meiste Knööv hall.",Femme,548.7880279875934,1201.3210158734184,9.9439151266256,85.03110882956878,0
173,Bueu,Espagne,-8.786253,42.325676,https://atlas.lisn.upsaclay.fr/sounds/Bueu.mp3,"O nordés e mais o sol porfiaban sobre cal deles era o máis forte, cando cadrou de pasar un viaxeiro envolto nunha gran capa. Acordano que, o que antes conseguise facer que quitase a capa, consideraríase o máis forte. O nordés pegou con muita furia. E canto máis pegaba, máis se cubría o viaxeiro coa súa capa. Finalmente, o nordés abandonou o seu labor. Nisto, o sol quentou con forza e, inmediatamente, o viaxeiro sacou a capa. E logo, o nordés tivo que recoñecer a superioridade do sol.",Homme,717.6734883676914,1229.8200469772833,14.730739219712525,80.60198494182067,0
174,Büllingen,Belgique,6.255948,50.40611,https://atlas.lisn.upsaclay.fr/sounds/Bullingen.mp3,"Kalt bléés den Ostwänt on tsankt zech mét der Zon dröm, wän van hänen de starkste wör. Wi zi 'ne Wanderer zoochen, éjehökt e zénge Mantel, du éénichten zi zich drop, det däjenijen de starkste wör, däm et jerööt, dät dän Wanderer zéngen Mantel usträken déet. Du féng de Wänt mét aler Jewalt aan tse bloozen, äver je mie hé bléés, ömzo vaster träkt dä Wandrer zénge Mantel tsezaame. On an 't Änt joof dä Wänt zéng Bloozeréj draan! Donot féng di Zon aan tse bröönen. On no 'ner kuurten Tsit krééch de Réézender warm, much dä Mantel op on träkt dän uus. Du mot dä Wänt aanerkänen, det di Zon 't starkst van hänen bééds woor.",Femme,625.5563516914594,869.8599586868238,9.366509240246407,83.56731690622861,0
175,Bunjevac,EU,19.661528,46.101149,https://atlas.lisn.upsaclay.fr/sounds/Subotica_Bunjevac.mp3,"Siverni vitar i sunce su se svađali oko tog ko je jači kad je naišo putnik umotan u vruć pokrovac. Složili su se da je jači onaj koji prvi uspije natirat putnika da skine svoj pokrovac. Onda je siverni vitar zaduvo što je jače mogo, al što je više duvo, putnik je sve čvršce umotavo svoj pokrovac oko sebe. Na kraju je siverni vitar odusto od svojeg pokušaja. Onda je sunce jako zasijalo i putnik je oma skinio svoj plašt. I tako je siverni vitar moro priznat da je sunce jace od njega.",Homme,714.4374593973827,1346.8212393571055,13.0337234770705,70.04960301163587,0
176,Burg-Reuland,Belgique,6.13521,50.196235,https://atlas.lisn.upsaclay.fr/sounds/Burg-Reuland.mp3,"De Vont on d'Zon tsankten zich en Kier, vä fan dän tswing vaal de schtarekere vier. Du kum e Schpatsierjänger laas, dän e vareme Mantel aanhat.  Di tswing juufen zich éngisch, dat däjinije de schtarekere vir, dän de Schpatzierjänger tswongen dit, zénge Mantel oustsedoon. De Vont bluus der Déivélst schtarek - äver jé mii hä bluus, dästo mii vékelt zich de Schpatsierjänger on de Mantel oon. Am Än juuf de Vont et op.  Du vjäremt d'Zon d'Luut mot hiere frééntlichen Schtroolen; on no kurtser Tsékt tsuch de Schpatsierjänger zénge Mantel ous.  Du mut de Vont tsujään, dat d'Zon de schtarekere fan dän tswing voor.",Femme,728.7977524848776,1280.23555813656,9.617672826830939,82.58827515400411,0
177,Burgdorf,Suisse,7.625789,47.057276,https://atlas.lisn.upsaclay.fr/sounds/CH_Nordwind_Burgdorf.mp3,"D Biise u d Sùnne — Einisch hei d Biise u d Sùnne zäme gchääret, wär ächt di Schtèèrcheri sig. Grad dènn ìsch eine imene dicke Mantu cho z lòufe. Si hei do abgmacht, dass die söu schtèèrcher sii, wo dä Wanderer machi si Mantu abzzie. D Biise hèt afa blòòse, so fescht wie sie hèt chönne, aber aus blòòse hèt nüüt gnützt. Im Gägeteu: Dr Wanderer hèt si Mantu nume gäng feschter zämezoge. Zletschtemänt hèt d Biise ufggää. Drufabe hèt d Sùnne mit ìrne waarme Schtraale d Lùft ufgwèèrmt ù glii schò ìsch dr Wanderer us sim Mantu gschlüffe. Ù d Biise hèt müese zuegää, dass d Sùnne schtèèrcher ìsch wèder sìì säuber.",Homme,799.0918335209752,1578.3357369440685,9.626475017111568,78.46143052703627,0
178,Burhafe,Deutschland,7.707777778,53.59944444,https://atlas.lisn.upsaclay.fr/sounds/Burhafe.mp3,"Dat weer maal, do streden sük de Noordwind un de Sünn, well van hör beid woll steviger weer, as en Wandersmann, de en dicken Mantel anharr, hör tomööt keem. Se wurren sük enig, dat dejenige de starkere weer, de de Wandersmann daarto bringen würd, sien Mantel aftoleggen. De Noordwind puust mit all Macht, aber desto mehr he puusten dee, desto faster wickel sük de Wandersmann in sien Mantel. Tolest geev de Noordwind up. Nu mook de Sünn de Luft mit sien frünnelk Strahlen heet un na `n lütt Sett truck de Wandersmann sien Mantel ut. Do muss de Noordwind togeven, dat de Sünn steviger weer as he.",Homme,581.9290666041323,1230.7997190083288,10.637967145790554,84.19889801505818,0
179,Busenwurth,Deutschland_SH,9.033333778381348,54.03333282470703,https://atlas.lisn.upsaclay.fr/sounds/Busenwurth.mp3,"Einst stre´en sik Noordwind und Sünn wer von de beiden woll de Stärkere weer, as ein Wanderer, de in ein warm Mantel ingehüllt weer, des Weges doherkeem. Se worrn einig, dat dejenige för den Stärkeren gellen schull, de den Wanderer dwingen wörr, sien Mantel aftonehmen. De Noordwind blees mit all Macht, ober je mehr he blies, desto fester hüllte sik de Wanderer in sien Mantel in. Endli geev de Noordwind den Kampf op. Nu erwarmt de Sünn de Luft mit ihren fründlichen Strohlen und schon no wenigen Momenten trock de Wanderer sien Mantel ut. Do muss de Nordwind togeben, dat de Sünn von de beiden de Stärkere weer.",Femme,533.720161723713,576.8783788681789,10.45728952772074,85.07072553045859,0
180,Buxtehude,Deutschland_OF,9.6933077299679,53.46764591103972,https://atlas.lisn.upsaclay.fr/sounds/Buxtehude.mp3,"De Noordenwind un de Sünn würen mol in’n Striet kommen, keen von jüm mehr Knööv harr. Do keum jüm en Wannersmann in de Meut. De harr sik en warmen Mantel ümslaan. Wind un Sünn würen sik enig, dat de mit de dullste Knööv den Wannersmann dwingen kunn, sik den Mantel uttotehen. De Noordenwind bloos mit all sien Macht, man je duller he blosen dee, je faster töög de Wannersmann sienen Mantel üm sik. Amenn geev de Noordenwind op. Nu meuk de Sünn mit ehr fründlich Strohlen de Luft warm. Fuurts hett de Wannersmann sik den Mantel uttogen. De Noordenwind muss togeven, dat de Sünn von jüm beiden mehr Knööv harr.",Homme,664.7929497730806,1525.739521922481,10.025256673511294,83.39663244353183,0
181,Bytom,Deutschland,18.91611422735,50.35131861562632,https://atlas.lisn.upsaclay.fr/sounds/Bytom.mp3,"Pōłnocny wiater i klara wadziyli sie, kery ś nich je silniyjszy, kej prawie drōgōm szoł wandrus ôblyczōny w ciepły mantel. Uznali ôba, że tyn, kery piyrszy zmusi wandrusa do tego, coby sie seblyk, tyn bydzie uwożany za silniyjszego. Pōłnocny wiater zaczōn wioć z cołkiyj siły, ale czym barżij wioł, tym barżij wandrus ôbabuloł sie w mantel. Yntliś pōłnocny wiater to smolōł. Wtynczos klara zaczła grzoć, a chwila niyskorzij wandrus seblyk mantel. Tōż pōłnocny wiater musioł uznać, iże klara je silniyjszo ś nich dwōch.",Homme,698.6703456542067,1564.4888804930274,9.398193018480493,79.62348391512663,0
183,Canepina,Italia,12.233332471026952,42.38219420261945,https://atlas.lisn.upsaclay.fr/sounds/Canepina.mp3,"A tramuntana co' zzóle una dí chiacchierévono su de chi tra essi dói fusse quello più forte, quando vedèttoro uno che passava cupiérto drento un mantello pesante. Allora se mettèttoro d'accórdo che e brimo de essi dói che fusse riuscito a falli levà e gappòtto ta quello lí saria stato considerato quello più forte. A tramuntana se mettètte a tirà ""a tutta callàa"", ma più tireva più quello cristiano s'affagottéva drento a mantello, tanto che alla fine e bòro vento s'arése. Allora e zóle comincètte a sferzà con tutto e galore che ava, e súbbito e bellegrino s'arelevette e mantello. E allora a tramuntana dovètte areconoscia che e zóle era più forte de essa.",Femme,599.0774728876289,1236.4369858225057,15.089404517453797,69.72580424366872,0
184,Caromb,France,5.1,44.1167,https://atlas.lisn.upsaclay.fr/sounds/Caromb.mp3,"La bisa e lo soleu se garrolhavan, chascun assegurant qu'èra lo mai fòrt, quand veguèron un voiatjaire que s'avançava, agolopat dins son mantèu. Se son mes d'acòrd qu'aqueu qu'arribariá lo promier de li faire levar son mantèu au voiatjaire seriá regardat coma lo mai fòrt. Alòr, la bisa a començat de bofar de tota sa fòrça, mai lo mai bofava, lo mai lo voiatjaire sarrava son mantèu a son entorn. E a la fin, la bisa a renonciat de li faire levar son mantèu. Alòr, lo soleu a començat de dardalhar, e au bot d'un moment, lo voiatjaire, rescaufat, a quitat son mantèu. Ansin, la bisa a degut reconéisser que lo soleu èra lo mai fòrt dei dos.",Femme,706.7787339506758,1190.186683048911,14.814852840520192,68.52699520876112,0
185,Casablanca,Maroc,-7.609901,33.60413,https://atlas.lisn.upsaclay.fr/sounds/Casablanca.mp3,الرّيح البارد كان كيتدابز مع الشّمس، كل واحد كيڭول انا لّي صحيح على لاخر، فاللّخّر تفاهمو على هاد الشّي : الغد غادي يتبعو واحد السّوّاق، غادي يمشي يسوڭ غنمو من الدّار حتّى للسّوق، و هاد السّيّد ديما لابس سلهامو فوق جلّابتو، اللّوّل فيهم لّي غادي يقدر يحيّد سلهامو هو لّي غادي يتسمّى صحيح، يقدرو يبداو من الفجر، الرّيح البارد بدا مع السّرويّة، كيصوط و يصوط فالسّوّاق باش يطيّر ليه سلهامو، ولاكين شحال ما كيقهرو السّمر، شحال كيكرز سلهامو باش ما يطيرش، و فاللّخّر البرد سخف و حبس، ديك السّاعة، النّهار طلع، الشّمس بدات كتسخّن الحال، السّوّاق بدا يعرڭ، و يحيّد سلهامو، داكشي علاش الشّمس صدقات هيّ لي غالبة.,Femme,732.558389874424,1285.2695219107893,19.232792607802875,73.6629363449692,0
186,Casnigo,Italia,9.867249041853626,45.81424223008762,https://atlas.lisn.upsaclay.fr/sounds/Casnigo.mp3,"O de ol Sul e la Tramontana i discutia so chi dei du lia l'pio fort, quando procpe n'chel moment i vet a pasà fò u viandant n'torciat in du mantelu pesante. Al chel punto i decide de fa ona sfida; chi dei du l'sareh riat per prim a faga caafo ol mantel al sares ista col pio fort. La tramontana alura la cominciò a soffià de lena con tota la forsa ma negot, con pio la soffiaa con pio chel al sa ntorciaa pio strec n'dol so mantel. Ala fi ol por Vent al decise de pientà lé. A che punto ol sul al incuminciò a sberlus con tot ol so calur, e sobeta ol viandant al sa caa fo il mantel. Che fi che foi la tramontana la restò obligada a reconos ol Sul come l'pio fort dei du.",Homme,464.04460502832114,515.7920261954191,7.345338809034908,76.63050650239562,0
187,Casteljaloux,France,0.0859058290011751,44.31422808462109,https://atlas.lisn.upsaclay.fr/sounds/Casteljaloux.mp3,"La bisa e lo sorelh se disputèvan, cadun assegurant qu'èra lo mei fòrt, quan vesèn un viatjaire que s'avancèva, envelopat dens sa manta. Se botèn d'acòrd que lo qu'arribaré lo prumèr a hèser tirar sa manta au viatjaire seré espiat coma lo mei fòrt. Alavetz, la bisa se botèt a bohar de tota sa fòrça, mès mei bohèva, mei lo viatjaire sarrèva sa manta a l'entorn d'eth, e a la fin, la bisa renoncièt d'ec hèser tirar. Alavetz, lo sorelh comencèt de lusir e au cap d'un moment, lo viatjaire, rescauhat, tirèt sa manta. Alavetz, la bisa apèt reconéisher que lo sorelh èra lo mei fòrt deus dus.",Femme,589.3004976340168,614.615860092752,14.465639972621492,76.8553593429158,0
188,Castelló de la Plana,Espagne,-0.048964,39.98713,https://atlas.lisn.upsaclay.fr/sounds/Castello_de_la_Plana.mp3,"La tramuntana i el sol estaven discutint, sostenint cada u que ell era el més fort, quan, de repent, van vore un viatger que s'apropava embolicat en una gran capa. Van acordar que el primer que aconseguira que el viatger se llevara la capa seria tingut pel més fort. La tramuntana se va posar a bufar amb tota la seua fúria, però com més bufava, més el viatger s'abrigava en la capa, a la fi, va deixar córrer fer-li-la llevar. Aleshores el sol va començar a brillar, i al cap d'un moment, el viatger, ben escalfat, se va llevar la capa. Així, la tramuntana va haver de confessar que el sol era el més fort.",Homme,776.9361851717139,1294.4663615043823,17.716132785763175,68.12968514715948,0
189,Caudebronde,France,2.3,43.3833,https://atlas.lisn.upsaclay.fr/sounds/Caudebronde.mp3,"Le cèrç e le solelh se carpinhavan, cadun assegurant qu'èra le mai fòrt. Quand vegèron un viatjaire que s'avançava, envolopat dins son mantèl, se metèron d'acòrdi qu'aquel que capitariá le primièr a faire levar son mantèl al viatjaire seriá dit le mai fòrt. Alavetz, le cèrç se metèt a bufar de totas sas fòrças, mas al mai bufava, al mai le viatjaire se sarrava dins son mantèl, e a la fin, le cèrç renoncièt a le li faire levar. Alavetz, le solelh comencèt a brilhar e, al cap d'un moment, le viatjaire, escaudurat, levèt son mantèl. Atal, le cèrç deguèt reconéisser que le solelh èra le mai fòrt dels dos.",Femme,643.2820553389743,1165.8516850844355,13.297446954141,77.30549623545517,0
190,Caudebronde / Caudabronda,Occitanie,2.3,43.3833,https://atlas.lisn.upsaclay.fr/sounds/Caudebronde.mp3,"Le cèrç e le solelh se carpinhavan, cadun assegurant qu'èra le mai fòrt. Quand vegèron un viatjaire que s'avançava, envolopat dins son mantèl, se metèron d'acòrdi qu'aquel que capitariá le primièr a faire levar son mantèl al viatjaire seriá dit le mai fòrt. Alavetz, le cèrç se metèt a bufar de totas sas fòrças, mas al mai bufava, al mai le viatjaire se sarrava dins son mantèl, e a la fin, le cèrç renoncièt a le li faire levar. Alavetz, le solelh comencèt a brilhar e, al cap d'un moment, le viatjaire, escaudurat, levèt son mantèl. Atal, le cèrç deguèt reconéisser que le solelh èra le mai fòrt dels dos.",Femme,643.2820553389743,1165.8516850844355,13.297446954141,77.30549623545517,0
191,Caussade,France,1.5333,44.1667,https://atlas.lisn.upsaclay.fr/sounds/Caussade.mp3,"La bisa e lo sorelh se carcanhavan. Cadun èra segur d'èster lo pus fòrt, quand vegèron un voiatjor que s'avançava, envolopat dins son mantèl. Tombèron d'acòrdi que lo qu'arribariá lo prumièr a far quitar son mantèl al voiatjor seriá agachat coma lo pus fòrt. Alavetz, la bisa se metèt a bufar de tota sa fòrça, mès mai bufava, mai lo voiatjor sarrava son mantèl còntra el, e a la fin, la bisa renoncèt a lo li far quitar. Alavetz, lo sorelh comencèt a brilhar e, al cap d'un moment, lo voiatjor, rescalfat, quitèt son mantèl. Alavetz, la bisa digèt reconéisser que lo sorelh èra lo pus fòrt dels dos.",Homme,639.1899167090451,1585.0625947496437,14.356646132785764,76.00923340177961,0
192,Ceaux-en-Loudun,France,0.24,47.025,https://atlas.lisn.upsaclay.fr/sounds/Ceaux-en-Loudun.mp3,"Le vent frét pi le soulall, le se ragagniant pasque le disiant, touts lés deùs, que l'étiant le pu fort. A quou moument l'avant bén yut vu in voeyajhour qui s'en venét enrolai den sun capot. Le se metiriant d'assent su le fét que quou la la qui ferét outàe, le prmàe, sun capot a quou voeyajhour, le diriant qu'o serét li le pu fort. Alore le vent frét se métit a bufàe aussi fort que l'o pevét, mé pu que le bufét, pu que quou voeyajhour, le s'enrolét den sun capot, si bén qu'a la fine force, le vent frét renuncit a lli faere outàe. Alore, vela le soulall qu'at quemençai a brticllàe, é pr le fét, apràe in moument, quou voeyajhour bén achaudurai, at outai sun capot. Vela coument que le vent frét l'at bén du arequeneùtre que le soulall étét le pu fort d'entr yeùs.",Femme,594.7578860934558,1273.9366639251714,12.98505133470226,78.22016427104722,0
193,Celle di San Vito,Italia,15.181069,41.326147,https://atlas.lisn.upsaclay.fr/sounds/Celle_di_San_Vito.mp3,"Un giùre lu vénne e lu sruàje i-abbiarùnte a parlà e a dìre chi a-éva lu mé férme, de chìre i viarùnte un pellerìnne che i passàva do una mantélle u còu. Decedarùnte addùnche che lu premìje che i sàre resaglì a fà luà la mantélle au còu a lu pellerìnne o sàre stà lu mé férme. Lu vénne i discìve de étre lu mé férme e avòje lu sruàje i discìve de étre la fòrze mé ròse de lu mùnne. Lu vénne addùnche se mettìtte a fatevà, i abbiàtte a zuffìje, e mé i zuffìje e mé lu pellerìnne se crevìve do la mantélle a-ssià, addùunche lu pòvere vénne i lasciàtte pérdere. Lu sruàje i-abbiàtte a 'nciatà e sùbbete lu pellerìnne se luàtte la mantélle. Addùnche lu vénne i-avìtte a cappàitre che lu sruàje gli éve mé férme de ije.",Homme,652.8305531046118,1660.4810815954015,15.030561259411362,69.27122518822723,0
194,Céret,France,2.748286,42.48595,https://atlas.lisn.upsaclay.fr/sounds/Ceret.mp3,"El vent i el sol se barallaven, cadascú diguent que era el més fort, quan van veure un caminant que s'avançava, cobert dins el seu manto. Van estar d'acord que aquell que arribaria el primer a fer caure el seu manto al caminant seria mirat com el més fort. Aleshores, el vent s'ha posat a bufar de totes las seues forces, pro més bufava, més el caminant apretava el seu manto a l'entorn d'ell i a la fin, el vent ha renunciat a li fer treure. Aleshores el sol ha començat a lluir i una estona després, el caminant, rescalfat, s'ha tret el manto. Així el vent ha estat obligat de reconèixer que el sol era el més fort dels dos",Homme,588.1161144178477,1141.2838001001512,11.995852156057493,70.75893223819303,0
195,Ceriana,Italia,7.774385381572099,43.88143354196962,https://atlas.lisn.upsaclay.fr/sounds/Ceriana.mp3,"Se ratelava, ìna bella giurnà, a tramuntana e u sû, perché ün u vuréva ésse ciü forte che l'autru, cand'àn vistu arivâ ìn furestu, chu vegnìva versu éri, tüttu abrüagiàu int'ìn mantéllu. Alaui i dui ratéluzi i se sun méssi d'acordiu: ch'u ciü büllu u seréva stàu chéllu che a l'arescìva a fa trà u mantéllu d'èn collu a stu pover'ommu. Cuscì a tramuntana l'à cumensàu a sciuscià sempre ciü forte, ma ciü a sciusciàva e ciü stu furestu u se stregneva inte stu mantélu. Aa fin stu ventu u se n'à fàu ìn pastu de sciuscià e a l'à ciantàu lì. Alaù u sû u l'è sciurtìu, intu ciélu e a l'à cumensàu a scaudâ. Doppu ìn po' st'ommu u nu ne puréa ciü e u s'à tràu stu mantélu. E cuscì a tramuntana l'à recunusciüu che u sû u l'è stàu ciü forte che éla.",Homme,587.9157076993488,1112.8769030970575,12.37700205338809,68.99560574948666,0
196,Cernay,France,7.1767,47.8072,https://atlas.lisn.upsaclay.fr/sounds/Cernay.mp3,"Friahjer, der Wìnd un d'Sunna han mìtnànder kampft. A jeda hèt gsait, ar ìsch der stärker. A Tàg han sie a Wànderer gsah, mìt ema Màntel. Sie sìn einig gsì, àss a jeda de Màntel vo dam Wànderer awagbrìngt. Un jeda hè gsait, ar ìsch stärker àss der ànder. Denoh hèt der Wìnd fànga à blosa, so stàrk, àss ar hèt känna. Àwwer däs ìsch a so stàrk gsì, àss der Wànderer si Màntel wìdder zammagmàcht hèt. Un un der Wìnd hèt gsait, ich brìng's nìtt àna. Ar.., ich…, ich kà nìtt, ar… ar bhàlt sinna Màntel à. Un denoh, d'Sunna hèt àgfànga stàrk z wara, so stàrk àss ar hèt känna un der Wànderer amel hèt wàrm bekumma, un ar hèt sinner Màntel awagbrocht. So hèt der Wìnd gsait, okay, ich hàn's nìtt ànabrocht. D'Sunna ìsch stärkerer àss der Wìnd.",Homme,652.1033559802097,1162.3945726387512,10.060006844626967,80.6980424366872,0
197,Cevio,Suisse,8.601191,46.317056,https://atlas.lisn.upsaclay.fr/sounds/CH_Nordwind_Cevio.mp3,"Al vint e l suu — Un béll dí, al vint e l suu i taċèva lid; ognidǘgn u pratandèva da vèss püsséi fòrt da cu alt, quand i n i a audǘ vügn ch’u gniva scè fècc sǘ in d’um mantéll. E ignura sti düi i a dacidǘ da tagnii pal püsséi fòrt cu ch’u fèva in manéra da fai tò sgiǘ l mantéll d’indöss. Al vint la sminzáo a bufaa cum um dasütu, ma cun püsséi ch’u bufèva, cun püsséi che cu vügn u s fèva sǘ ilu ċütt, e l’è inscí che par finii al vint la bǘ da piantala lí. Gnura al suu l’é gnicc fòra pal cél, e da lí m pòo cu iò u s’é töcc fòra l mantéll pal gran ċèld. E ignura al vint l’a bǘ da métt che l suu l’èva püsséi fòrt che lüi.d",Femme,707.3435688412654,1479.8558767514373,2.9805817932922656,84.00574264202601,1
198,chácobo,Bolivia,-66.03731,-11.87434,https://atlas.lisn.upsaclay.fr/sounds/chacobo.mp3,"Yoshini mati bari chaninaqui rabëta tsi xo coshi. Ja caquë tsi bocanaibo pasiquë. Shinaquë jariapari ja caquë paquëquë jama coshiria ja iquë. Jatsi yoshi chitahehuaqui coshi já iquë. Chama já hiteguëquë bocanai bobahaxna. Jatsi yoshi pasique, bari chama ririquë, anomari huaquë itsisa, yoshini pistia bari nocahuaquë.",Homme,755.5469476782398,1492.6632721210353,26.991752224503763,75.06527036276523,1
199,Chalmazel,France,3.85133,45.704253,https://atlas.lisn.upsaclay.fr/sounds/Chalmazel.mp3,"La bize é le sòlé se disputàvon, chàkün ére sur k'àl ére le plu fôr, kant él an veû ïn vouàyàjère ke s'àvansàveû, anvlòpò djïn son manté. É' son tonbò d'àkôr k'ôch k'àrivereû le preûméye à li fouère kitè son manté sereû apïnchò komà le plu fôr. Alour là bize sè beûtè à bòfè de tòtà sé fôrse, mè mieû é' bofàve, mieû le vouayajère saràve son manté òtour de seû. É' à là fïn là bize renonsà a li le fouère kitè. Alôr, le sòlé à kminsà à briyè é ô bô d'ïn môman, le vouàyàjère, réchôfà, kitàve son manté. La bize à du rekônutre ke le sòlé ére le plu fôr de lou dou.",Homme,628.9556236452768,1169.370284476738,10.641368925393566,76.55553730321698,0
200,Charleroi,Belgique,4.444162,50.413367,https://atlas.lisn.upsaclay.fr/sounds/Charleroi.mp3,"El bîje èyèt l'solia ès' brètit : chaque d'intrè yeûsses afranchisseut qu'il èsteut l'pus fôrt, quand is-ont vèyu in vwèyâdjeû qui s'avanceut, èfârdèlè dins s'frake. Is-ont tcheût d'acôrd qu'èl cén qu'ariv'reut l'preumî à fé r'satchî s'frake au vwèyâdjeû, s'reut r'wétî come èl pus fôrt. Adon, èl bîje s'a mètu à chouflér di toute ès' fôrce. Mins pus èle choufleut, pus èl vwèyâdjeû sèreut s'frake autoû d'lî, èyèt pou fini, èl bîje a r'noncî à lî fé r'satchî. Adon, èl solia a cominchî à r'lûre èyèt au d'd-bout d'in momint, èl vwèyâdjeû, rèstchaufè, a r'satchî s'frake. Adon, èl bîje a d'vu r'conèche qu'èl solia èsteut l'pus fôrt dès deûs !",Homme,872.0792913344885,1587.9160942378517,10.816584531143054,82.7822997946612,0
201,Charmensac,France,3.0833,45.2167,https://atlas.lisn.upsaclay.fr/sounds/Charmensac.mp3,"L'essire e lo sorelh se chicanavan, chascun afortissent qu'èra lo pus fòrt. Quora veguèron arribar un viatjaire, sailat dins son mantèl, s'acordèron per dire que lo promièir que fariá tombar son mantèl au viatjaire, seriá engaitat coma lo pus fòrt. Quò fai que la bisa se botèt a bofar tan fòrt coma podiá. Mès dau mai que bofava, dau mai lo viatjaire se sarrava dins son mantèl, tal qu'a la fin, la bisa borrèt a lo li faire tombar. Aquí, lo solelh comenquèt a lusir, e al chap d'un temps, lo viatjaire, eschaufat, tombèt son mantèl. Quò fai que l'essire duguèt raconeistre que lo sorelh èra lo pus fòrt de totis dos.",Homme,699.6416643752256,1279.5679730231395,9.385667351129364,78.63177960301164,0
202,Châtain,Croissant,0.4327774445285095,46.07212344388411,https://atlas.lisn.upsaclay.fr/sounds/Chatain.mp3,"L' vent d'galarne et l' soulail se disputiant, chacun d'iour deux acertainit qu' latit l' pus fôrt, quant' 'lavant vu v'ni un voiyagheur capé dans sa pelisse, l' s'avant mis d'accord pour que, qu'eu-tchi qu'arriv'rit l' proumier à faire outer l' manteau à q'ueu bounhoume s'rit ben l'pus fôrt. O fit qu' la galarne s' mit à buffer tant qu'a peuvi et mèe a buffi, mée l' voiyagheur accachit sa pelisse su li, et à la fin, l' vent d' galarne a ben vu que l'y arriv'rit jhamais. O fit que l' soulail s' mit à beurluter et pi, au bout d'un moument, queu pauvr'houme , bouillant d' chaud, a fini peur outer sa pelisse. Au bout d'au compte, la galarne a r'counaiyu qu'o l'tit l' soulail qu'atit ben l' pus fôrt.",Femme,666.6642322403012,951.9564692615633,13.041629021218343,77.9623613963039,0
203,Châtel-Montagne,Croissant,3.682796,46.113895,https://atlas.lisn.upsaclay.fr/sounds/Chatel-Montagne.mp3,"La bise e le solelh se disputián, chascun d'ambdós assurant qu'au siá le plus fòrt. Quand ilhs viron un voiatjuer que s'avançá, envelopèt dins son mantiau, ilhs tombiron d'acòrd : qui quau que será le promier a foaire enlevar son mantiau au voiatjuer será avisèt c'ment le plus fòrt. Alòr, la bise se metit a soflar de tote sa fòrce, mès plus 'le soflá, plus le voiatjuer sarrá son mantiau au torn de se. E a la fin, la bise renoncit a le lui faire ostar. Alòr, le solelh comencit a brilhar e au bot d'un moment, le voiatjuer se reschaufit ; aul enlevit son mantiau. Ensin la bise diut reconustre que le solelh sá le plus fòrt d'ambdós.",Homme,583.9725612492749,1070.518148466845,11.104880219028063,77.67714579055442,0
204,Châtelet,Belgique,4.522536,50.404871,https://atlas.lisn.upsaclay.fr/sounds/Chatelet.mp3,"C' est l' vint d' bîje èyet l' solia ki s' cachnut des pûs a yin l' ôte. I gn a yin, i s' purdeut po li rwè des vias, et i n' esteut nén co li rwè des pourcias; l' ôte ni valeut nén mia. Tout d' in côp, i wèynut yink ki s' amwène agayolé avou in gros vî paltot, èt in tchapia jusk' å fond d' ses orayes ; on nel veyeut pus padzou tout ça. Intrè zels, i gadjnut pou vir kî çki va ariver a fé rsatchî les nipes a çt ome la. Ci sreut lu ki sreut li rwè des pus fwârts. Èt l' vint d' bîje comince a choufler come i n' a jamês chouflé. Pus çk' i choufèle, pus l' ome si rafardèle dins ses lokes. Po fini, el vint d' bîje, èbén, il est mwârt escran. Adon, il è-st-onteûs, èt i va s' catchî. Ladsu, li, l' solia, èbén, il è profite. I toke télmint k' on arivreut a cûre ses canadas èt ses vitoulets a l' uch. Adon, el mârcheû sûwe des goutes come des ptits pwès. Èt i s' disbote. Èt si i pouveut aler tout nu, i l' ireut. Adon, c' est l' solia k' a l' crédit d' dire å vint d' bîje : ""Tu wès! C' est mi li rwè des pus fwârts"".",Femme,748.5296831256485,1442.319178496826,10.816584531143054,82.7822997946612,0
205,Chaux-lès-Passavant,France,6.359167,47.236667,https://atlas.lisn.upsaclay.fr/sounds/Chaux-les-Passavant.mp3,"Lai bise et lou s'raiye se disputïnt, châcun aichurant qu'èl étât lou pus foûe, quand l'ant vu in voiyageou que s'avançât, env'loppâ dans son manté. Es sont tombâs d'accoûe : c'tu qu'air'vât lou premie è fâre otâ son manté au voiyageou s'rât r'godâ c'ment lou pûs foûe. Alors lai bise se mit a souçhiâ de toutes ses foûeches, mais pus le souçhiât, pus lou voiyageou serrât son manté itou d'lu et è lai fin, lai bise é renonçâ è lu fâre otâ. Alors lou s'raiye é c'mencie è bèyie et i bout d'in môment, lou voiyageou, réchaurâ, é otâ son manté. Di cop lai bise é du recounâtre que lou s'raiye étât lou pus foûe des dous.",Homme,501.75274465164307,1264.4434014700737,9.728302532511977,81.52634496919919,0
206,Cherves,France,0.0167,46.7167,https://atlas.lisn.upsaclay.fr/sounds/Cherves.mp3,"O s'at énvrimai, le souléll pi la galérne se dragouniant pr étre plu forts yin que l'àutre. Visant i baguedenallour qui s'amenét avéc sa cape su lës ëpaules, le se desiant que quou-la le prmië qui le dégalvrét de sa ménte serét le pu fort. La galérne, le prmië, s'at mi a soufllàe a toute brzingue. Pu a bufét, pu quou baguedenallour s'envriochét sa penalle cuntre li. De maeme, la galérne s'ët acafouie. Al at chét. Ol ët la que le souléll s'ët mi a trlusàe, a chaufàe la teare. I moument apràe, quou draule benaese at fat cheùre sa cape, le s'ët dëgalvri, la galérne ëtét refate, le souléll ëtét bé pu fort qu'yéle.",Homme,722.6165756322259,1477.0184910209061,13.030006844626968,78.220212183436,0
207,chiquitano,Bolivia,-62.028274,-16.127976,https://atlas.lisn.upsaclay.fr/sounds/chiquitano.mp3,"Makiɨtɨx mankax taityo sux, panityana ñakusane uyaxpekuki ane manx kusɨuru. Aukimano apasati taman ñamenkox tabuxiuti nuxia. Bapario makiɨtɨx mankax aɨbu sux, axti naki karɨbu uiti nityabuxixti ñamenkox tyonenti naki manx kusɨuru. Aukimanu makiɨtɨx mankax, bausúkɨro aɨbu nanaiña nikusɨux, axti ñamenkox manx iñentati nuxia nityabuxixti, aukimanu makiɨtɨx mankax tochenko yausukɨkɨx. Aukimanu kaɨma matokono sux kuara nuxia aɨbu nikusɨux ui nipekixh kaɨma axti ñamenkox ikiɨbutati nityabuxixti. Uixh kaɨma makiɨtɨx mankax ikokota nikusɨu sux.",Homme,552.7400849534251,591.2760488620397,25.809678302532514,65.78347022587269,1
208,Christiansholm,Deutschland_SH,9.416666984558104,54.31666564941406,https://atlas.lisn.upsaclay.fr/sounds/Christiansholm.mp3,"Eenmal streden sik de Noordwind un de Sünn, wer vun de beiden woll an starksten weer. Do keem en Wannerer biweglangs vörbi. He droog en dicken, warmen Mantel. Do maken de beiden af, wer dar schaffen wörr, dat de Wannersmann sein Mantel uttrecken dee, de harr wunnen! De Noordwind blaas un blaas so dull as he kunn. Man je duller he blaas, umso mehr heel de Wannermann sein Mantel fast. Ne keem de Sünn! Mit ehr warmen Strahlen warm se de Wannersmann so, dat he na 'n Ogenblick sien Mantel uttrock un wegsmeet. Do muss de Noordwind insehn, dat de Sünn vun de beiden an starksten weer!",Femme,610.2210405506703,901.4387574104601,9.89690622861054,85.5415537303217,0
209,Chrzelice,Deutschland,17.736564590087905,50.4708964305685,https://atlas.lisn.upsaclay.fr/sounds/Chrzelice.mp3,"Pōłnocnyj wiater i słōńcy wadzili sie, ktōryj z nich je silniyjszyj, gdy akurat drōgył przełaziył wandrus ôbleczōnyj w ciepłyj mantel. Postanowili, że tyn, co piyrszyj zmusi wandrusa do seblyczynia sie, baje uznanyj za silniyjszygo. Pōłnocnyj wiater zaczył dmuchać z cały siyły, ale im barzij dmucheł, tym barzij wandrus opatuleł sie w mantel. W kōńcu pōłnocnyj wiater deł se pokōj. Wtedy słōńcy zaczło przigrzywać i chwila pōźnij wandrus symnył mantel. W tyn sposōb pōłnocnyj wiater musieł uznać, iże słōńcy jest silniyjszy z nich dwōch.",Femme,589.950209572932,1188.4036001313884,9.36801505817933,79.23471594798083,0
210,Chur,Suisse,9.530241,46.856582,https://atlas.lisn.upsaclay.fr/sounds/CH_Nordwind_Chur.mp3,"Amòòl hend der Nòrdwind und d Sunna gschtritta, wèèr vo ina baidna ècht dr Schtèrker isch, wo a Wanderer, wo ina warma Mantel ghüllt gsii isch, dr Wèèg abakoo isch. Si sind ainig wòrda, dass dèè als dr Schtèrker gèlte söll, wo dr Wanderer zwinga wür, sin Mantel abzzücha. Dr Nòrdwind hèt mit aller Macht plòòsa, aber je mee èr plòòsa hèt, deschto mee hèt sich dr Wanderer in sina Mantel iigghüllt. Entlich hèt dr Nòrdwind dr Kampf ufggèè. Jetzt hèt d Sunna d Luft mit irna fründlicha Schtraala erwèrmt und scho nòch kurzer Ziit hèt dr Wanderer sina Mantel abzooga. Dòò hèt dr Nòrdwind müassa zuagèè, dass d Sunna vo ina baidna dia Schtèrker isch.",Femme,692.8446135094003,952.444551670764,5.374346338124572,82.93171800136894,0
211,Ciboure,France,-1.6667,43.3833,https://atlas.lisn.upsaclay.fr/sounds/Ciboure.mp3,"Ipar haizea eta iduzkia eztabaida gogorrean ziren, bakotxak azkarrena zela segurtatuz, palto batez estali bidaiari bat aitzinatzen ikusi zutelarik. Akort eman ziren bidaiariari paltoa kenduko zion lehena, azkarrena bezala ikusiko luketela. Beraz, ipar haizea bere indar guziez ufatzen hasi zen, baina zenbat eta gehiago ufatu, orduan bidaiariak bere paltoa gehiago tinkatzen zuen eta azkenean, ipar-haizeak paltoa kentzen entseatzea utzi zuen. Orduan, iduzkia dirdiratzen hasi zen eta memento baten buruan, bidaiariak, beroturik, bere paltoa kendu zuen. Honela, ipar-haizeak bietarik azkarrena iduzkia zela onartu behar izan zuen.",Femme,599.8798638996653,746.2867843824763,15.266413415468856,80.19075290896646,0
212,Civaux,Croissant,0.6652840829326081,46.4431983432413,https://atlas.lisn.upsaclay.fr/sounds/Civaux.mp3,"La bise et pi l'souleil étiant à s'disputer pour savoir lequchèl était l'pu fort. Quand qu'ol est arrivé un bounhoumme qu'avait un pardessus. I sont tombés d'accord peur savoir lequchèl qui arriv'rait à faire cheure le pardessus du bounhoume. Alors la bise a s'est mise à buffer, ale a buffé, ale a buffé tout c'qu'a pouvait. Mais le bounhoume, li, se capait dans son pardessus. Bin, la bise, ale a arrêté. Le souleil, li, et bin, l's'est mis à teurlusuer, à teurluser, si bin... I teurlusait si fort que l'bounhoume avait chaud. Et bin, l'a enlevé son pardessus. Ol est coume tcheu qu'la bise ale a r'connu que l'souleil était bin pu fort que yelle.",Femme,713.2802718002995,1436.6109685520366,13.141314168377823,77.46058863791923,0
213,Civezza,ItaliaNord,7.953048319370486,43.880467210668215,https://atlas.lisn.upsaclay.fr/sounds/Civezza.mp3,"A tramuntana e u sû i ratélavan, ìn dì, ün u vuxéva ésse ciü gajardu de l'autru. Alantù u passa ìn pellegrìn, tüttu cuvertu cun ìn spessu pellisun. Beh! U prìmmu chu ne sciorte a fâ levâ u pellisun au pellegrìn, u l'è u ciü gajardu de nui dui. A tramuntana a cumensa a sciusciâ forte, ma ciü a sciuscia, ciü u pellegrìn u se ciàtta intu pellisun. Tan pì, dixe a tramuntana, lasciamughe zerbu. U sû cumensa, alua, a scaudâ sempre de ciü, che u pellegrìn u se leva u pellisun dau caudu. A tramuntana, alua, a dixe au sû: ""tròn de nun! Ti l'ài gagnàu ti. A proscima vòta a ve contu a fòa du bésténtu, che a cuntala u ghe va tüttu u tempu. Bona a vui"".",Homme,710.2388195266572,1356.3354504951355,15.19123203285421,73.92158795345654,0
214,Clavier,Belgique,5.325354,50.391803,https://atlas.lisn.upsaclay.fr/sounds/Clavier.mp3,"Li bîhe èt l' solo si disputît, po saveûr lisquél dès deûs èstît l' pus fwèrt. Qwand il ont vèyou on voyèdjeû qu'arivéve bin èwalpé divins s' pal'tot, il ont toumé d'acwèrd, qui l' ci qui parvinreût, li prumî, à lî fé boudjî, sèreût r'loukî come li pus fwèrt. Adon li bîhe s'a mètou à sofler di totes sès fwèces. Å pus' èle sofléve, å pus' l'ome risèréve si pal'tot sor lu èt po fini, li bîhe a r'noncî a lî fé wèster. Adon li solo ataka a r'glati, èt après on p'tit timps, li voyèdjeû, rèstchåfé, boudja s' pal'tot. Insi li bîhe a bin d'vou rik'nohe qui l' solo èsteût l' pus fwèrt dès deûs.",Homme,606.4309971282626,1584.5102181266227,10.312929500342232,82.08999315537302,0
215,Clavieres,France,3.277,44.985,https://atlas.lisn.upsaclay.fr/sounds/Clavieres.mp3,"La bisa e lo sorelh se disputavan, cadun estimant que èra lo pus fòrt, quand veguèron un voiatjur que s'avançava, vestit dins son mantèl, tombèron d'acòrdi que aquel que arrivariá lo promier a li faire levar lo mantèl al voiatjur seriá considerat coma lo pus fòrt. Alòr, la bisa se botèt a bofar de tota sa fòrça, mès dau mai bofava, dau mai lo voiatjur serrava son mantèl al torn de z-el e a la fin, la bisa, ma foi, renoncièt a li lo faire quitar. Alòr, lo sorelh comenquèt de brilhar e al chap d'un moment, lo voiatjur, eschaufat, quitèt son mantèl. E atanben, la bisa deguèt reconeistre que lo sorelh èra lo pus fòrt dels dos.",Homme,651.9979544031571,1434.4192928083971,9.385667351129364,78.63177960301164,0
216,Clermont-Ferrand,Croissant,3.08181,45.779386,https://atlas.lisn.upsaclay.fr/sounds/Clermont-Ferrand.mp3,"La bisa e le solelh se disputavon, chascun 'fortissant que z-èra le mai fòrt, quand veguèron un voiajaire que s'avançava, envolopat dins son mantèl. Se botèron d'acòrd qu'aquel qu'arribariá le pormèir de faire baujar son mantèl au voiajaire seriá 'spiat coma le mai fòrt. Alòr la bisa se botèt de bofar de tota sa fòrça, mas mai bofava, mai le voiajaire sarrava son mantèl autorn de z-elh, e a la fin, la bisa renoncèt de li faire baujar. Dau còp, le solelh comencèt de 'sclarar e au bot d'un moment, le voiajaire, 'schaufat, enlevèt son mantèl. Coma 'quò, la bisa deuguèt reconistre que le solelh z-èra le mai fòrt de los dos.",Homme,777.4265294690063,1733.1993404571365,11.547987679671458,76.3529158110883,0
217,Cloppenburg,Deutschland_OF,8.046667448104603,52.84354213605207,https://atlas.lisn.upsaclay.fr/sounds/Cloppenburg.mp3,"De Noordwind un de Sünne harren sik maal in de Klatten, wecker de mehrste Starkde harr. Jüst do keem ehr en Wannersmann in'e Meut, antrocken mit en dicken warmen Mannel. Se kömen övereen, dat de winnen schull, de dat fardig bröchte, dat de Wannersmann sienen Mannel uttrück. De Noordwind puustde wat he kunn, man je duller he puustde, ümso faster trück de Wannersmann sienen Mannel üm 't Liev. Toleste geev de Noordwind dat up. Foorts warmde de Sünne de Luft mit ehre fründliken Strahlen. Ganz kort dorna trück de Wannersmann sienen Mannel ut. Do mössde de Noordwind taugeven, dat de Sünne de mehrste Starkde harr.",Homme,780.905700718585,1568.5137290059304,10.33609171800137,84.22467488021903,0
218,Cœuve,Suisse,7.098632,47.454167,https://atlas.lisn.upsaclay.fr/sounds/Coeuve.mp3,"Lai bije èt lo sraye s'tchaimaiyïnt, tiétiun aichuraint qu'èl était l'pus foue, tiaind qu'èls aint vu ïn voiyaidgeou qu's'aivainçait, embâllè dains son mainté. Ès s'sont botè d'aiccoue que çtu qu'airriverait l'premie è faire è rôtaie son mainté â voiyaidgeou srait raivoétie cment l'pus foue. Dâli, lai bije s'ât botè è çhoueçhaie de tot' sai foueche, mains pus èlle çhoueçhait, pus l'voiyaidgeou sèrrait son mainté â toué d'lu, èt en lai fïn, lai bije eurnonché è yi faire è rôtaie. Aidonc lo sraye é ècmencie è riure èt peus â bout d'ènne boussèe, l'voiyaidgeou, rétchâdè, é rôtè son mainté. Dïnche lai bije é daivu rcoégnâtre que lo sraye était l'pus foue dés dous.",Homme,567.1463902684582,1394.7092048090062,10.195119780971936,80.4245516769336,0
219,Coise,France,4.4833,45.6167,https://atlas.lisn.upsaclay.fr/sounds/Coise.mp3,"La bisi é lo solè s'ingueûlâian, châcun assurôaian qu'al ète lo plu fô, quint i viron ïn voyageû que s'aduseu, impaquetâ din son mantchiô. I tombiron d'acor que lo parmi qu'arrivareu à fére inlevâ son mantchiô ou voyageû seré avisâ coma lo plu fô. Alor la bisi s'é betâ à soflâ de totes se fôrces, mè mé a soflâie, mé lo voyageû sarrâie son mantchiô outor de lu, et à la fïn, la bisi a comprè que le n'areu pâ lo dessu à i fére chère çu diâblo de mantchiô. A son tor, lo solè a fa briyi son royon, é et to par ïn cou, lo voyageû, échandu, a quitâ son mantchiô. Coma quiin, la bisi a du reconutre que lo solè ète lo pu fô dou dous.",Femme,566.4584021418698,734.5174511247765,11.264414784394251,76.31379192334018,0
220,Colfontaine,Belgique,3.844746,50.412047,https://atlas.lisn.upsaclay.fr/sounds/Colfontaine.mp3,"Ël vint d' bise èyét l' soley s' carougnont´, ch' keugn asseûrant qu'i stot l' pus fôrt quand is-ont vû é vwayajeû qui s' avanchot intourpiné d'vins s' pal'tot. Is s' sont ascordés inchane qu' ël ceûgn qu' arivrot l' prumiér a fé r'sakiér s' pal'tot ô vwayajeû sarot ravisé come ël pus fôrt. Adon, ël vint d' bise s'a mis a chuflér ëd tout sès pus fèl, mès pus´ qu'i chuflot pus´ qu'ël vwayajeû r'sèrot s' pal'tot ôtoûr dë li éyèt qu'al fégn du conte, ël vint d' bise a r'nonché a li fé r'sakiér. Adon, ël soley a couminché a lwîre èyét ô d' bout d'én-anvé, ël vwayajeû, rinscôfé, a r'sakié s' pal'tot. Inci, ël vint d' bise a dû rcounwate qu'ël soley stot l' pus fôrt ëd yeûsses deûs.",Homme,599.2989868361733,870.5894553107122,11.122498288843257,82.38370294318959,0
221,Colmar,Allemagne,7.3667,48.0833,https://atlas.lisn.upsaclay.fr/sounds/Colmar.mp3,"Der Bisswìnd ùn d'Sùnn han mìtanànder ghandelt. Jeder hèt behauipta, àss ar der stärikscht sèig. Ìn dam Momant sahn sa a Wànderer lauifa, wo ìn sinnem Màntel igmùmmelt gsì ìsch. Sìe han sich geinigt, àss da wo's zerscht schàfft, àss der Wànderer sinner Màntel üssziahjt, vo beida der stärikscht ìsch. Dernoh hèt der Bisswìnd a so stàrik wia mäjlig fànga à blosa. Doch wia stäriker ar geblosa hèt, wia feschter hèt der Wànderer sinner Màntel ghebbt, ùn àm And hèt der Bisswìnd s ùffga, àss'r na üssziahjt. Dernoh hèt d'Sùnn fànga à schina ùn nooch'ra Wiil hèt der Wànderer, wo wàrm bekùmma hèt, sinner Màntel üssgezojja. So hèt der Bisswìnd miassa züega, àss d'Sùnn stäriker ìsch àss ar.",Homme,736.3685958723205,1490.2271832889346,10.99009582477755,77.79122518822724,0
222,Colombier-le-Vieux,Croissant,4.695519,45.065719,https://atlas.lisn.upsaclay.fr/sounds/Colombier-le-Vieux.mp3,"La bisa e lo solelh se gibavan, chascun afortissiá qu'èra lo plus fòrt, quand veguèran un voiatjaire que s'avançava, pleiat dins son mantèl. Tombèron d'acòrd que quele qu'arrivariá lo premièr a far quitar son mantèl au voiatjaire seriá vegut coma lo plus fòrt. Alòrs la bisa se metèt a bofar de tota sa fòrça mès mai bofava, mai lo voiatjaire sarrava son mantèl autorn de ielo e a la fin la bisa renoncèt a le li far quitar. Alòrs lo solelh comencèt a brilhar e au bot d'un moment, lo voiatjaire, reschaufat, quitèt son mantèl. Alòrs la bisa duguèt reconeistre que lo solelh èra lo plus fòrt daus dos.",Homme,661.764634274416,1300.1475934909802,12.670232717316905,74.94019849418207,0
223,Condéon,France,-0.1333,45.4,https://atlas.lisn.upsaclay.fr/sounds/Condeon.mp3,Le vent dau nord et pi le soulail etiant à maeme de se chicallae. Chacun acertenét qu'ol étét li le pus fort quand i z'avant vu in voeyajheur qui s'en venét tout encatinai dans son paletot. I s'avant mis d'assent que le prmier qui z'y feràe quitàe son paletot saràe le pu fort. Alors le vent d'au nord a quemençai à bufàe tant qui pevét mais pu qui bufét pu que le voeyajheur sarét son paletot autour de li et pr en fini le vent dau nord a requeneùssu qui pouràe pas zi faere quitàe. Alors le soulail a quemencai à teurlusae et in moument emprès le voeyajheur qui quemencét à boulli de chaud a quitai son paletot. Alors le vent d'au nord a bin du requeneutre qu'o l'étét le soulail le pus fort de zeux deux.,Femme,582.171239723361,763.01752173109,13.969774127310062,76.78774811772757,0
224,copte,Africa,29.89822342973601,31.186229892666912,https://atlas.lisn.upsaclay.fr/sounds/coptic.mp3,ⲡⲧⲏⲩ ⲛⲙϩⲓⲧ ⲙⲛ ⲡⲣⲏ ⲁⲩϯⲧⲱⲛ ⲙⲛ ⲛⲉⲩⲉⲣⲏⲩ ϫⲉ ⲛⲓⲙ ⲡⲉ ⲡϫⲱⲱⲣⲉ ⲉⲧⲛϩⲏⲧⲟⲩ ⲉϥⲛⲏⲩ ⲛϭⲓ ⲟⲩⲣⲉϥⲙⲟⲟϣⲉ ⲉϥϭⲟⲟⲗⲉ ⲛⲟⲩϩⲟⲉⲓⲧⲉ ⲉⲥⲑⲙⲙⲟ ⲙⲙⲟϥ. ⲁⲩϥⲓ ⲙⲛ ⲛⲉⲩⲉⲣⲏⲩ ϫⲉ ⲡⲉⲧⲧⲣⲉⲡⲣⲉϥⲙⲟⲟϣⲉ ⲕⲱ ⲛⲧⲉϥϩⲟⲓⲧⲉ ⲉⲃⲟⲗ ⲛϣⲱⲣⲡ ⲡⲁⲓ ⲡⲉ ⲡϫⲱⲱⲣⲉ ⲉⲧⲛϩⲏⲧⲟⲩ. ⲧⲟⲧⲉ ⲁϥⲛⲓϥⲉ ⲛϭⲓ ⲡⲧⲏⲩ ⲛⲙϩⲓⲧ ϩⲛⲟⲩϭⲟⲙ ⲧⲏⲣⲥ ⲛⲧⲁϥ ⲁⲗⲗⲁ ⲛϩⲟⲩⲟ ⲛⲉϥⲛⲓϥⲉ ⲛϩⲟⲩⲟ ⲛⲉⲣⲉⲡⲣⲉϥⲙⲟⲟϣⲉ ⲥⲟⲩⲟⲗⲟⲩⲗ ⲙⲙⲟϥ ϩⲛⲧⲉϥϩⲟⲓⲧⲉ. ⲙⲛⲛⲥⲱⲥ ⲡⲧⲏⲩ ⲛⲙϩⲓⲧ ⲁϥⲗⲟ ⲉϥϫⲱⲛⲧ. ⲡⲣⲏ ⲇⲉ ⲁϥⲣⲟⲩⲟⲉⲓⲛ ϩⲛⲟⲩϩⲙⲟⲙ ⲁⲩⲱ ϩⲛⲧⲉⲟⲩⲛⲟⲩ ⲁϥⲕⲁⲧⲉϥϩⲟⲉⲓⲧⲉ ⲉⲃⲟⲗ ⲛϭⲓ ⲡⲣⲉϥⲙⲟⲟϣⲉ. ⲁⲩⲱ ⲛⲧⲉⲓϩⲉ ⲁⲩⲕⲱⲱⲃⲉ ⲙⲡⲧⲏⲩ ⲛⲙϩⲓⲧ ϫⲉⲕⲁⲁⲥ ⲉϥⲉϫⲱ ⲙⲙⲟⲥ ϫⲉ ⲡⲣⲏ ⲡⲉⲧϫⲱⲱⲣⲉ ⲉⲧⲛϩⲏⲧⲟⲩ.,Homme,789.9057493660213,1533.0540231429213,21.696488706365503,64.8421081451061,0
225,Corio,Italia,7.533008,45.314116,https://atlas.lisn.upsaclay.fr/sounds/Corio.mp3,"Un di, ël marin e 'l sol a quistionàvan antërlor-doì. Quij-sì a vojan ésser tuit doì un pi fòrt che l'àutr, quand che a na mira a j'han s-cerà n'òm ch'a gnà avanti tut anvërtojà ant la mantlina. Quij doì-sì adonch as san butê d'acòrd ch'a j'aró wagnà col ch'a sró stêt bon faje chéser la mantlina da còl a chiël-là. Ël marin a j'ha ancaminà bufar fòrt, mach che pi ch'a sofiava, l'òm a s'anrocava pi s-ciass ant la mantlina, tant a l'é vèir ch'a la fin ël vent a j'ha pro dovù quitar. Ël sol a j'ha fêt adonch babòja da 'nt ël nìvole an cel… Pèine che l'òm a j'ha sentì càud, a s'é dëspojà. Parèj ël vent marin a j'ha pro dovù dir ch'a l'era 'l sol ch'a l'era pi fòrt che chiël.",Homme,902.4474065894512,1541.3932340426388,6.89460643394935,71.26685831622177,0
226,Cornish,EU,-5.227681,50.233435,https://atlas.lisn.upsaclay.fr/sounds/Redruth_Cornish.mp3,"Gwyns an noor hag an howl era o tisputya 'dro dhe beneyl o an creffa, termyn a dheth viajer gen mantel tobm 'dro dhodho. An dhew a dhetermyas fatel peneyl a venja soweny en kensa dhe wul ort an viajer diwiska y vantel, ev a via ajonys creffa vel an onen aral. Nena a whethas gwyns an noor mar crev dre alja, bes an moya dre wruga va whetha, an moy tydn a blegyas an viajer y vantel 'dro dhodho; ha wortiwedh a naghas gwyns an noor an assay. Nena a spladnas an howl en tobm, hag an viajer a dhiwiskas y vantel straft arta. Ha 'della res o dhe wyns an noor amyttya dr'o an howl an creffa a'n dhew.",Femme,685.3385438686852,1099.6293672064585,12.742450376454483,84.37184804928131,0
227,Corte,France,9.15,42.3,https://atlas.lisn.upsaclay.fr/sounds/Corte.mp3,"A tramuntana è u sole si litigavanu, ognunu assicurendu ch'ellu era u più forte, quand'elli anu vistu un viaghjatore chì avanzava, mantellatu. Si sò intesi chì quellu chì riescirà u primu à fà caccià u so mantellu à u viaghjatore serà vistu cum'è u più forte. Allora a tramuntana s'hè messa à suffià di tutte e so forze. Ma più suffiava, più u viaghjatore si stringhjia u mantellu addossu è à a fine, a tramuntana ci hè ghjunta di fallilu caccià. Allora u sole hà cuminciatu à lucicà è à u capu di una stonda, u viaghjatore, riscaldatu, hà cacciatu u mantellu. Cusì, a tramuntana hà avutu à ricunnosce chì u sole era u più forte di i dui.",Homme,528.153749179699,689.7243885276108,16.974825462012323,68.23485968514716,0
228,Courcelles,Belgique,4.375191,50.463465,https://atlas.lisn.upsaclay.fr/sounds/Courcelles.mp3,"El vint d'bîje èyèt l'soya astin' a margaye : yun come l'aute astoût seûr dè yèsse èl pus foûrt. Et v'la qu'arive in ome a pîds, èfachi dins in vî pal'tot. Nos deûs artabans trouv'nèt la ène maniére dè fé n'gadjure. Ene vréye gadjure dè soufleû ! El cén qui parvénra a fé r'satchî s'fraque au pèstèleû, èç'ti-la sera bén seûr èl pus foûrt... Come fut dit fut fé. El vint d'bîje s'a mètu a chouflér, a chouflér a s'fé pètér lès peûmons. Mins pus' qu'i chufloût, èyèt pus' què l'ome sè r'sèroût dins s'pal'tot... El vint d'bîje, a court d'alène, èrnonce a s'n-afére. Et la d'ssus, l'soya s'mèt a lûre, a tchaufér, a fé suwér bièsses èt djins. Tél'mint foûrt què l'ome nè fé ni yeune ni deûs : i r'satche ès pal'tot èyèt l'tape su s'n-èspale. ""Et adon qwè, vî cous', dit-st-i l'soya au vint d'bîje co tout panmè? L'ome èm done réson : c'èst bén mi l'pus foûrt !...""",Homme,576.8985741680225,1155.2322151610376,10.816584531143054,82.7822997946612,0
229,Courçon,France,-0.8139063913783128,46.24352248141799,https://atlas.lisn.upsaclay.fr/sounds/Courcon_d_Aunis.mp3,"L' ébisaïl pi le soulaïl se gueurmeliant ; le disiant cheuqun qu' ol été li l' pu groû ! Tot d' un côt, l' avant vu un voéyajhou tout encatiné dans son paltôt qui s' approchit d' zeux. L' étiant d' assent pr dire que chaula qui li f'rait cheure sun paltôt l'  prmé, o s'ra li l' pu fort. Aussitout, l' ébisaïl buffa, buffa autant queme autant ; pi maè qu' a buffe, maè que l' bouhoume se canijhe dans son paltot. Pi au bout d' un moument, l' abisaïl a calé ! D'  çhau temp, le soulail beurluta si fort que l'  finit pr achaler le voéyajhou qui fit cheure à bas son paltôt. D' chau côt, l' ébisaïl arqueneussut qu' ol été le soulaïl l' maestre !",Femme,674.2679454729333,1086.5369858559638,13.87639972621492,78.35692676249144,0
230,Courtavon,France,7.20691,47.46093,https://atlas.lisn.upsaclay.fr/sounds/Courtavon.mp3,"Lai bije et le sraye se dichpitïnt, tyétyün étaint chur d'étre le pus foûe, tyaind é aint vu ïn voiyaidjou que s'avainçait engoncè dains son mainté. Es sont tchois d'aiccoûe que ç'tu qu'airriverait le premie è faire rôtaie son mainté à voiyaidjou serait ravouéti c'ment le pus foûe. Alors lai bije s'ât botè è souçhiaie de tote sai foûeche, mains pus èlle souçhiait, pus le voiyaidjou sarrait son mainté atouè de lu et è lai fïn, lai bije è r'noncè è le lu faire rôtaie. Alors le sraye è aiccmencie è brillie et à bout d'ïn môment, le voiyaidjou, rétchâdè è rôtè son mainté. Ainchi, lai bije è du r'conniatre que le sraye était le pus foûe des dous.",Homme,555.4499518518172,1056.0150543443733,9.907049965776865,81.33331279945243,0
231,Couvin,Belgique,4.495239,50.05191,https://atlas.lisn.upsaclay.fr/sounds/Couvin.mp3,"El bîje èyèt l' solia s' tignént, chakin prètindant qu'il èsteut l' pus fôrt, quant is-ont vèyu in voyadjeû qui s'avanceut, invlopè dins s' mantcha. Is sont tcheûs d'acôrd què l' cé qu'ariv'reut l' preumî à fé r'satchî s' pal'tot au voyadjeû s'reut wétî come èl pus fôrt. Adon, l' bîje s'a mètu à chouflér dè toutes sès fôces, més pus qu'èle choufleut, pus qu'èl voyadjeû sèreut s' mantcha alintour dè li èt à l' fin, l' bîje a r'noncè à li fé alvér. Adon, l' solia a comincî à lûre èt, au d'bout d'in momint, l' voyadjeû, r'tchandi, a r'satchî s' paltot. Insi, l' bîje a sti oblidjîe dè r'conète què l' solia èsteut l' pus fôrt dès deûs.",Homme,725.9957230464983,1329.7040308953012,10.29056810403833,84.10185489390828,0
232,Crécy-en-Ponthieu,France,1.882016,50.252053,https://atlas.lisn.upsaclay.fr/sounds/Crecy-en-Ponthieu.mp3,"Ech vint pi ch'solé i s'disputoait't. Chatchun i pinsoait qu'l'eute il étoait l'pu fort. Pi lo iz ont vu un voéyageur qui s'avançoait, inveloppé din sin mintieu. I sont tcheu d'accord que chti qu'il arriveroait ch'premier à foaire inlver sin mintieu à ch'voyageur i sroait rbéyé comme éch pu fort. Alors', ech vint i s'est mis à souffler d'toute es forche, mais pu i souffloait, pu ch'voyageur i serroait sin mintieu autour éd li. Et pi à l'fin, ech vint il o rnoncé à inlver sin mintieu, alors ech solé il o cminché à briller, pi au bout d'un momint, ch'voyageur, réqueuffé, il o inlvé sin mintieu. Alors, ech vint il o connu qu'ech solé, ch'étoait li ech pu fort des deux.",Femme,686.0495176136883,1643.245941036251,11.148507871321012,85.11017796030116,0
233,créole dominiquais,AG,-61.3879188697912,15.298718689348036,https://atlas.lisn.upsaclay.fr/sounds/creole_dominiquais.mp3,"Van nòd-la èvè sòlèy-la té ka dispité asou kilès ki pli fò, lè on vwayajè wivé byen chofé, voplé andan on gwan swèta. Yo dakò asou moun-la ki té sa fè vwayajè-a tiwé swèta-a pli vit, sé moun-la ki pli fò. Van nòd-la koumansé ka vanté èvè tout pwisans li, mé pli i souflé sé pli vwayajè-a té ka éséyé voplé kò'y plis èvè swèta-a, finalman van nòd-la té bon èvè sa, i awété éséyé. Atjwèlman sé té sòlèy-la pou éséyé. I koumansé ka fann tè, èvè i paté ni lontan, vwayajè-a tiwé swèta-a asou y. Konsa, van nòd-la té oblijé admèt kè sòlèy-la té pli fò ki y.",Femme,600.5271620455762,890.2342478115149,27.192539356605067,77.68539356605065,1
234,créole guadeloupéen,WorldMap,-61.535,16.2385,https://atlas.lisn.upsaclay.fr/sounds/Guadeloupe.mp3,"Konpè van fwèt té adan on babyé èvè konpè solèy. Pannan yonn té ka di lòt sé li ki pli fò, yo vwè on vwayajè ki té ka maché, i té vlopé an manto a-y. Yo mèt yo dakò pou di tala ki ké rivé fè vwayajè-la woté manto a-y, sé li ki ké pli fò la. Alòs, konpè van fwèt konmansé souflé, i souflé, i souflé, i souflé. Men pi i té ka souflé pi vwayajè-la té ka séré manto-la alantou a-y. Afòs afòs, konpè van fwèt té obijé lésé tonbé. Alòs konpè solèy konmansé chofé, é apré on ti tan vwayajè-la té cho é i woté manto a-y. Sé konsa Konpè van fwèt té blijé rikonnèt sé konpè solèy ki té pli fò adan yo.",Femme,679.0999442548584,1120.0814576415717,27.365188227241617,77.369575633128,1
235,créole guadeloupéen,AG_Guyane,-61.535,16.2385,https://atlas.lisn.upsaclay.fr/sounds/Guadeloupe.mp3,"Konpè van fwèt té adan on babyé èvè konpè solèy. Pannan yonn té ka di lòt sé li ki pli fò, yo vwè on vwayajè ki té ka maché, i té vlopé an manto a-y. Yo mèt yo dakò pou di tala ki ké rivé fè vwayajè-la woté manto a-y, sé li ki ké pli fò la. Alòs, konpè van fwèt konmansé souflé, i souflé, i souflé, i souflé. Men pi i té ka souflé pi vwayajè- la té ka séré manto-la alantou a-y. Afòs afòs, konpè van fwèt té obijé lésé tonbé. Alòs konpè solèy konmansé chofé, é apré on ti tan vwayajè-la té cho é i woté manto a-y. Sé konsa Konpè van fwèt té blijé rikonnèt sé konpè solèy ki té pli fò adan yo.",Femme,679.0999442548584,1120.0814576415717,27.365188227241617,77.369575633128,1
236,créole guyanais,WorldMap,-52.32217,4.933704,https://atlas.lisn.upsaclay.fr/sounds/Guyane.mp3,"Van ké solèy té ka babyé, yéchak ka di li pi fò pasé ròt-a, atò yé wè oun vwayajò ka rivé vlopé annan so manto. Yé mété yékò dakò pou di sa ki ké rivé fè vwayajò-a tiré so manto, a li ki ké pi fò. Alò, van mété vanté atè, mé pli li té ka vanté, pli vwayajò-a té ka séré manto-a fò asou so kò. Aprè tousa, van fin' ké sa. Aprézan, solèy koumansé pété sèk, lò to konprann, chalò asou vwayajò-a, a sa ki fè li tiré manto-a. A pousa, van té oblijé di, a solèy ki pi fò.",Homme,473.68344974471074,1372.4193258608514,26.49030800821355,85.62360027378509,1
237,créole guyanais,AG_Guyane,-52.32217,4.933704,https://atlas.lisn.upsaclay.fr/sounds/Guyane.mp3,"Van ké solèy té ka babyé, yéchak ka di li pi fò pasé ròt-a, atò yé wè oun vwayajò ka rivé vlopé annan so manto. Yé mété yékò dakò pou di sa ki ké rivé fè vwayajò-a tiré so manto, a li ki ké pi fò. Alò, van mété vanté atè, mé pli li té ka vanté, pli vwayajò-a té ka séré manto-a fò asou so kò. Aprè tousa, van fin' ké sa. Aprézan, solèy koumansé pété sèk, lò to konprann, chalò asou vwayajò-a, a sa ki fè li tiré manto-a. A pousa, van té oblijé di, a solèy ki pi fò.",Homme,473.68344974471074,1372.4193258608514,26.49030800821355,85.62360027378509,1
238,créole haïtien,AGVoisin,-72.302226,18.587529,https://atlas.lisn.upsaclay.fr/sounds/creole_haitien.mp3,"Konpè van te nan yon machwè gonfle ak konpè solèy. Pandan yonn tap di lòt se li ki pi fò, yo wè yon vwayajè ki t ap mache, li te vlope nan yon palto. Yonn di lòt sa ki rive fè vwayajè a wete palto a se li ki pi fò. Avan chat pran tiwèl, konpè van tonbe soufle, li soufle, li soufle. Men, plis li t ap soufle plis vwayajè a t ap vlope tèt li nan palto a. Se konsa konpè van te vin blije kite sa. Alèkile konpè solèy pran chofe. Apre yon ti tan, vwayajè a, wete palto a. Konsa konpè van te blije rekonèt se konpè solèy ki pi fò antre yo.",Femme,629.5923718145687,930.8700231517794,27.793901437371662,66.6678302532512,1
239,créole martiniquais,WorldMap,-61.0732,14.6036,https://atlas.lisn.upsaclay.fr/sounds/Martinique.mp3,"Van ek soley té ka babié, yo chak té ka testé sé yo ki pli fò pasé lot-la, lè yo wè an drivayè ka vini bò yo, vlopé adan manto'y. Yo mété kò-yo dakò komkwa tala ki té ké rivé an primié fè drivayè-a woté manto'y, sé té ké li pli fò-a. Alos, van-an mété kò'y ka souflé tout fos-li, men pli i té ka souflé, pli drivayè-a té ka fèmen manto'y a lantou kò'y ek a lafen, van-an kité tonbé lidé di fè'y tiré manto-a. Alos soley-la koumansé briyé ek adan an ti moman tan, drivayè-a, ki té cho pasé cho, tiré manto-a. Kidonk, van-an té blijé rikonnet sé soley ki té pli fò adan yo dé.",Homme,516.7813812356632,1092.8910593628111,27.692197125256676,76.70302532511978,1
240,créole martiniquais,AG_Guyane,-61.0732,14.6036,https://atlas.lisn.upsaclay.fr/sounds/Martinique.mp3,"Van ek soley té ka babié, yo chak té ka testé sé yo ki pli fò pasé lot-la, lè yo wè an drivayè ka vini bò yo, vlopé adan manto'y. Yo mété kò-yo dakò komkwa tala ki té ké rivé an primié fè drivayè-a woté manto'y, sé té ké li pli fò-a. Alos, van-an mété kò'y ka souflé tout fos-li, men pli i té ka souflé, pli drivayè-a té ka fèmen manto'y a lantou kò'y ek a lafen, van-an kité tonbé lidé di fè'y tiré manto-a. Alos soley-la koumansé briyé ek adan an ti moman tan, drivayè-a, ki té cho pasé cho, tiré manto-a. Kidonk, van-an té blijé rikonnet sé soley ki té pli fò adan yo dé.",Homme,516.7813812356632,1092.8910593628111,27.692197125256676,76.70302532511978,1
241,créole mauricien,OIVoisin,57.57853,-20.107441,https://atlas.lisn.upsaclay.fr/sounds/creole_mauricien.mp3,"Labriz ek soley ti pe lager, sakenn pe dir li-em pli for. Hep! zo'nn trouv enn voyazer ek enn palto pe vini. Alors zo'nn met paryaz: premie ki fer voyazer-la tir so palto, li-em pli for. Labriz inn koumans soufle pli for ki li kapav, me pli li ti pe soufle, pli voyazer-la ti pe ferm so palto, ziska inn ariv ler ki labriz inn les tonbe. Lerla soley inn koumans pike bien for. Voyazer-la inn koumans gegn enn kalite so, li'nn bizen tir so palto. Ala labriz inn bizen aksepte ki soley-la pli for ant zot de.",Femme,644.6458059296322,775.867400416141,25.237268993839837,76.08568788501027,1
242,créole réunionnais (des Bas),WorldMap,55.4494,-20.87959,https://atlas.lisn.upsaclay.fr/sounds/La_Reunion.mp3,"Lo van ék soléy té pou dispité, shakinn i kri ali pli for, lèr zot la oir in voyazèr pou marshé, angaroté dann son manto. Bann la tonm dakor pou di lo premié i arivé fé anlév le voyazèr son manto va tonm kom le pli for. Alors, lo van la komans souflé tou son fors, mé plis li té souf, plis le voyazèr té angarot son manto dési li, a la fin, lo van la larg lidé séy fé anlév ali son manto. Alors soléy la komans briyé é in moman apré, le voyazèr, pou shof soléy, la anlév son manto. O final, lo van la du arkonét soléy té le pli for rant zot dé.",Homme,734.0785299683537,1431.3370044673081,21.924496919917864,77.87058863791923,0
243,créole réunionnais (des Bas),OI,55.4494,-20.87959,https://atlas.lisn.upsaclay.fr/sounds/La_Reunion.mp3,"Lo van ék soléy té pou dispité, shakinn i kri ali pli for, lèr zot la oir in voyazèr pou marshé, angaroté dann son manto. Bann la tonm dakor pou di lo premié i arivé fé anlév le voyazèr son manto va tonm kom le pli for. Alors, lo van la komans souflé tou son fors, mé plis li té souf, plis le voyazèr té angarot son manto dési li, a la fin, lo van la larg lidé séy fé anlév ali son manto. Alors soléy la komans briyé é in moman apré, le voyazèr, pou shof soléy, la anlév son manto. O final, lo van la du arkonét soléy té le pli for rant zot dé.",Homme,734.0785299683537,1431.3370044673081,21.924496919917864,77.87058863791923,0
244,créole réunionnais (des Hauts),OI,55.520799,-21.283093,https://atlas.lisn.upsaclay.fr/sounds/creole_reunionnais_(des_Hauts).mp3,"Soley avek le van té apré esey kalkulé kisa lé plu for ant zot deu. ""Ma mont aou sé mwin lé plu for la"", di le van. Mi sa fer tir granmonn la son palto plu vit ou seré kapab. Alor le van la komans souflé, for, for minm. Oplus lu té soufl, oplus le granmonn i garoté alu dan son palto. Aforstan le van la fatigé, in mandoné lu la arété. Alor soley la komans pwaké, san tardé la shaler la komans monté, le granmonn la tir son palto. Alor le van té oblijé arkonèt sé solèy té le plu for ant zot deu.",Femme,819.2762769819803,1625.3080653248333,24.580773442847367,76.75278576317591,0
245,créole rodriguais,OI,63.418526729985786,-19.682815439026868,https://atlas.lisn.upsaclay.fr/sounds/creole_rodriguais.mp3,"Labriz ek soley ti pe lager, saken persiste seta ki pli for ki zot kamwad. Kan zot inn trouv enn etranze aprons zot, envelop dan so palto, zot inn tonb dakor ki premie ki resi fer étrange la tir so palto, limem pli for. Alor, labriz la soufle ek tou so lafors me pli li soufle, plis etranze la ti pe ser so palto me a la fin, labriz pann resi. Alor, soley inn koumans tape e enn timaman, etranze telman pe gagn so, tir so palto. Koumsamem labriz inn bizen rekonet ki soley em pli for ent zot de.",Femme,729.691238104909,1404.9479577238592,25.17311430527036,77.90288843258043,1
246,créole sainte-lucien,AGVoisin,-60.988696,14.010157,https://atlas.lisn.upsaclay.fr/sounds/creole_sainte-lucien.mp3,"Van épi sòlèy té ka babyé, yo chak ka di i fò pasé lòt, lò ou konprann yo wè on vwayajè ka wivé tout kò-y vlopé épi an palto. Yo mété kò-yo dakò pou di sa ki wivé fè misyè-a tiwé palto-y, sé li ki pli fò. Alò, van koumansé vanté, i vanté, i vanté, pli i vanté, pli vwayajè-a ka séwè palto-y anlè-y. Van té las, i awété sa. Aprézan, sòlèy pran, i koumansé chofé wèd. Lò ou konprann vwayajè-a té tèlman cho, i anni ki tiwé palto-y an sèl kou. Sépousa va té obligé di sé sòlèy ki pli fò.",Femme,480.6491369255488,613.2288986889166,27.824490075290896,76.28741273100616,1
247,créole seychellois,Africa,55.45085310920936,-4.620158552266932,https://atlas.lisn.upsaclay.fr/sounds/creole_seychellois.mp3,"Divan dan nor ti pe argimante avek soley lo lekel ki pli for ki lot. Me ler divan nor ti vante, vwayazer ti wrap li dan son coat. La finalman zot ti agree ki sa enn ki kapab tir son palto lo li, li ki pou pli for. Apre, divan nor ti soufle pli for ki i kapab, vwayazer ti reste dan son coat kole lo li. E la zot ti bezwen kit lanmenm, aret seye. Apre soley ti konmans sofe so, so, so, so, so. E en sel kou, vwayazer ti tir son triko lo li e zot ti admit ki soley i pli for ki tou.",Femme,685.1241112611525,966.5841857967451,27.49110198494182,80.2764887063655,1
248,crioulo cabo-verdiano,AGVoisin,-23.522836,14.912355,https://atlas.lisn.upsaclay.fr/sounds/capverdien.mp3,"Béntu ku sol stába ta discuti kal d-ês éra más fórti. Di repenti, ês odja um viajánti ta pása. Nton sol fla: - Dja-m sabi módi ki nu ta disidi nós kázu. Kál ki konsigi fazi kel ómi tra kazáku é más fórti. Béntu komesa ta sopra ku tudu si forsa, más kántu más e soprába, más kel ómi ta pertába si kazáku. Kántu béntu odja m-e ka sata konsigi fazi ómi tra kazáku, e pása si bés pa sol. Nton sol parsi i brilia ku tudu si forsa ki ómi xinti uma kalor i dipós e tra kazáku. I nton foi sol ki gánha. Asi sol mostra ma el e más forti.",Femme,705.1332458647851,1234.1232887599588,24.837905544147844,78.53867214236824,0
249,Cros-de-Géorand,Croissant,4.1255,44.793233,https://atlas.lisn.upsaclay.fr/sounds/Cros-de-Georand.mp3,"La bisa e lo solelh se charpinhavan. Chascun afortissiá qu'èra lo pus fòrt. Tot d'un còp, s'avisèran qu'un permenaire s'acampava, tot envertolhat dins son mantèl. Tombèran d'acòrd, qu'aquelh que lo prumièr a faire tombar lo mantèl delh permenaire, seriá vist coma lo pus fòrt. Aquòdonc, la bisa se botèt a bofar, de mai en mai, mès mai bofava, mai lo permenaire s'acaptava embe son mantèl, e a la fin, la bisa renoncèt de i lo far quitar. Aquòdonc, lo solelh se botèt a picar, e pauc après, lo permenaire acharolat, quitèt son mantèl. Em'aquò, la bisa deguèt reconéisser que lo solelh èra lo pus fòrt daus dos.",Homme,910.342034336013,1444.8793997255336,10.165975359342916,77.70925393566051,0
250,Crozant,France,1.621337,46.391346,https://atlas.lisn.upsaclay.fr/sounds/Crozant.mp3,"La bise e le solelh se fascheven, chascun assureve qu'au z-ère le plus fòrt. A quau moment, ilhs an vut un voiageur que s'avanceve, envelopat dins son mantau. Ilhs an tombat d'acòrd que quau qu'arriverí le premier a lhi faire posar serí considerat come le pus fòrt. Alòr, la bise s'es mese a soflhar tant fòrt qu'ele poie, mès pus ele soflheve, pus le bonome sarreve son mantau autorn de lu, e a la fin, ele a renonçat a lhi faire posar. Le solelh a començat a brilhar e, au bot d'un moment, le bonome, qu'ère reschaufat, a enlevat son mantau. Qu'es alòr que la bise a estat bien oblijade de reconeistre que le solelh ère le pus fòrt de lhi deus.",Femme,760.1413626046227,1483.262089117678,12.38302532511978,77.88772073921972,0
251,Crozant / Crosenc,Occitanie,1.621337,46.391346,https://atlas.lisn.upsaclay.fr/sounds/Crozant.mp3,"La bise e le solelh se fascheven, chascun assureve qu'au z-ère le plus fòrt. A quau moment, ilhs an vut un voiageur que s'avanceve, envelopat dins son mantau. Ilhs an tombat d'acòrd que quau qu'arriverí le premier a lhi faire posar serí considerat come le pus fòrt. Alòr, la bise s'es mese a soflhar tant fòrt qu'ele poie, mès pus ele soflheve, pus le bonome sarreve son mantau autorn de lu, e a la fin, ele a renonçat a lhi faire posar. Le solelh a començat a brilhar e, au bot d'un moment, le bonome, qu'ère reschaufat, a enlevat son mantau. Qu'es alòr que la bise a estat bien oblijade de reconeistre que le solelh ère le pus fòrt de lhi deus.",Femme,760.1413626046227,1483.262089117678,12.38302532511978,77.88772073921972,0
252,Cuttoli-Corticchiato,France,8.909521,41.988417,https://atlas.lisn.upsaclay.fr/sounds/Cuttoli-Corticchiato.mp3,"A tramuntana è u soli si liticavani, ognunu assicurendu ch'eddu era u più forti, quandu vidini affaccà un viaghjadori, fasciatu in u so manteddu. Sì sò missi d'accunsentu chì quiddu chì ghjugnaria u prima à fà caccia u so manteddu à u viaghjadori saria u più forti. Tandu, a tramuntana s'hè missa à suffià di tutti i so forzi ma più suffiava, più u viaghjadori strignia u so manteddu intornu à eddu è fatta fini, a tramuntana rinunceddi à faddilu caccià. Allora u soli hè cuminciatu à scaldà è dopu à un muminteddu, u viaghjadori, ricuvaratu, hà cacciatu u so manteddu. Cusì a tramuntana hè stata in l'obblicu di ricunnoscia chì u soli era u più forti.",Homme,644.489317334272,1507.6065123400313,16.957364818617386,71.2670636550308,0
253,Daverdisse,Belgique,5.118018,50.02016,https://atlas.lisn.upsaclay.fr/sounds/Daverdisse.mp3,"Lu bîje èt l' solé astint a margaye, pou sawèr qui qu'astot l' pus fwârt, quand il ont vû in passant ratortiyi dins s' manté. I s'ont mètu d' acônrd qui l' prèmî qui li frot tirer s' manté srot l' pus fwârt. Lu bîje è cminci l' prumîre à choufler tant qu'èle savot, mês pus qu'èle chouflot, pus qu' l'ome su rassèrot dins s' manté. Lu bîje è yu bé choufler du toutes ses fwaces, èle è fini pa s'arèter sins rézultat. Adon, c'est l' solé qui s'è mètu à lûre du pus a pus fwârt, si bin qu' l'ome è fini pa tirer s' manté, èt l' bîje è bin du admete qui l' solé astot pus fwârt qui lèye.",Homme,563.4142934915706,1261.7822293883373,10.144277891854895,82.97253935660507,0
254,Delle,France,7.0,47.5,https://atlas.lisn.upsaclay.fr/sounds/Delle.mp3,"Lai bije et le s'raye se tchaimâyïnt, tchétçhun aichuraint qu'èl était le pus foûe tiaind qu'ès aint vu ïn viaidgeou qu's'aivainçait, envôj'nè dains son mainté. Es sont tchu d'aiccoûe que c'tu qu'airriv'rait le premie è faire rôtaie son mainté â viaidgeou, s'rait raivoétie c'ment l'pus foûe. Dâli, lai bije s'ât botèe è çhioûçhaie de tote sai vidyoure, mains pus elle çhioûçhait pus le viaidgeou sèrrait son mainté âtoué d'lu et en lai fïn, lai bije é r'noncie è lu faire eny'vaie. Dâli le s'raye é èc'mencie è r'yûre et â bout d'ïn môment, le viaidgeou, rétchâdè, é eny'vè son mainté. Dïnche, lai bije é daivu r'coégnâtre que le s'raye était le pus foûe des dous.",Femme,612.8088984261533,1048.788280326497,10.195119780971936,80.4245516769336,0
255,Delme,France,6.3931,48.8878,https://atlas.lisn.upsaclay.fr/sounds/Delme.mp3,"Lè bīhhe et lo s'la s'hèrpoyïnt, chékin èhhuriant qu'l'ateūt lo pus fôrt, quand i z'ont vu i vayèjou qu' s'rèvançieūt rantokieu dans so manté. I sont chus d'écōrd qu' lo çu qu' èriv'reut lo premîn è fāre roūter so manté au vayèjou s'reūt rwātieu come lo pus fôrt. Èt pis lè bīhhe s'āt mis è hhofieu de tote sè fōhhe, mās pus eule hhofieut, pus lo vayèjou sāreut so manté aūto d' lu. Et è lè fin, lè bīhhe è r'noncé è lo li fāre roūter. Et pis, lo s'la è comancieu è r'lūre. Et au bout d'i moment, lo vayèjou réhhaufieu è roūteu so manté. Anlè lè bīhhe è dû r'conahhe que lo s'la ateūt lo pus fôrt dés dous.",Femme,677.290224624203,1232.0917014998263,10.883086926762491,80.37245722108145,0
256,Demnate,Maroc,-7.013139,31.733002,https://atlas.lisn.upsaclay.fr/sounds/Demnate.mp3,"ⵜⴰⴼⵓⴽⵜ ⴷ ⵓⵚⵎⵎⵉⴹ ⵉⴽⴽⴰⵜⵜⵉⵏ ⴰⵔ ⵜⵜⵥⵉⵏ. ⴽⵓⵢⴰⵏ ⴰⵔ ⵉⵜⵜⵉⵏⵉ : « ⵏⴽⴽⵉⵏ ⴰⴼⵍⵍⴰⴽ ⵉⵚⵃⴰⵏ ». ⵢⴰⵜ ⵍoⵇⵜ ⵥⵕⴰⵏ ⵢⴰⵏ ⴰⵔⴳⴰⵣ ⵉⵙⵙⵓⴷⴰⴷ ⵣⵖ ⵍⴱⵄⵉⴷ ⵉⵍⵙⴰ ⴰⵙⵍⵀⴰⵎ ⵏⵙ. ⵜⴰⴼⵓⴽⵜ ⴷ ⵓⵚⵎⵎⵉⴹ ⵏⴼⴰⵀⴰⵎⵏ ⴼⵓ ⵢⴰⴷ. ⴰⵎⵣⵡⴰⵔⵓ ⴷⴰ ⵉⵖⵉⵏ ⴰⵢⴽⴽⵙⵏ ⴰⵙⵍⵀⴰⵎ ⵉ ⵓⵔⴳⴰⵣ, ⵏⵜⵜⴰⵏ ⴰⵢ ⵉⵚⵃⴰⵏ. ⵉⴱⴷⴰ ⴰⵚⵎⵎⵉⴹ ⴰⵔ ⵉⵚⵓⴹⵓ ⴼⵓ ⵓⵔⴳⴰⵣ ⵙ ⵍⵊⵀⴷ. ⴽⵓⵍⵍⴰ ⵎⴰ ⴰⵔ ⵉⵜⵜⵚⵓⴹⵓ ⴽⵓⵍⵍⴰ ⵎⴰ ⴰⵔ ⵉⵜⵜⵣⴰⵢⴰⴷ. ⵉⴽⵎⵎⵛ ⵖⵓ ⵙⵍⵀⴰⵎ ⴳ ⵍⵍⵅⵔ ⴰⵚⵎⵎⵉⴹ ⵉⵄⵢⴰ. ⵜⵓⵛⴽⴰⴷ ⵜⴰⴼⵓⴽⵜ ⵜⴱⴷⴰ ⴰⵔ ⵜⵔⵇⵇⴰ. ⴷⵓ ⵓⵔⴳⴰⵣ ⵉⴱⴷⴰ ⴰⵔ ⵉⵜⵜⵄⵔⴰⵇ, ⵢⵓⵛ ⴽⴰ ⵢⴰⵙⴷ ⵚⵚⵀⴷ. ⵉⴽⴽⵙ ⴰⵙⵍⵀⴰⵎ ⵉⴳⴰⵜ ⴳ ⵓⴼⵍⵍⴰ ⵏ ⵜⵉⵖⵔⴰⴹ ⵏⵙ. ⵜⴰⴼⵓⴽⵜ ⵜⵖⵔⴰ ⵢⴰⵙ ⵉ ⵓⵚⵎⵎⵉⴹ; ⵜⵏⵏⴰⵢⴰⵙ ⵏⴽⴽⵉⵏ ⴰ ⵉⵔⴱⵃⵏ.",Femme,597.452815717936,956.7705911240392,15.108001368925395,47.20797399041753,0
257,Denain,France,3.395586,50.327708,https://atlas.lisn.upsaclay.fr/sounds/Denain.mp3,"El'vint d'bise et l'solel, i z'étotent in brisboule. Tous les deux, i disotent qu'i z'étotent el'pus fort. Ch'est alors qu'i z'ont vu un voïageur s'avincher, tout infardélé dins sin mantiau. I s'sont mis d'accord pou dire que ch'ti lal qu'i arriverot à faire inl'ver sin mantiau à monhomme, i s'rot ravisé comme el'pus fort. Adon, el'vint ed'bise, i s'a mis à souffeller ed'tous ses forches, mais pus qu'i soufflot, pus que l'voïageur, i serrot sin mantiau autour ed'li, si bin que l'vint d'bise, i-a arnonché à li faire inl'ver. Adon, l'solel, i-a c'minché à briller, et, au bout d'un momint, l'voïageur, récauffé, i-a inl'vé sin mantiau. Du cop, l'vint d'bise, i-a été obligé d'arconnaîte, qu'ch'étot l'solel, el'pus fort des deux.",Femme,632.1036930949055,1209.422966288721,11.345092402464067,82.34185489390828,0
258,Dinant,Belgique,4.89882,50.272879,https://atlas.lisn.upsaclay.fr/sounds/Bouvignes-sur-Meuse.mp3,"Li bîje èt l' solia si disputint, chaque dijant qu'il èsteut l' pus fwârt, quand il ont vèyu on voyadjeû qu'ariveut, èburtaquè dins s' mantia. Il ont tchèyu d'acwârd qui l' cia qu'arivereut l' preumî qui freut satchi s' mantia au voyadjeû sèreut r'conu come èstant l' pus fwârt. Adon l' bîje s'a mètu à soflè à tote fwace, mins au pus qu'èle sofleut, au pus l' voyadjeû sèreut s' mantia autoû d' li, et po fini, li bîje a aband'nè l'idéye di lî fè satchi. Adon l' solia a c'minci à lûre èt, après saquants minutes, li voyadjeû, rèstchaufè, a raustè s' mantia. Insi, il a falu qui l' bîje riconèche qui l' solia èsteut l' pus fwârt dès deûs.",Homme,686.0461354228007,1438.5011053978285,10.65015742642026,82.43041067761807,0
259,diola,Africa,-16.41623553827887,12.521387871391438,https://atlas.lisn.upsaclay.fr/sounds/diola.mp3,"Érus so Bunaa guvágen guccenŋor ccénŋor, anó ann naah açila afaŋe sembe appalol. Ni guomme siccéŋor sasu ni guŋaden ayasa nájieu me akano fujuó ñuoh. Ñer ni gujamor buóh ann amúndume akkan miin ayasa ahu ápuren fujuó ól n'gufas buóh açila afaŋe sembe. Maamu, Érus neilo éffulen ni sembe bare manoman éffulene ayasa ahu najoh fujuó ól liŋ tir, fupurut. Érus ni mufaŋ yo ne hat éffulen. Mamu, Bunaa ni biilo buya, buyae piout ayasa ahu ennilol nésup iki apuren fujuó ól. No Érus guvágen emaŋe buóh Bunaa bufaŋ yo sembe.",Homme,511.86289807366074,1099.3242260805596,26.656563997262147,69.84750855578372,1
260,Dison,Belgique,5.852924,50.610272,https://atlas.lisn.upsaclay.fr/sounds/Dison.mp3,"Lu bîhye èt l' solo su gaurmètît, chasconk acertinant ku c'esteût lu l' pus fwêrt, cand-t il ont vèyou on voyèdjeû k'avancéve, èwalpé duvans s' mantê. Il ont toumé d'acwârd po dîre ku li cî k'arivreût l' prumî a lî fé wèster si mantê – ô voyajeû – sèreût loukî come lu pus fwêrt. Adô, lu bîhye s'a mètou a sofler du s' pus fwârt, mês ô pus' k'èle sofléve, ô pus' lu voyadjeû sèréve-ti su mantau ôtoû d' lu. Et po fini, li bîhye a runoncî a lî fé dusfé. Adô l' solo a cmincî a lûre èt après ô momint, lu voyèdjeû, rèshyandi, a dusfêt s' mantê. Insi, lu bihye a dvou ricnohye ki lu solo estét lu pus fwârt du zels deûs.",Femme,622.6737699494249,1174.4379199859836,10.312929500342232,82.08999315537302,0
261,Dolus-d'Oléron,France,-1.2619798681406926,45.9112319804876,https://atlas.lisn.upsaclay.fr/sounds/Dolus_d_Oleron.mp3,"Le vent d'Nordé et le soleil s'engueuliant. Ol été à qui qu'aurait raison quand ils avant vut' un baignassout' s'en v'nit' avec ine grousse peunique su l'échine. Y s'avant mit d'accord en disant que cheu qu'arriverait' à yi faire enlever sa peulique de l'échine, en premier, ol é cheu-là qu'aurait raison. Alors le vent d'Nordé s'a mit à buffer tant qu'à bon compte, mais pu qu'i buffait', pu qu'le baigneur s'enroulait' et s'accrochait' à sa mourinde. Si ben que l'vent d'Nordé a fini par lâcher l'affaire. Alors le souleuil s'a mit à grâler et au bout d'un moument le baignassout a fini par se décapeler. Tant et si beun que l'vent d'Nordé a beun été oblighé d'admette qu'ol é l'souleuil qui avait raison.",Femme,623.9399197682266,1160.8783362746954,14.477330595482547,79.66718001368925,0
262,Domessargues,France,4.165193,43.973711,https://atlas.lisn.upsaclay.fr/sounds/Domessargues.mp3,"graphie classiquegraphie mistralienneLa rispa e lo sorelh se carcanhavan ; cadun das dos afortissiá qu'èra lo mai fòrt, quand veguèron un viatjaire que veniá, tot emmantelat. Faguèron la pacha per dire que lo que capitariá de li faire tombar son mantèl seriá vist coma lo mai fòrt. Adonc la rispa se meteguèt a bofar que desbanava los buòus, a bofar tant que podiá, mès mai bofava, mai s'acatava lo viatjaire dins son mantèl, fai qu'a la fin la rispa abandonèt.  Adonc lo sorelh acomencèt de lusir e après un moment, lo viatjaire, qu'èra rescaufat, levèt son mantèl. Es coma aquò qu'a la rispa li foguèt reconéisser que lo sorelh èra lo mai fòrt das dos. La rispo e lou sourel se carcagnàvou ; cadun das dous afourtissiè qu'èro lou mai fort, quand veguèrou un viajaire que veniè, tout enmantelat. Faguèrou la pacho per dire que lou que capitariè de li faire toumba soun mantèl seriè vist coumo lou mai fort.  Adounc la rispo se meteguè à boufa que desbanavo lous biòu, à boufa tant que poudiè, mè mai boufavo, mai s'acatavo lou viajaire din soun mantèl, fai qu'à la fi la rispo abandounè. Adounc lou sourel acoumencè de lusi e après un moumen, lou viajaire, qu'èro rescaufat, levè soun mantèl. Es coumo acò qu'à la rispo li fouguè recouneisse que lou sourel èro lou mai fort das dous.",Homme,575.1753165146174,1367.1974054539337,15.156940451745381,68.53970568104037,0
263,"Dompierre-
les-Églises",Croissant,1.254,46.226,https://atlas.lisn.upsaclay.fr/sounds/Dompierre-les-Eglises.mp3,"La bise e le solelh se disputevan, tots los dos ilhs assurevan qui qu'ère le plus fòrt, quand ilhs an vegut un voiageur que s'avancève, envelopat dins son mantèl. Ilhs eran d'acòrd que queu-qui qu'arriverí le premier a faire enlevar son mantèl au voiageur sarí gaitat come le plus fòrt. E ben la bise s'a mes a soflar de tote sa fòrce mès plus ele soflève, plus le voiageur sarrève son mantèl autorn de lu, mès a la fin, la bise a renonçat a l'i faire enlevar. E ben le solelh a començat a brilhar e au bot d'un moment, le voiageur, reschaufat, a enlevat son mantèl. E ben la bise a degut reconeistre que le solelh eu ère le plus fòrt de tots los dos.",Femme,573.4145508673521,568.9959927421787,12.398720054757016,78.08290896646133,0
264,Dornbirn,Autriche,9.742447,47.412089,https://atlas.lisn.upsaclay.fr/sounds/Dornbirn_Vorarlbergish.mp3,"Amol hend sich da Nordwind und d'Suna gstriatta, wer vo ena beidna da stärkere ischt, do ischt an Wandara mit anam warma Mandl ums eck ko. Sie hend abgmacht das der da Stärkere ischt, der's schafft das da Wandara da Mandl uszüht. Da Nordwind het agfanga mit alla Kraft zum blosa, aba umsomehr er blost, umso mehr schlüft da wandra in mantl ine. Nach a zit het da Nordwind ufgia. Danoch het d'Suna agfanga d'Luft zum ufwärma und schon nach a par Ogabilck züht da Wandara sin Mantl us. Do het da Nordwind zugig müssa das d'Suna stärker ischt wia Er.",Homme,584.6212139796766,1154.1665135037981,7.834914442162901,81.78446269678302,0
265,Dornum,Deutschland_OF,7.428021,53.644864,https://atlas.lisn.upsaclay.fr/sounds/Dornum.mp3,"Eenmaal harren sük Noordwind un Sünn in d' Wull, well van hör beid woll de Starkste weer, as daar en Wandersmann, de 'n warm Jopp um sük to harr, de Weg andaal leep. Se wurren sük eenig, dat de as de Starkste gelden sull, de de Wandersmann daarto dwingen de, sien Jopp oftoleggen. De Noordwind puust mit all Macht, man um so mehr as he puusten dee, um so stiever pack sük de Wandersmann in sien Jopp in. Uplest geev de Noordwind de Kampf up. Nu dee de Sünn de Luft mit hör fründlich Strahlen anwarmen, un al na 'n hennigen Sett truck de Wandersmann sien Jopp ut. Do muss de Noordwind togeven, dat de Sünn van hör beiden woll de Starkste weer.",Homme,700.587905931581,1363.0751068008076,10.637967145790554,84.19889801505818,0
266,Dörpling,Deutschland_SH,9.300000190734863,54.25,https://atlas.lisn.upsaclay.fr/sounds/Dorpling.mp3,"In ole Tieden streden sik Noordenwind und Sünn, wokeen von'ne beiden wohl de Starks weer. As ein Wwnnersmann, de in ein warm'n Mantel stecken dee, ünnerwegens weer. Se worden sik eini, dat de de Starkst ween schull, de den Wannersmann so nödigen worr, dat he sien Mantel uttrecken muss. De Noordenwind puus mit all sien Kraft, man je mehr he pusten dee, je faster trock de Wannersmann sien Mantel üm sik. Toletzt geev de Noordenwind sien Meugde op. Nu mookt de Sünn de Luf mit ehren fründlichen Strohlen warm un no'n poor Ogenblicken al, trock de Wannersmann sien Mantel ut. Do muss de Noordenwind togeben, dat de Sünn von de beiden de Starks weer.",Homme,587.6667374730306,1070.5430918406364,9.89690622861054,85.5415537303217,0
267,Dörpstedt,Deutschland_SH,9.43333339691162,54.43333435058594,https://atlas.lisn.upsaclay.fr/sounds/Dorpstedt.mp3,"Eenst stre'en sik de Noordwind un de Sünn, wer von de beiden woll de Stärkere weer. As een Wanderer keem, de een warme Mantel an harr. He keem lang de Weg. Se wurrn sik enig, dat dejenige wohl de Stärkere ween schull, de de Wanderer dwingen wörr sien Mantel uttotrecken. De Noordwind bloos mit alle Macht, over je mehr he blosen dee, desto faster trock de Wanderer sien Mantel an. Endlich geev de Noordwind de Kampf op. Nun keem de Sünn un mookte de Luft so warm mit ehr fründliche Strohlen und schon na wenige Ogenblicken trock de Wanderer sien Mantel ut. Do muss Noordwind togeben, dat de Sünn von de beiden woll de Stärkere weer.",Femme,723.5124530956832,1398.6420543703298,9.89690622861054,85.5415537303217,0
268,Dour,Belgique,3.767996,50.400142,https://atlas.lisn.upsaclay.fr/sounds/Dour.mp3,"hommeL' vint d' bîse èyét l' salô s'carouneû'tè, l'eûgn come l'ôte prétindeût'tè ête l' pus foûrt, ô momint ayuce qu'is-ont vû é vwayajeû s'avanchant tout imblavé vins é fameû pardëssus. Is-ont intindu pou pariér quë l' prumiér dès deûs qui arriv'ra a fé routér s' pardëssus ô vwayajeû, ç' s'ra li ël pus foûrt ! L' vint d' bîse s'a mis a chuflér come é dèstèrminé l' pus foûrt qui pouvwat mès pus i chuflwat pus l' vwayajeû s' rinfrumwat vins s' grand pardëssus. A l' fègn dès fègn, ël vint d' bîse a lèyé l' cholète vins l'âye. A ç' momint la, ël salô a comminché a s' fé ardent èyét après ène avée, l' vwayajeû tout cru d' côd a routé s' pardëssus ! C't-inssi quë l' vint d' bîse a du s' rinde a l' rêson, ël pus foûrt, ch'èst l' salô !",Homme,813.7015228608819,1591.2423656442902,11.122498288843257,82.38370294318959,0
269,Drage,Deutschland,10.26438560650034,53.41198342143435,https://atlas.lisn.upsaclay.fr/sounds/Drage.mp3,"Vör vele Johren harrn sik de Noordwind und de Sünn in de Klatten: Se künnen sik nich eenigen, keen vun jüm mehr Kraft harr! Dor kööm jüst en Wandersmann vörbi, de en ganzen, warmen Mantel anharr. De Sünn und de Noordwind wören sik nu eenig: De, de den Wandersmann dorto bringen wöör, dat he sien Mantel afleeg, de schull de Best ween! Nu güng dat los: De Noordwind puust so dull as möglich. Man, je duller he puust, je faster hüll sik de Mann in sien Mantel! Do geev de Noordwind dan Wettstriet up. Nu kööm de Sünn an de Ree und warmte de Luft mit ehr fründlich Lüchen. Und na en kotte Tiet treck de Wandersmann sienen dicken Mantel ut. Do müss de Nordwind togeben, dat de Sünn de Betere vun de beid wöör.",Femme,706.4952757268669,1470.2314139346734,10.025256673511294,83.39663244353183,0
270,drehu,NCWF,167.25836,-20.911126,https://atlas.lisn.upsaclay.fr/sounds/drehu.mp3,"[Lapa lapa ië itre tremapin.] Eny me jö a iwesitrë ; caa ka hape trene trenge catr, ame la nyidroti a öhn la caa atre ka tro trene hetre hnötr ka troa traqa koi nyidro. Nyidroti lai a qaja ka hape ame la atre pane xome lai hetre hnötr, tre, ejehi lai tru trene trenge catr. Ame la kola traqa la eny atraqatr hnene la atre ka tro hna xolouthe catrëne la hetre hnötre i nyidrë. Thupene lai, xelë eny ma tupath troa xome la hetre hnötr ; cici catre jë hi la jö nge thupene lai, atre ka tro pa hule pi lai hetre hnötr i nyidrë ke nyidrëti a hedredrei. Nge cile hë lai la eny a nuetrije pi la isi nge qaja amaman, ka hape, tru catre Kö la trenge catre i Jö hui angeic. [Önië.]",Femme,580.1821428351617,665.8217953368517,25.014654346338126,78.19252566735113,1
271,Drouville,France,6.4,48.6667,https://atlas.lisn.upsaclay.fr/sounds/Drouville.mp3,"Lè bîhhe et lo s'lo s'disputînt, chèkîn d'hant que'l atôt lo pus fôrt, quand 'l ont vu în wèyègeou que s'avançôt, sêrré dans so manté. Is s'ont mis d'accôrd qu'lo cel qu'erriv'rôt lo premer è faire rôter so manté â wèyègeou s'rôt r'wêti comme lo pus fôrt. Alôrs, lè bîhhe s'è mis è hhoffyi d'tout' ses fôhhes mais pus elle hhoffiôt, pus lo wèyègeou sêrrôt so manté è l'ento d'lu et è lè fin, lè bîhhe è r'nonci è li faire rôter. Alôrs, lo s'lo è commenci è beilli et â bout d'în moment, lo wèyègeou, rahhâffi, è rôté so manté. Anlè, lè bîhhe è du r'connahhe qu'lo s'lo atôt lo pus fôrt.",Homme,662.3456400876886,1243.4305204744844,10.894941820670773,79.83559890485968,0
272,drubea,NCWF,166.3505,-22.1337,https://atlas.lisn.upsaclay.fr/sounds/drubea.mp3,"[Ne taa jii,] Wë kwie beto mi Jii mwa ui a-iye, me peruu tru jie nia, ninaa mwa vetio mwii re ninaa, na ninaa mwa tïï kavê ni te vê-re mee, nyi te yetoo ngi taa wââtuu. Na ninaa mwa yüü mi ninaa nangara vetaaxë yo ninaa te tratroo-re wââtuu yo te kavê nia na nyi pa a-mwii tetee. Wë kwie beto nyi mwa ûû-mwii-re, me nyi mwa ûû-nomwë-re, me kavê mwa jenee-re wââtuu-re ni pwaarîî ni ku wê, te kwie beto nia nyi mwa tete-re katee tratroo-re wââtuu re ni. Wë jii mwa tree-re jikara-re ku wê, te kavê nia ni mwa yo-re wââtuu-re ni. Nopwe kwie beto mwa trôngërë-re me pa jii na nyi a-mwii katee ninaa. [Mwa cokwa.]",Femme,545.78912782162,1115.4617334313957,23.09535934291581,77.13814510609171,0
273,Duedenbuettel,Deutschland_OF,9.350969657117703,53.59090957988119,https://atlas.lisn.upsaclay.fr/sounds/Duedenbuettel.mp3,"Vör lange Tiet hebbt sik de Noordwind un de Sünn doröver in de Wull hatt, wokeen woll der Starkste ween möög. Jüst do keem en Wannerer den Weg langs. He wöör in en warmen Mantel inpackt. De beiden kömen övereen, dat de as de Starkste nöömt warrn schull, de den Wannerer dorto bringt, sien Mantel uttotehen. De Noordwind hett mit all sien Kraft puust, aver je mihr he puust, ümso dichter hett de Wannerer sik in den Mantel inpackt. Dor geev de Noordwind den Kamp op. Nu hett de Sünn mit ehr fründliche Strohlen de Luft schöön anwarmt, un na en korten Momang tütt de Wannerer sienen Mantel ut. Do müss de Noordwind togeven, dat doch de Sünn de Starkste wöör.",Femme,810.3657923136723,1562.149106813961,10.09347022587269,84.2082340862423,0
274,Durbuy,Belgique,5.491151,50.363929,https://atlas.lisn.upsaclay.fr/sounds/Durbuy.mp3,"Li bîhe èt l' solo si chamayint, chaskeun' acèrtinant qu'il èsteut l' pus fwêrt, cwand i z'ont vèyou on voyèdjeû qui s'avanciheût, èwalpé divins s' mantê. I sont toumés d'acwèrd qui l' cî qu'arivreût li prèmî a fé wèstér s' mantê å voyèdjeû sèreût rik'nouhou come li pus fwêrt. Adon, li bîhe si mèta a soflér di sès pus reûds, mins pus èle sofleût, pus l' voyèdjeû sèreût s' mantê åtou d' lu; èt a l' fin, li bîhe rinonça a lî fé tapér djus. Adon li solo ataca a lûre èt après on p'tit moumint, li voyèdjeû, rèhandi, boudja s' mantê. Insi, li bîhe diva riknohe qui l' solo èsteût l' pus fwêrt dès deûs.",Homme,635.3193681363925,1352.372876275384,10.312929500342232,82.08999315537302,0
275,Ea,Espagne,-2.584793,43.38061,https://atlas.lisn.upsaclay.fr/sounds/Ea.mp3,"Ipar haixea eta Eguzkia eztabaidan ei ebiltzan, bietatik zein ete zan indartsuagoa, eta halako baten ibiltari bat pasa ei jaken handik, kapa zabal baten batute. Orduan, tratu egin ei eben, bietatik arinen lortuten ebana ibiltariari kapa kendu eragitea, haixe izango zala indartsuena. Ipar haixea putzaka hasi ei zan amorru biziz, baina zemat eta gogorrago egin putz, orduan eta gehiago batzen ei zan bidaiaria bere kapan. Itzi ei eutson azkenien haixeak bere ekinari. Ta orduan eguzkia dir-dir paratu ei zan sutsu, eta ibiltariak kolpean erantzi ei eban kapa, Halan da baze, Ipar Haixeak onartu egin behar izan ei eban Eguzkia gehiago zala bera baino.",Femme,621.5475753783303,901.2283683896371,15.731937029431897,77.83223819301848,0
276,ébrié,Africa,-4.616331373999539,5.247977338596903,https://atlas.lisn.upsaclay.fr/sounds/ebrie.mp3,"Ńyóka lê áphɛphrɛ ɔ́nmɔn elé nmɛ́n, ló-bɛn ékranmán mɛ́n jɔ lée ń ban brɛn nkɛ. Ló-ka khɛ́n wo wu wulówo bɛn a sɔ mɛ́n khóóthu ebhá-ɔn, wo tɔ se wo ńbɛ́nnbrɛn sâlée mɛ́n-a khɛ́n án man gɛ chɛ́ nkɛ sán khóókthu yɛn phɔ̂, mɛ́n lókɔn án man ní khɔnman-wo. Ló-tɛɛ, áphɛphrɛ bhɔ nkwɛ́nlé ébu mɛ́n sɛ́npɛ́ khúúnbrɛn mɛ̂n. án bu nkrânmɛn ló-khɛ́n wulówo lɔ ébhrɛ khóóthu mɛ́n phɔ̂ kpɛ́ɛ́n. ló-phúmɛn, áphɛphrɛ le dɛn cu chɛ nkɛ gbɔn khóóthu yɛn phɔ̂. Ńmánjimɛn, ńyóka lɔ elé ɔ́nmɔn bhá. Áka kpɛɛ́ bɛn hromɛn, áphɔ̂ ehɛ́ wulówo lóó ń gbɔn mɛ́n khóóthu yɛn. Ló éphwrithá, áphɛphrɛ dɛn eyɛ́n sâlée ńyóka nɔ̂n a li khɔnman-wo.",Homme,592.8935023237152,1270.3469930566987,26.773744010951404,84.39212183436003,1
277,Ebsdorfergund,Allemagne,8.848874,50.730285,https://atlas.lisn.upsaclay.fr/sounds/Ebsdorfergund.mp3,"Die kaale Owrloft en die Sonn hu sich emol gestriirre, en bäre hu behaebt, hee wer de stärkst. Do huse en Reesende gesehe, der kum offse zou en der hat en Mandl o. Do sei se sich eenich gewonn, dess wer den Reesende de aescht dezou brainge kennt, sein Mandl auszezeje, der sollt als de Stärkst genn. Do hot die kaale Owrloft ogefange, ganz fest se blose. Ower, imso mie wejse blose dert, imso mie dert de Reesende sein Mandl imsich weckin en delaezt hots de kale Wend ofgegaewe. Donoch fing die Sonn o se scheine, en noochm Ableck hot de Reesende sein Mandl ausgedo, weilsem zou haes wor. Do musst de kaale Owrluft zougaewe, dess die Sonn om stärkst vo de bäre wor.",Femme,634.8971834430246,1025.745856637309,9.941430527036276,81.2984257357974,0
278,Écaussinnes,Belgique,4.171318,50.560393,https://atlas.lisn.upsaclay.fr/sounds/Ecaussinnes.mp3,"El bîje èyèt l' solèy s' fèjin't' inmarvoyî, in strivant quî astoût l' pus foûrt, in vîyant in vwayadjeû ariver, infardèlé dins s' pal'tot. Après ène bone dèvîse pou l' cî qui arivroût l' prëmî d'oblidjî l' vwayadjeû à r'sakî s' pal'tot, sèroût ravisé come èl pu foûrt. Adon, èl vint d' bîje a chuflé ‘yèt pus l' bîjète soufloût, pus l' vwayadjeû èrbroûgnoût s' pal'tot conte dè lî, ‘yèt poû fini, èl bîje èrnonce à li fé r'sakî. Mès quand l' solèy a couminchî à r'lûre, èyèt après in bon moumint, l' vwayadjeû, ragayardi, a r'sakî s' pal'tot. Insi, èl bîje a sté oblidjéye dè r'counwate què l' solèy astoût l' pus foûrt dès deûs.",Homme,781.7640755446439,1519.69114078467,10.816584531143054,82.7822997946612,0
279,Écija,Espagne,-5.081947620077269,37.541032713888505,https://atlas.lisn.upsaclay.fr/sounds/Ecija.mp3,"El Viento Norte y el Sol discutían sobre cuál de ellos era el más fuerte, cuando acertó a pasar un extraño viajero que llevaba una chaqueta algo sucia. Decidieron que quien antes lograra obligar al hombre alto a quitarse la chaqueta, sería considerado el más poderoso. El Viento Norte sopló con mucho afán aunque, cuanto más soplaba, más se agarraba el viajero a su chaqueta; probó dos veces más y después otra vez pero al final el Viento Norte se rindió y dejó al hombre en paz, cesando el viento. Entonces brilló el Sol con más ardor, e inmediatamente el viajero se despojó de su chaqueta, por lo que el Viento Norte tuvo que reconocer la superioridad del Sol.",Homme,538.6494936107723,539.6361343500307,19.006858316221766,58.59373032169747,0
280,Eeklo,Belgique,3.556783319273645,51.19471549001385,https://atlas.lisn.upsaclay.fr/sounds/Eeklo.mp3,"De noorderwind en de zonne waren ne keer an 't errebekken wie dat er van owdersgentwieën de sterksten waart. En in ene keer komt er daar nen voyageur af die nen dikke pardessu an had. De noorderwind en de zonne spraken onder mallekaar af dat den dienen die de voyageur zijne pardessu kost doen uitdoen de sterksten zoe zijn. En tans begost de noorderwind mee al zijn macht te blazen maar oe harder dat ij blaasdege, oe dieper dat de voyageur in zijn pardessu kruiptege. Eindelingen stoptege de noorderwind mee blazen. Daarachtere begost de zonne te schijnen en te branden en te stekken en sebiet deej de voyageur zijne pardessu uit. En azo moest de noorderwind wel toegeven dat de zonne van owdersgentwieën de sterskte waart.",Femme,626.7113840000161,831.2663773797383,11.335845311430527,82.48269678302533,0
281,Eggebek,Deutschland_SH,9.366666793823242,54.61666488647461,https://atlas.lisn.upsaclay.fr/sounds/Eggebek.mp3,"De Noordenwind un de Sunn kregen sik mal vertöörnt. Se kunnen sik nich enig warrn, wer vun se beiden mehr Knööv harr. Do keem en Wannersmann in en warme Mantel langs de Weg. Nu wussden se, wer de mit mehr Knööv sien sull: de vun se beiden, de dat torechtkreeg, dat de Wannersmann sien warme Mantel uttruck. De Noordenwind fung an un blaasde mit Macht, aver de Mann truck de Mantel immer faster um sik, je duller de Noordenwind blasen dee. Nu weer de Sunn an de Reeg, un de Sunnenstrahlen maakden de Luft fein warm, so duerde dat nich lang un de Wannersmann truck sien Mantel ut. Do geev de Noordenwind dat to, de Sunn harr de mehrste Knööv vun se beiden.",Femme,567.453928906624,1060.6645019636364,9.89690622861054,85.5415537303217,0
282,"Éghezée
(Hanret)",Belgique,4.948344,50.581315,https://atlas.lisn.upsaclay.fr/sounds/Eghezee_Hanret.mp3,"Lì bìje èt l' solia sì margouyìn', chake acertùnant k'ìl esteût l' pùs fwârt, kand-t ìl ont vèyù on voyadjeû kì avanceûve, rafùrlé dins s' vî mantia. Ìl ont tchaî d'acônrd kì lì cì kì arivreûve lì prùmî a lî fé rsatchî s' paltot, sèreût rùwaîtî come lì pùs fwârt. Adon, lì bìje s'a mètù a sofler dì tote ses fwaces, maîs au pùs èle sofleûve, au pùs lì voyadjeû sèreût sì mantia autoû d' lì, et al fén, li bìje a rnoncî a lî fé rsatchî. Adon, lì solia a cmincî a lûre, èt après on momint, lì voyadjeû, rìchandì, a rsatchî s' paltot. Insì, lì bìje a dìvù ricnoche kì lì solia esteûve lì pùs fwârt des deûs.",Homme,609.4219355504666,1283.5904375639152,10.65015742642026,82.43041067761807,0
283,Éghezée (Taviers),Belgique,4.930375,50.618227,https://atlas.lisn.upsaclay.fr/sounds/Eghezee_Taviers.mp3,"Li bîje èt l' solia èstîn en margaye. Chaque acèrtineûve qu'il èsteûve li pus fwârt. Quand is-ont vèyu on voyadjeû qui roteûve, rafûrlé dins s' mantia, is-ont fét maurtchî. Li ci qui poureût li prumî lî fé r'satchî s' mantia sèreut vèyu come li pus fwârt. Adon, li bîje s' a mètu à sofler di totes sès fwaces. Mins, au d'pus qu'èle sofleûve, au d'pus qui l' voyadjeû rissèreûve si mantia autoû d' li. Adon, po fini, li bîje a abandné a lî fé r'satchî s' mantia.  C'è-st-adon qui l' solia a k'mincî à lûre, èt au d'bout d' on momint, li voyadjeû, tot r'chandi, a r'satchî s' paltot. Ça fét qu'insi, li bîje a bin d'vu ad'mète qui l' solia èsteûve li pus fwârt.",Homme,615.2633406101323,1519.1389714960746,10.65015742642026,82.43041067761807,0
284,"Éguzon-
Chantôme",France,1.5833,46.45,https://atlas.lisn.upsaclay.fr/sounds/Eguzon-Chantome.mp3,"graphie oïlisantegraphie classiqueLe vent et le souleuil se fâchèsyint, tous laus deux disyint qu'èyint l' pus fort. Et peu y'avint vu un houme que passése sus le chemin, qu'èye abrucha dins son capot. Alors y'avint tomba d'accord peur dire que tchau qu'arriveri le premier à yi faire enleva le capot au sri dit qu'au sri le pus fort. Alors le vent se mit à bouffa de toute sa force. Mais pus au boufése, pus le voyageur s'abruchése dins son capot bien fort autour de lu. Alors, le vent á fini peur arrêta de bouffa. Le souleuil, alors, quemincit à brilla et au bout d'un moument, l'houme qu'a éta réchauffa peur le souleuil a fini peur enleva son capot. Et le vent au z-a du dire que le souleuil b'èye le pus fort d'eux deux. Le vent e le solelh se faschesien, tots laus deus disien qu'ilhs eien le pus fòrt e peu, ilhs aven vut un ome que passese sus le chemin, qu'eie abruchat dins son capòt. Alòr, ilhs aven tombat d'acòrd per dire que quiau qu'arriveri le premier a lhi faire enlevar le capòt, au seri dit qu'au seri le pus fòrt. Alòr le vent se mit a bofar de tote sa fòrce mès pus au bofese, pus le voaiatgeur s'abruchese dins son capòt bien fòrt autorn de lu. Alòr, le vent au fini per arrestar de bofar. Le solelh, alòr, quemenci a brilhar e, au bot d'un moment, l'ome, qu'a estat reschaufat per le solelh, a finit per enlevar son capòt. E le vent au-z-a dut dire que le solelh, b'eie le pus fòrt deus dos.",Femme,640.5602022776176,1346.1425726666935,12.38302532511978,77.88772073921972,0
285,Einsiedeln,Suisse,8.745487,47.128735,https://atlas.lisn.upsaclay.fr/sounds/CH_Nordwind_Einsiedeln.mp3,"Dr Biiswind und d Sùnne — Äinisch hend dr Biiswind und d Sùnne gschtritte, wäär vo beidne schtèrcher sig. Dou isch e Wanderer dethäärchoo, won e waarme Tschoupe aagha hät. Si hend abgmacht, dass däär dr Schtèrcher sig, wo dr Wanderer chön zwinge dr Tschoupe abzzie. Der Biiswind hät mit aller Chraft plouse, aber je mee das er plouse hät, umso mee hät der Wanderer der Tschoupe zuezoge. Zletscht hät dr Wind müessen ufgää. Drnòu hät d Sùnne ganz waarm afe schiine und scho glii hät dr Wanderer dr Tschoupe abzoge. Dou hät dr Biiswind müesse zuegää, dass d Sùnne schtèrcher sig weder är.",Homme,826.0427920776583,1279.8132638416635,6.775605749486653,80.37548939082819,0
286,El Vendrell,Espagne,1.534466,41.219742,https://atlas.lisn.upsaclay.fr/sounds/El_Vendrell.mp3,"La tramuntana i el sol es disputaven, sostenint cada u que ell era el més fort, quan de sobte, veuen un viatger que s'acosta embolicat amb una gran capa. Van convenir que el qui primer faria que el viatger es traiés la capa seria tingut pel més fort. La tramuntana es posà a bufar amb tota la seva força, però com més bufava, més el viatger s'abrigava amb la capa, a la fi, va deixar córrer de fer-l'hi treure. Aleshores el sol començà a brillar, i al cap d'un moment, el viatger, ben escalfat, es traié la capa. Així, la tramuntana va haver de confessar que el sol era el més fort.",Femme,760.7875261726222,1350.9959903521658,17.78747433264887,73.99870636550308,0
287,Ellezelles,Belgique,3.680538,50.733789,https://atlas.lisn.upsaclay.fr/sounds/Ellezelles.mp3,"Lë vét d' bîze èt l' soley së disputout'të échan.ne. Chacun prétandout qu'i-y astout ël pus fôrt. Tout d'î cônp, i-y ont vu î voyajeû qui s' pourmënout évlopè dëvés s' paltot. I sont kèyous d'acôrd quë ël ceû qui arivroût ël prëmî a lî fére ërsakî ël paltot (au voyajeû) sarout ërwétî come ël pus fôrt. Apris cha, ël vét d' bîze s'a mis a souflè dë toutes ses fôrches. Mês, pus ç' qu'i souflout, pus ç' quë l' voyajeû ërsèrout ës paltot autoûr dë li. Èt a la fin, ël vént d' bîze a rnonchî a lî fére ërsakî. Apris cha, ël soley a cméchî a s' lëvè èt a lûre, èt au dbout d' î moumét, ël voyajeû a rsakî ës paltot. Èt come cha, le vét d' bîze a bî folu ërcounoûche quë l' solèy astout ël pus fôrt des deûs.",Femme,796.1743222044469,1326.7200178057055,11.122498288843257,82.38370294318959,0
288,Elmenhorst,Deutschland_SH,10.266666412353516,53.76666641235352,https://atlas.lisn.upsaclay.fr/sounds/Elmenhorst.mp3,"De gresige Wind, de von Noorden kümmt, un de Sünn, de hebbt sik streden, wer wohl de Stärkere weer. Deit dat nödig? Den Wind ut Noord-West, den bruk wi, weil he ok manchmol Regen mitbringt un wi bruk ok de Sünn! Wat schall de Striederi? Aber so is dat in’t Leven un ok bi de Sünn un den Wind. Un um wat güng nun de Wett? Üm een Mantel. Op de Eer weer en Wanderer in een dicken, warmen Mantel ünnerwegs. De gresige Wind ut'n Noorden hett bloost un bloost, de Wanderer hett de Mantel nich hergeben. Also de Wett verloren? Denn hett de Sünn schien un schien. De Wanderer hett dacht: ""Den Mantel bruk ik nich mehr"", hett em uttrocken un hergeben. Un somit hett de Sünn de Wett gewonnen. Nu frog ik mi: üm to wetten gifft dat immer en Wettgeld. Wat hett de Sünn an Wettgeld kregen? Den Mantel – wo se nix mit anfangen kann. De Noordwind weer plietscher.",Femme,588.2122205014348,696.8161629577988,9.797809719370294,84.46609856262833,0
289,Emden,Deutschland_OF,7.2,53.36666667,https://atlas.lisn.upsaclay.fr/sounds/Emden.mp3,"Eenmaal hebben sük de Noordwind un de Sünnschien streden, well van hör beiden wall de Starkste was. Do kwamm en Wandersmann d'r langs, de harr sük in sien warme Mantel wickelt. De Wind un de Sünn wurren sük gau enig, well as de Starkere tellen sull. Dat sull de wesen, de de Wandersmann dwingen kunn, dat he sien Mantel uttrecken dee. De Noordwind was an blasen un puusten ... man so mehr he blaasde, so faster truck de Wandersmann de Mantel um sük to. Ennelk gaff de Noordwind de Stried to. Nu mook de Sünn de Lücht lecker warm mit hör frünnelke Strahlen, un al na 'n heel körte Sett truck de Wandersmann sien Mantel ut. Do muss de Noordwind togeven, dat de Sünne de Starkere was van hör beiden.",Homme,769.2145686036235,1685.2200066925802,10.637967145790554,84.19889801505818,0
290,Érezée,Belgique,5.558972,50.291508,https://atlas.lisn.upsaclay.fr/sounds/Erezee.mp3,"Li bîhe èt l' solo ni toumèt nin d'acwêrd po dîre li qué d' leû-deûs èst l' pus vigreûs èt l' pus fwêrt. Vola-t-i nin qu'i vèyèt onk qui vint là so l' vôye ; awè, on voyèdjeû bin rafûlé d'on grand mantê. Vo-'lzès-là d'acwêrd po dîre : ""Sèrè li pus fwêrt li ci dès deûs qui va fé tant èt si bin qui l' roteû tap'rè s' mantê èvôye"". Li bîhe sofèle, sofèle a bouhî tot djus, mins l'ome si rafûle co pus d'arèdje... Adon-pwis, li bîhe pièd′ sès fwèces èt n-a l' sofla qui n' va pus. Li solo, lu, èsprinda qu'arèdje ; li voyèdjeû, rèhandi, sowe a grossès gotes è tape si mantê â djâle. Li bîhe diha â solo : ""Awè, t'ès l' pus fwêrt !""",Homme,650.7687285333475,1189.202855754216,10.312929500342232,82.08999315537302,0
291,Errenteria,Espagne,-1.899431,43.313411,https://atlas.lisn.upsaclay.fr/sounds/Errenteria.mp3,"Iparra eta Eguzkia sesioan zebiltzan zein ote zen indartsuena eta bidaiari bat parean suertatu zitzaien. Kapa zabal batean bilduta zihoan. Sesioan ari zirenak erabaki zuten bidaiariari kapusaia azkarren zeinek kenduaraziko zion horixe hartuko zutela indartsuentzat. Ipar haizeak indar handiz jo zuen, baina zenbat eta indar handiagoarekin putz egin orduan eta gehiago biltzen zen bidaiaria bere kapan barrenean. Azkenean, Ipar haizeak etsia hartu zuen. Orduan Eguzkiak gogotik berotu zuen eta berehala bidaiariak kapa erantzi zuen. Horrexegatik, Ipar Haizeak aitortu behar izan zuen Eguzkia bera baino indartsuagoa zela.",Femme,653.5112595935408,1155.7036304204732,15.266413415468856,80.19075290896646,0
292,ese'ejja,Bolivia,-66.503114,-10.995047,https://atlas.lisn.upsaclay.fr/sounds/esse_ejja.mp3,"Eeno beni eshequinijje mimipanajajinequinaje ache pojji shai oya quea ca'a neenee cuani ejjabaquijji, majoya jjayejjequinaje ohue queahuesha poquijji neinei daqui'aojo ejjabeboqui. Miminaje joya ebionei daqui'ao oquequimeejji cuajeja ma dejja poquijeja comaya queaca'aneenee cuaje. Jamajjeya, eenobeni  cueyanaje janobajjima neinei; beniya janobajjimaneinei pecajje ma dejjaa poquijeya ojaya daqui'ao iña neineicanaje, oja iña nequijo tii beni nequi'oquequinaje. Majoya, eshequiya bapojjacanaje queaquiyo neeneeya majoya aje ma dejjaa poquijeya ojaya daqui'ao huijjiajiajiacananeje quia quiyojo. Majoya eenobeniya bacanaje eshequi queaca'aneenee.",Homme,649.0306912332759,1343.0810477338096,26.909924709103354,77.64995893223819,1
293,Esens,Deutschland,7.616666667,53.65,https://atlas.lisn.upsaclay.fr/sounds/Esens.mp3,"Eenst streden sük Noordwind un de Sünn well van de beiden woll de Sterkere weer. Daar keem doch en Wanderer vörbi, de harr en ganz mojen warmen Mantel an, un he sett sük so richtig mooi in sien Mantel daarhen. De Noordwind un de Sünn wurren sük eenig, dat de de Sterkere wesen sull, de de Wanderer zwingen kunn, sien Mantel uttotrecken. De Noordwind puust mit aller Macht, aber je mehr he puusten dee, desto faster truck de Wanderer sien Mantel tosamen. Endlich geev de Noordwind sien Kampf up. Nu warm de Sünn de Luft so mooi an un schick de fründlich Sünnenstrahlen, so dat na en paar Ogenblicken de Wanderer sien Mantel uttrecken dee. Daar muss de Noordwind togeven, dat de Sünn van de beiden de Sterkere weer.",Femme,692.2602011273501,1526.3439128416273,10.637967145790554,84.19889801505818,0
294,Esneux,Belgique,5.565485,50.533661,https://atlas.lisn.upsaclay.fr/sounds/Esneux.mp3,"Li bîhe èt l' solo fît margaye, chasconk acèrtinant qu'il èsteût l' pus fwért, qwand i-z-ont vèyou on voyèdjeû qui s'aminève, èwalpé è s' mantê. Alè qu'i vasse, d' hint-i qui l' cis qui sèreût l' prumî a fé bodjî s' mantê èrî dè voyèdjeû, ci-la sèreût l' pus fwért. Adon l' bîhe ataka a hûzer di totes sès fwèces, mins dè pus' qu' èle hûzéve, dè pus' qui l' voyèdjeû sèréve s' mantê sor lu, èt po fini li bîhe fa 'ne creû d'ssus po lî fé bodjî. Adon li solo ataka a riglati èt, ine hapèye après, li rèstchåfé voyèdjeû bodja s' mantê. Cåse di çoula li bîhe d'va bin rik'nohe qui l' solo èsteût li pus fwért di zèls deûs.",Femme,638.9139382049752,1440.7918209543686,10.312929500342232,82.08999315537302,0
295,"español
     hondureño",AG,-87.189826,14.091153,https://atlas.lisn.upsaclay.fr/sounds/catracho.mp3,"El Viento Norte y el Sol estaban discutiendo cuál de los dos era el más cachimbón, cuando chiviaron a un viajero enrollado en una capa. Apostaron quién  podía arrancarle la capa a la fuerza, y ese sería el más fuerte. «Vos quedate quieto ahí», le dijo el Viento Norte al Sol, y sopló con mucha fuerza, pero entre más soplaba más agarraba su capa el viajero. Entonces el Viento Norte pensó «púchica, está macaneado esto», y no siguió. En eso vino el Sol y brilló con todo su esplendor, tirando un calor perro. Inmediatamente el viajero se quitó la capa. Así que el Viento Norte tuvo que reconocer que el Sol era el más macizo.",Homme,588.6769928661455,1146.0740359240958,22.937337440109513,76.3815947980835,0
296,"español
venezolano",AG,-66.921315,10.490618,https://atlas.lisn.upsaclay.fr/sounds/espanol_venezolano.mp3,"El viento caribeño y el sol se agarraban a coñazos por cuál de los dos era el más arrecho, cuando pasó un catire envuelto en una ruana. Se pusieron de acuerdo en que el primero que pudiera obligar a que al tipo se le cayera la ruana sería considerado el más vergatario. Entonces comenzó a soplar el ventarrón tropical con más rabia. Pero cuanto más soplaba, más el carajo se agarraba su poncho hasta que el viento del Caribe arrugó. Entonces el sol brilló y ahí mismito el musiú se quitó el abrigo. Así que el viento tuvo que reconocer que el sol era el más cuatriboleado.",Femme,595.1918294684916,892.3651554182616,24.661984941820673,76.52798767967145,0
297,"español     
 guatemalteco",AG,-90.50955370213028,14.641828552703188,https://atlas.lisn.upsaclay.fr/sounds/espanol_guatemalteco.mp3,"Un airal del norte y el sol empezaron una alegata culera sobre quién era el más mero. En esa onda andaban cuanto pasa un ruco vestido con una capa. Entonces el airal y el sol se dijeron que cualquiera de los dos que le quitara la capa al ruco de un vergazo, ese sería el más cabrón. Entonces el airal se echó un soplido de la gran puta y por más que inflaba los huevos para que la capa volara a la mierda, más se aferraba el ruco a ella. Así que no se pudo: el airal valió verga. En su turno, el sol se tiró al ruedo todo creído y apretando fuerte el culo, empezó a provocar un pijo de calor. El viejo serote no aguantó la casaca y se quitó la capa en dos vergazos. Al airal ya emputado, no le quedó de otra que decirle al sol: ""vos pisado, sos el más de a huevo de los dos.""",Homme,579.6526157345806,1316.4782169152422,21.12533196440794,80.1156810403833,0
298,español afroyungueño,AG,-67.73640591175828,-16.164620619664458,https://atlas.lisn.upsaclay.fr/sounds/espanol_afroyungueno.mp3,"Ele lu ventarron di lu Suraso y ele lu Solaso así pue taban en un palanganerio di cual di eyu era más juerzudu quiel otro. Inseguida paso un tayquita invuelto en un tapaña. Así pue si taban dicindo qui el primero qui va lu hace qui revolqué ese lu tapaña di eje jorastero vamo lu dici qui ele es el mas juerte. Intonce, ele lu ventarron di lu sur impezo a sopla dimas de juerte; así pue taba sopla y sopla, ese lu jorastero apercoya mas juerte lu tapaña, hasta qui ventarron fue la chumi di un viaje. Intonce, ele lu solaso impezo a reluci como dici fue qui nunca mas va lu briyá dimas de juerte. Así pue impezo hace un Solaso qui ele lu jorastero impezo quita tapaña. Así pue ese lu ventarron di lu suraso impezo maquina qui ele lu solaso era mejo qui ele.",Femme,685.0956715462216,841.9011182210194,19.339842573579737,78.563189596167,0
299,español argentino,Argentina,-58.401364,-34.584313,https://atlas.lisn.upsaclay.fr/sounds/espanol_argentino.mp3,"El viento y el sol discutían, cada uno diciendo que era más fuerte, cuando vieron llegar a un viajero envuelto en su capa. Acordaron que quien fuera el primero en lograr que el viajero se sacara el abrigo sería considerado el más fuerte. Bue, entonces el viento comenzó a soplar a mil, pero cuanto más fuerte soplaba, más se ajustaba el abrigo el viajero y al final, el viento desistió de tartar quitárselo. Entonces empezó a brillar el sol, y al cabo de un rato el viajero, abrigado, se quitó el abrigo. Así, el viento tuvo que bancarse y reconocer que el sol era el más fuerte de los dos.",Homme,607.7379608486716,948.138025339948,18.368158795345654,72.13200547570158,0
300,español boliviano,AG_Bolivia,-66.173367,-17.394334,https://atlas.lisn.upsaclay.fr/sounds/espanol_Bolivia.mp3,"Uuyyy había que ver cómo el viento y el sol se estaban peleando sobre cuál de los dos era el más fuerte, quien tenía el lomo más grande, los brazos más fuertes. Cuando pasó un viajero envuelto en su poncho. Acordaron que el primero que lograba arrancharle el poncho del viajero sería considerado el más fuerte, el más k'achamozo, ahh el más bonito entre todos pues. Entonces, el viento comenzó a soplar. Fiiiii…silbaba el viento, ¡cómo silbaba el viento! ¡Todas las hojas, todos los sombreros estaban volando por ahí! Pero cuanto más soplaba, el viajero más se aferraba a su poncho, con sus uñas, con sus manos, con sus dientes agarrando su poncho. Hasta que el viento se ha cansado. Entonces, el sol empezó a brillar y después de un cachito, el viajero se quitó el poncho. Por lo que el viento tuvo que reconocer nomás pues la superioridad del sol. Él ha tenido que aprender a perder nomás.",Homme,655.4872508742736,1583.103196721144,13.632340862422996,59.94181382614648,0
301,español chileno,AG,-71.557851,-33.01803,https://atlas.lisn.upsaclay.fr/sounds/espanol_chileno.mp3,"Borias y el Sol porfiaban cuál de los dos era el más fuerte, cuando acertó a pasar un viajero envuelto en ancha capa. Convinieron que sería considerado más poderoso, quien antes lograra obligar al viajero a quitarse la capa. Borias sopló con gran furia, pero cuanto más soplaba, el viajero agarraba más su capa; por fin Borias cesó. Entonces el Sol brilló ardientemente e de inmediato el viajero se quitó su capa. Por lo que Borias hubo de reconocer la superioridad del Sol.",Homme,881.1677914705914,1663.2615230553847,15.349794661190964,57.79635181382615,0
302,español colombiano,AG,-71.557851,4.655642,https://atlas.lisn.upsaclay.fr/sounds/espanol_colombiano.mp3,"El Viento del Norte y el Sol se peleaban pa' saber cuál de ellos era el más duro, cuando pasó un turista con una chompa grande. Dijeron que aquel que primero pudiese obligar al turista a quitarse esa chompa sería considerado el más duro. El Viento del Norte hizo un ventarrón, pero entre más fuerte era, el turista se cubría mucho más con su chompa, hasta que el Viento del Norte se rindió. Entonces el Sol comenzó a calentar duro, y ¡tin! el viajero se quitó su chompa. Y ahí el Viento del Norte no tuvo de otra que aceptar que el Sol era el más teso.",Femme,722.8987441891193,1157.864935294392,26.837611225188226,79.30321013004792,1
303,español costarricense,Costa,-84.103194,9.935917,https://atlas.lisn.upsaclay.fr/sounds/espanol_costarricense.mp3,"El Viento Norte y el Sol discutían cuál de los dos era el más fuerte, cuando pasó un turista envuelto en una capa. Se pusieron de acuerdo en que el primero que pudiera obligar al turista a que se le cayera la capa sería considerado el más fuerte. Entonces el Viento Norte comenzó a soplar con mucha fuerza; pero cuanto más soplaba, más el turista se agarraba de su capa, hasta que el Viento Norte se rindió. Entonces el Sol brilló con todo su esplendor e inmediatamente el turista se quitó la capa. Así que el Viento Norte tuvo que reconocer la superioridad del Sol.",Femme,534.2890385018875,1094.1652406417925,23.36063655030801,84.82388090349076,0
304,español cubano,AG,-82.760203,22.818037,https://atlas.lisn.upsaclay.fr/sounds/espanol_cubano.mp3,"El aire del norte y el sol discutÌan cu·l de los dos era el m·s fuerte, cuando pasÛ un viajero tapado con una capa. Se pusieron de acuerdo quien primero obligaba al viajero a quitarle la capa ese serÌa considerado  el m·s fuerte. Entonces el aire del norte soplo con mucha fuerza, pero cuando m·s soplaba m·s el viajero sostenÌa su capa hasta que el aire del norte se cansÛ. Entonces el sol alumbrÛ con todo su explendor y r·pidamente el viajero se quitÛ la capa. AsÌ que el aire del norte reconociÛ la superioridad del Sol.",Femme,649.6278234572487,984.501819027595,26.483730321697468,75.97166324435318,1
305,español dominicano,AG,-69.93743162137844,18.46415972161146,https://atlas.lisn.upsaclay.fr/sounds/espanol_dominicano.mp3,"La brisa del Norte y el Sol discuten cuál de los dos era el más caribe, el más caliente, el más fuerte. En ese momento, pasó un tipo por allí, con un saco puesto. Y luego, se pusieron a conversar y a discutir que cuál sería primero que le obligara a quitarse el saco al hombre que pasaba por allí... y que ese, él iba a ser el más fuerte de todos. Entonces la brisa del Norte, como un ciclón, comenzó a soplar ¡vuy! fuerte, fuerte, comienza a soplar. Pero, mientras más ferte soplaba, el hombre más se agarraba el saco, y no se lo soltaba. Entonces, la brisa - el viento, ese ciclón - se paró: no, no siguió porque se dio cuenta. Y el Sol comenzó a calentar, y calentando y calentando, calentó tanto que el hombre tuvo... le dio calor y que tuvo que sacarse ese saco seguido. ¿Cómo fue? Así que la brisa tuvo que bajar la cabeza, ¡ah, je pues ah  que el sol se la comió!",Homme,763.1272266506973,1367.2911808471947,26.41032169746749,78.33091718001369,1
306,español ecuatoriano,Uruguay,-78.485093,-0.182479,https://atlas.lisn.upsaclay.fr/sounds/espanol_ecuatoriano.mp3,"El viento y el sol se andaban medio bronqueando sobre cuál de los dos era el más bacán. Cuando deso pasa un gringo puesto una capa, el sol se pone pilas y le encama al viento: ""A verff, cuánto vamos a que no le quitas la capa a ese man. Si lo haces, te considero el más bacán"". El viento le dice: ""¡Yaff, de una!"". Entonces el viento embaladazo comenzó a soplar con full fuerza. Pero entre más soplaba, el gringuito más se agarraba la capa. Hasta que el viento medio se fue cabreando y dejó ahí botando esa nota. Tonces el sol empezó a brillar a lo bestia, tanto que el gringuito dijo: ""¡Arraray, chuta que calor ve!"" Y se saca la capa. Desde ese día el viento, nunca más se le volvió a afrentosiar al sol; y se dio cuenta que era más arrecho.",Homme,435.5933870145447,460.0997508148288,17.628877481177277,82.50127310061602,0
307,español mexicano,Mexico,-99.133255,19.434687,https://atlas.lisn.upsaclay.fr/sounds/espanol_mexicano.mp3,"El viento del norte y el sol estaban discutiendo sobre cuál de los dos era el más fuerte, cuando pasó un viajero envuelto en un grueso sarape. Se miraron, se retaron y se dijeron: a ver, el primero que haga que se quite el sarape será la neta del planeta. Entonces, el viento del norte sopló tan tan pero tan fuerte como pudo, que entre más soplaba, más se aferraba a su sarape el viajero. Al final, el viento se apachurró... y ya, tan tan. Entonces el sol comenzó a brillar tan intensamente, que luego luego el viajero se hartó y aventó su sarape. Y así, el viento del norte no le quedó de otra mas que reconocer que el sol era el más fuerte.",Homme,703.9890031474538,1488.8662161521024,14.664223134839151,62.40034223134839,0
308,español nicaragüense,AG,-86.247543,12.11747,https://atlas.lisn.upsaclay.fr/sounds/espanol_nicaraguense.mp3,"El Viento y el Sol discutían cuál de los dos era el más poderoso, y en eso pasó un mae de gorra. Los dos se quedaron viendo y se pusieron de acuerdo que el primero que hiciera botar la gorra al mae sería considerado el más hijueputa. Entonces el Viento comenzó a soplar fuertísimo; pero entre má soplaba, má el hijueputa se agarraba la cabeza, hasta que el Viento se aburrió. Entonces el Sol pegó con todo el huevo y ahí nomasito se soplaba con la gorra el maje. Así que el Viento no tuvo más remedio que reconocer que lo turquearon.",Homme,686.1648839900577,1370.2120039107278,27.64826146475017,74.39526351813826,1
309,español panameño,AG,-80.96914,8.105164,https://atlas.lisn.upsaclay.fr/sounds/espanol_panameno.mp3,"El vendaval y el Solazo estaban ahí sacándose la chucha para saber cuál de los dos era el más bellaco, cuando pasó una man to'a abriga'a. Entonces empezaron a maquinear que el primero que hiciera que a la chiquilla se le cayera el abrigo sería el más berraco. Entonces ese vendaval dijo: ""voy con to'o""; pero entre esa vaina más soplaba más la gyal agarraba su abrigo, hasta que el vendaval se cabreó. Entonces el Solazo se puso bien cachimbón e inmediatamente la pela4 dijo: ""chucha que calorsón""; y se quitó el abrigo. Así que el vendaval se dio cuenta que el Solazo era el más bellaco.",Femme,698.7097484658616,985.5652253691967,26.726810403832992,82.98661190965093,1
310,español paraguayo,AG,-57.028184,-26.88487,https://atlas.lisn.upsaclay.fr/sounds/espanol_paraguayo.mp3,"El Viento Sur y el Sol discutían sobre cuál de los dos era el más fuerte, el más mbareté. Cuando pasó un viajero envuelto en una capa, acordaron que el primero que lograra que cayera la capa del person sería considerado el más mbareté. Entóncero, el Viento Sur comenzó a soplar con mucha fuerza; pero cuanto más soplaba, el viajero más agarraba su capa, hasta que el viento acabó. Entóncero, el Sol empezó a brillar con todo su esplendor y por el calor el viajero se quitó la capa. Por lo que el Viento Sur tuvo que reconocer la superioridad del Sol.",Homme,667.375338646369,1425.5828493011213,22.18267624914442,70.75921286789871,0
311,español peruano,Peru,-71.960021,-13.52501,https://atlas.lisn.upsaclay.fr/sounds/peruano.mp3,"El viento del Sur y el inti estaban peleando; cada uno aseguraba que era el más fuerte. Cuando vieron un viajero avanzando, envuelto en su chaqueta, acordaron que quien fuera el primero en hacer que el viajero se quitara su chaqueta sería visto como el más bravo. Entonces el viento del Sur comenzó a soplar con toda su fuerza, pero cuanto más soplaba, más se apretaba la chaqueta a su alrededor del viajero y al final el viento del Sur se rindió para que se lo quitara. Entonces el inti comenzó a brillar y después de un tiempo el viajero, calentado, se quitó la chaqueta. Por lo tanto, el viento del Sur debió de aceptar que el sol era el más fuerte de los dos.",Homme,690.0320964260242,1587.2856490663423,8.761245722108145,77.65520191649556,0
312,español salvadoreño,AG,-89.561177,13.988268,https://atlas.lisn.upsaclay.fr/sounds/caliche.mp3,"El Viento del norte y el sol discutían sobre cuál de ellos era el más cachimbon, cuando pasó un extraño muchilero envuelto en unas chemis muy pikis y vergonas. Convinieron en que quien antes lograra obligarlo al transeúnte a quitarse el abrigo sería considerado más vergon. El viento sopló bien encachimbado, pero cuanto más soplaba, más se ceñía el hombre su ropa al cuerpo. Entonces se awebo, y el sol empezó a brillar con mucha fuerza. Inmediatamente el viajero se chulonio de su abrigo; y así ya quedó claro que el sol tenía que ser san vergon respecto del viento.",Homme,553.4480029487951,1062.3282347339587,23.866865160848732,79.35787132101301,0
313,español uruguayo,Uruguay,-56.231586,-34.870099,https://atlas.lisn.upsaclay.fr/sounds/uruguayo.mp3,"El viento y el sol se peleaban  para saber cual de ellos era el más fuerte.   Cuando ven surgir un viajero que llevaba un gran abrigo,   convienen que el primero a lograr que el viajero se despoje de su abrigo sea el ganador. El viento empezó a soplar con toda la fuerza posible, pero cuanto más soplaba, más aún el viajero se apañaba en su abrigo. Y al fin, el viento desistió. Entonces fue el sol quien se puso a brillar, y asi logró, en poco tiempo, que el viajero, sofocando, se quite el abrigo. El viento tuvo que confesar que, sí, el más fuerte de los dos era el sol.",Homme,660.8766743118482,1342.0522189811877,16.984394250513347,76.71613278576318,0
314,Esperanto,EU,23.137014,53.135859,https://atlas.lisn.upsaclay.fr/sounds/esperanto2.mp3,"Norda Vento kaj Suno disputis, kiu estas la plej forta, kiam vojaĝanto preteriris volvita en varma mantelo. Ili konsentis, ke, kiu unue sukcesos senigi la vojaĝanton de lia mantelo, tiun oni konsideru pli forta ol la alia. Do Norda Vento blovis per ĉiuj siaj fortoj, sed ju pli ĝi blovis, des pli la vojaĝanto envolvis sin en sia mantelo, kaj fine kompatinda Norda Vento rezignis. Tiam Suno brilis varme, kaj tuj la vojaĝanto deprenis sian mantelon. Tiel Norda Vento devis konfesi, ke Suno estas la plej forta el la duopo.",Homme,602.369759485395,862.9173243531507,8.288412046543463,82.82570841889117,0
315,Essaouira,Maroc,-9.76112614017654,31.509223013269818,https://atlas.lisn.upsaclay.fr/sounds/Essaouira.mp3,ታፉክት ድ ኡጽምሚዽ ራን ኣድ ምማɣን፣ ኩድ ያን ኢራ ኣይባይን ኢጽሓ። ẓṛኣን ኣርጋዝ ዩችካድ ኢልሳ ኣሒዱስ፣ ዋንን ኢሒይድን ኢ ኡርጋዝ ኣንን ኣሒዱስ ንትታ ኣይጽሓን። ያን ኢራ ኣይጅርርብ ኣጽምሚዽ፣ ኣር ኢችጽዋዽ ብዝዛፍ ፍ ኡርጋዝ ኣን፣ ኣር ኢችጽዋዽ ኡጽምሚዽ ኣር ኢችẓ ኢይያር ኡርጋዝ ኣሒዱስ፣ ኣር ኢችጽዋዽ ኡጽምሚዽ ኣልሊɣ ኢṛሚ። ቱችካድ ዽዹርት ን ታፉክት፣ ታፍፉክት ራ ችርɣ፣ ኣርጋዝ ራ ኢɛṛግ ራ ኢሑስሱ ስ ትርɣኢ፣ ኣርጋዝ ኢራ ኣይሉሕ ኣሒዱስ። ኣጽምሚዽ፥ ክምሚ ኣ ታፉክት ኣ ፍልላቲ ኢጽሓን።,Femme,613.6769203786188,960.813079972197,19.110629705681042,76.89344969199179,0
316,Esslingen,Deutschland,9.30324,48.738316,https://atlas.lisn.upsaclay.fr/sounds/Esslingen_Swabian.mp3,"Nordwẽd ond Sonn hend sich ãmål gs̆dridda, wär vo ẽne båe-de der S̆dergere wär, må on Wanderer, en on warma Mandl aegwiggled, saes Wäags dorhärkomma isch. Se send sich aenich wårda, dass der säll firr der S̆dergere gälda soll, där må der Wanderer zwenga kẽd, saen Mandl aus-zommzia. Der Nordwẽd håd nå midd äller Gwald blåsa. Aber je mae-or blåsa håd, omso mae håd sich der Wanderer en saen Mandl aegwiggled. Schliaslich håd der Nordwẽd der Kampf uffgäa. Nå håd d Sonn d Luufd mid ire fraendliche S̆draala gwermd, ond schao nåch weniche Aogabligg håd der Wanderer saen Mandl auszoga. Då håd der Nordwẽd zugäa miasa, dass d Sonn vo ẽne båede der S̆dergere gwäa isch.",Homme,764.6907700122318,1259.0679175404425,9.56318275154004,80.98247775496235,0
317,Étalle,Belgique,5.600554,49.673937,https://atlas.lisn.upsaclay.fr/sounds/Etalle.mp3,"La bîje èt l' sulo su disputint, tchiquin vëlant ète el pus fôrt, cand il ant veû in vouyadjeû qui s' avançout, ratortyi dès s' manté. Il ant tcheû d' acôrd qui l' ceû qu'arivrout l' prëmî a fâre anlver s' manté au vouyadjeû srout rwâti coume el pus fôrt. Alôrs, la bîje s' è mins a choufler tangt qu'èle pëlout, mês pus´ qu'èle chouflout, pus´ ki l' vouyadjeûr russârout s' manté autou d' lu, et pou fini, la bîje n' è m' arivé a li fâre anlver. Alôrs el sulo è coumanci a lûre, èt au tchû d' in moumant, el vouyadjeû, rachaufi, è anlvé s' manté. La bîje è bin du rcounète ki l' sulo atout l' pus fôrt des deûs.",Femme,615.5038483389335,1382.443131260022,10.283778234086242,82.25672826830937,0
318,Eupen,Belgique,6.030565,50.632093,https://atlas.lisn.upsaclay.fr/sounds/Eupen.mp3,"De Zon än der Nortwaint haue zech é-gen Hoere. Jeteréne wool der Schtärekste zée. Du zooge ze da ene Schpatséérgänger, dä én zine Mantel ägepakt woer - dä géng zine Wäich. Ze éinechde zech darop, dat däjénege der Schtärekste zée wört, däm et flupe wört, der Schpatséérgänger te tswänge, der Maintel uttedoe. Du vong der Nortwaint aa te blooze, e blous än blous än blous därmaasen schtärek : je schtäreker hée blous, däste mie dä Schpatséérgänger zech én zine Maintel äpakde. Schliislech goof der Nortwaint et op. Now schékde de Zon höör Schtraale ömer schtäreker, ömer glüender op di Lantschaft. Der Schpatséérgänger woer schliislech dörch än dörch é Schwéit ägepakt. Än schliislech worep e zine Maintel vurt. Zue mos der Nortwaint äzée, dat de Zon de Schtärekste woer.",Homme,804.6747753758641,1247.6360928640106,9.366509240246407,83.56731690622861,0
319,Évaillé,France,0.6305,47.90053,https://atlas.lisn.upsaclay.fr/sounds/Evaille.mp3,"Le vent d'à bas et l'soulei s'attigochin, chaquiun acertinant qu'il'té l'pus fô quand qui lon r'luqué un trainier qui s'ach'miné, ben emponné dans son abériau. I lon d'viné que c'ti là qui fré outé les hardes l'permier au trainier s'ré vanquiers l'pus fô. Eh ben, l'vent d'à bas sé mis à soufflé qu'c'été quieque chouse mais pus qui soufflé, pus que l'trainier s remponnait, si ben qu'pour abouter, çà tia fini par hébéter l'vent. Apré c'temps-là, l'soulei a c'mincé à ébeiouir et, sans trop longuieuré, l'trainier, ravigoté, a outé sé hardes. Pour fini, l'vent d'à bas a ben été forcé d'en conv'ni : l'soulei été ben l'pus fô.",Femme,516.0469947684709,1089.1761014289502,12.277939767282684,79.5131074606434,0
320,Eversmeer,Deutschland_OF,7.434907561542105,53.56458574325269,https://atlas.lisn.upsaclay.fr/sounds/Eversmeer.mp3,"Fröher käkeln Noordwind un Sünn mitnanner, well woll de Starkst van hör beid weer. In disse Moment kweem 'n Wandersmann vörbi, de 'n warm Mantel anharr. Nu wurren se sük enig, dat dejenig van hör beid as Starkst gellen sull, de de Wandersmann daarto bringen würr, sien Mantel uttotrecken. So tomaal fung de Noordwind düchtig an to blasen, man umso mehr he blasen dee, umso steviger wickel sük de Wanderer in sien Mantel. Tolest seeg de Noordwind in, dat he dat nooit winnen kunn. Nu fung de Sünn an, de Lücht mit mooi Strahlen warm to maken un dat düür nich lang, do truck de Wandersmann sien Mantel ut. Nu muss de Noordwind togeven, dat de Sünn de Starkst van hör beid weer.",Homme,603.7873068184434,1431.8339638382467,10.637967145790554,84.19889801505818,0
321,Évolène,Suisse,7.500666,46.104998,https://atlas.lisn.upsaclay.fr/sounds/Evolene.mp3,"Lu bígje è lu solè chè barrâvunn : tsìkoùn jyék k'îre mî fòò. Kann y'ann vyoùk oùn vouayajeùre ki avanchyève avoué oùn manntê, chè chonn mè d'akòò kè chu k'arrouâve lu prumyè a fére dènntrêrre lo chyo manntê ó vouayajeùre foùre avouetchyà koùme lu mî fòò. Adònn lu bígje ch'è mècha a choflâ dè tòta cha fòòche. Mâ mî lu choflâve, mî lu vouayajeùre yu chèrrâve lo chyo manntê ótòr dè luìk, è a la fìn, lu bígje l'a renonchyà dè lo lu fêre dènntrêrre. Adònn lu solè a koùmèïnchyà a brìyè. È ó bou d'una kòcha, lu vouayajeùre, rèssógdâ, y'a dènntrê lo chyo manntê. Adònn lu bígje l'èss igsâ oblijyàye dè rèkonyèsse kè lu solè îre lu mî fòò déig dô.",Homme,618.6756416962675,1398.9714347158767,1.1071731690622861,79.21754962354551,1
322,Eysturoy,GB,-6.885298,62.220185,https://atlas.lisn.upsaclay.fr/sounds/Eysturoy_Faroese.mp3,"Norðanvindurin og sólin kjakaðust um, hvør teirra var sterkari, tá eitt ferðafólk kom framvið, dubbað í ein heitan kappa. Tey samdust um, at tann, sum fyrst kundi fáa ferðafólkið til at lata seg úr kappanum, var hildin at vera sterkari enn hin. So blásti Norðanvindurin so hart, hann var mentur, men meir hann blásti, tættari ballaði ferðafólkið kappan um seg, og at enda gavst Norðanvindurin. So skein sólin heit, og ferðafólkið læt seg beinanvegin úr kappanum. Og sostatt noyddist Norðanvindurin at viðganga, at sólin var sterkari.",Homme,644.4777599626084,1033.4890118043818,7.496084873374402,85.46598220396989,0
323,faga uvea,NCWF,166.489856,-20.693084,https://atlas.lisn.upsaclay.fr/sounds/faga_uvea.mp3,"De bang made laa, gilade fëtu ina de nea he makeke ia gilawa. Ogiladou ofokina he nea genu madona makoutr. Ogila munea penei de nea hano unusia dona makoutr, odi koia he makeke. Goa no de bang o ilifia…gaide soli otina dona makeke o ilifia. Gade nea he genu ide kumimaua ina lava dona makoutr. Ga tunu de laa, he fai fasia adu, de nea genu, goia longona de vevela, gaide unusia ifo lava dona makoutr. Dena penei de bang, goia kitea ifo lava penei de laa he makeke lava gia tea.",Femme,650.3166776742006,908.0862280843651,25.393415468856947,77.90798767967146,1
324,Fahretoft,Deutschland_SH,8.791836,54.706147,https://atlas.lisn.upsaclay.fr/sounds/Fahretoft.mp3,"Eens streden sik Noordwind und Sonn, wer von de beiden wohl de Stärkere weer, as een Wanderer, de in een warme Mantel hüllt weer, de Weg dorher keem. Se worden enig, dat dejenige för de Stärkere gelten sull, de de Wanderer zwingen wörde, sien Mantel aftonehmen. De Noordwind blies mit alle Macht, aber je mehr he blees, desto fester hüllte sik de Wanderer in sien Mantel in. Endlich geev de Noordwind den Kampf op. Nun erwärmte de Sonn de Luft mit ihre frünlichen Strahlen und schon no wenigen Ogenblicken trock de Wanderer sien Mantel ut. Do musste de Noordwind togeben, dat de Sonn von de beiden de Stärkere weer.",Femme,642.347095478604,1342.538183718302,10.245530458590006,85.69598220396989,0
325,Faroese,EU,-6.885298,62.220185,https://atlas.lisn.upsaclay.fr/sounds/Eysturoy_Faroese.mp3,"Norðanvindurin og sólin kjakaðust um, hvør teirra var sterkari, tá eitt ferðafólk kom framvið, dubbað í ein heitan kappa. Tey samdust um, at tann, sum fyrst kundi fáa ferðafólkið til at lata seg úr kappanum, var hildin at vera sterkari enn hin. So blásti Norðanvindurin so hart, hann var mentur, men meir hann blásti, tættari ballaði ferðafólkið kappan um seg, og at enda gavst Norðanvindurin. So skein sólin heit, og ferðafólkið læt seg beinanvegin úr kappanum. Og sostatt noyddist Norðanvindurin at viðganga, at sólin var sterkari.",Homme,644.4777599626084,1033.4890118043818,7.496084873374402,85.46598220396989,0
326,Feldkirchen,Deutschland,14.091899,46.723229,https://atlas.lisn.upsaclay.fr/sounds/Feldkirchen.mp3,"Da Blose und de Sun ham sich gstrittn wer da stärkera von sen warat. Wia a Wondara zu-abakem is, da ham de zwa ausgmocht, dass da Stärkare der ist, der den Wondara dazua bringt sei Joppale auszanziagn. Ols easts hot da Blose ongfongan und vollewesch geblosn, oba je mehr er geblosn hot, umso mehr hot da Wondara sei Joppale gholtn, sodos da Blose bold aufgem hot. Don hot de Sun ongfongan zan luagn und bold amol is´m Wondara zwoam woan und er hot sei Joppale obglegt. Da Blose hot segn miasn, dos de Sun de stärkare von de zwa woa.",Homme,576.9981911665649,926.0013255258863,8.16551676933607,82.2074674880219,0
327,Ferrières,Belgique,5.648944,50.385246,https://atlas.lisn.upsaclay.fr/sounds/Ferrieres.mp3,"Li bîche èt l' solo s' cwèrlît inte di zèls, chasqueune si diyant onk pus fwèrt qui l'ôte. Tot wèyant on voyèdjeû qui s'aminéve â lon, bin èwalpé divins ine grande frake, i toumît d'acwêrd po sèpi li quéque di zèls-deûs' f'rit boudjî l' pal'tot dè voyèdjeû l' prumî. Ci-la sèrè l' gangnant. Li bîche ataka a sofler di totes sès fwèces, mès pus' èle sayîve, pus' l'ome sèréve li frake âtoû d' lu. A coûrt d'alêne, èle s'arèsta tot vèyant qu'èle aveût fé corwêye. Pidjote a midjote, li solo gripa â pus hôt dè cîr èt ataka a r'glâti tot-atoû d' lu. So l' trévint, l'ome fourit tot rèchandi èt k'minça a souwer dès grossès gotes, tant-èt si bin qui d'va boudjî s' pal'tot. Li bîche diva bin rik'noche qui l' solo èsteût mêsse dèl téré.",Homme,706.260888462974,1690.5567672117045,10.312929500342232,82.08999315537302,0
328,Fexhe,Belgique,5.400883611766747,50.66396766546962,https://atlas.lisn.upsaclay.fr/sounds/Fexhe-le-Haut-Clocher.mp3,"Li bîje èt l' solo si disputint. Onk èt l' ôte dizéve k' il estéve li pus fwèrt. On bê djoû, il ont vèyu on voyèdjeû k' estéve sul vôye. Il esteût bin èwalpé dvins s' paltot. I s' mètît d'acwèrd ki l' ci k' arivréve li prumî a fé s' dismoussî l' voyèdjeû sréve loukî come li pus fwèrt. Li bîje shofla di tote si fwèce. Pus èle chofléve, pus l' voyèdjeû seréve si paltot åtoû d' lu. Si bin ki l' bîje rinonça. Adon l' solo cminça a doner si fwèrt k' å dbout d' on momint, li voyèdjeû, ristchåfi, tira s' paltot. Insi li bîje esta-st oblidjêye di ricnoche ki l' solo estéve li pus fwèrt di zels deûs.",Femme,621.7285601329027,1249.334467626048,10.312929500342232,82.08999315537302,0
329,Fez,Maroc,-5.011127,34.019282,https://atlas.lisn.upsaclay.fr/sounds/judeo-arabe.mp3,"alphabet hébreualphabet latinארריח ושמס תעאנדו בינאתהום‚ שכון פיהום הווא אלעפרית. הומא באקיין פלמעאנדא והאוודא ואחד למצאפר דאייז קבאלתהום‚ מלחחף בסלהאמו. תצאוורו ואחד מעא לאכור וקאלו : ""די יקדריזללב להאד אלמצאפר יטייח סלהאמו‚ הווא די יתסממא עפרית"". בדא ארריח יצוט בזהד ! בלחאק‚הווא כאן יצוט ולמצאפר כאן יזיד ילחחף אסלהאם עליה. זא ארריח פהם באס מא יקדרלוש ורכאמננו. אראלנא אשמס בדאת תשרק ותקייל. מא זא יטול אלווקת חתתא שכן אלחאל עלא דאך למצאפרוטייח סלהאמו מן כתאפו. פדיך סאעא‚ פהם ארריח באיין מא בקא עלאש יתעאנד ועתארף באייןאשמס קווייא עליה .әr-riḥ u-s-sәms t‛andu binat-hum, skun fi-hum huwwa l‛frit. Huma baqyin f-l-m‛anda u-hawda waḥd l-mṣafәṛ dayz qbalt-hum, mlәḥḥәf b-sәlham-u. Tṣawru waḥәd m‛a laḫur u-qalu : « di iqdәr izәllәb l-had l-mṣafәṛ iṭiyyәḥ sәlham-u, huwwa di itsәmma ‛frit ». Bda әr-riḥ iṣuṭ b-z-zәhd ! B-l-ḥaq, huwwa kan iṣuṭ u-l-mṣafәṛ kan izid ilәḥḥәf әs-sәlham ‛lih. Za әr-riḥ fhәm bas ma iqdәṛ-lus u-ṛḫa mәnn-u. Ara-l-na әs-sәms bdat tsrәq u-tqiyyәl. Ma za iṭul әl-wәqt ḥәtta sḫәn l-ḥal ‛la dak l-mṣafәṛ, u-ṭiyyәḥ sәlham-u mәn ktaf-u. F-dik әs-sa‛a, fhәm әr-riḥ bayn ma bqa ‛las it‛and u-‛taṛәf bayin әs-sәms quwiya ‛li-h.",Femme,759.8398357160304,1450.3412921454221,20.076297056810404,54.10741957563313,0
330,Fideris,Suisse,9.742269,46.915299,https://atlas.lisn.upsaclay.fr/sounds/CH_Nordwind_Fideris.mp3,"Dr Luft und d Sunä — Ämòòl häind dr Luft und d Sunä schi gschtrittä, wär schtèrcher sii. Zmaal ischt ä Wanderer i mä tickä, waarmä Tschoopä choo. Diä beedä Striithäls sind schi äinig woordä, dass dr säb, wòò dän Wanderer zum Abzien vum Tschoopä pringi, dr Gwiner sii söll. Där Luft hed gäblaasä, was äär mögä hed, us Hals und Chragä. Aber je mee as äär gäblaasä hed, je mee hed schi där Wanderer in dä Tschoopä iingwicklet. Äswenn ischt em Luft hald d Luft uusggangä. Dua isch d Sunä choo und hed mit irä waarmä Schtraalä d Luft gwèrmt. Nid lang iss ggangä, hed dr Wanderer schiinä Tschoopä abgäzogä. Dr Luft het duä halt zuägää müässä, dass d Sunä schtèrcher sii als äär.",Femme,655.2869459637591,1232.9038387428782,2.674243668720055,83.4673853524983,1
331,fidjien,NCWFVoisin,177.433189,-17.773557,https://atlas.lisn.upsaclay.fr/sounds/fidjien.mp3,"Na matanicagi mai na vualiku kei na matanisiga erau veibataka se ko cei e kaukauwa, ena gauna e wavoki mai kina e dua ka olo toka ena iolo ni tui. Erau sa qai kaya ni o koya ga e rawata me luvata laivi na itutuvi vei koya ya e na qaqa. Sa qai liwa kaukauwa mai na matanicagi ena vualiku ka tovolea ena nona igu taucoko me na luvata na ikote, ia na kaukauwa ni liwa ni cagi e lako vata ena saga tale ga me ologi koya vinaka, sa mani soro nona sasaga na matanicagi. Gauna oqo ena tovolea kina na matanisiga, qai cila vinaka mai na matanisiga ena kena katakata sa mani luvata laivi na nona iolo ko koya. E sa mani vakatusa ni sa druka na matanicagi mai na vualiku.",Homme,496.40707926559065,850.2821876238334,26.06223134839151,79.52836413415469,1
332,Filstroff,Allemagne,6.5414,49.3236,https://atlas.lisn.upsaclay.fr/sounds/Filstroff.mp3,"De énnescht Loft un de Sonn hann sich verstritt, jeder hann gesichert, er wär der stärckscht. Do hann se en Räsener gesi kommen un er wor gutt égewéckelt én seim Mantel. Do hann se sich geänicht alle zwei for ze saan, datt déer Ierscht wou fierdisch bréngt déim Mann lo sei Mantel auszedoun, datt déer der stärckscht és. Un do hat de énnescht Loft agefang ze bloosen so fescht wéi se nuer hat kinnten, awwer je méih se gebloost hat, je méih hat der Räsener sein Mantel ém sich gewéckelt un am Enn hat de énnescht Loft ofgénn ze prowieren déim sei Mantel auszedoun. Un do hat de Sonn agefang ze strahlen un en Stuerm droff hot der Räsener warem un hat sei Mantel ausgedoun. Also hat de énnescht Loft mischten zougénn, datt de Sonn déi stärckscht von déi Zweien lo wor.",Femme,563.5193657397842,879.1751346102542,10.555058179329228,80.96134839151266,0
333,Flachsmeer,Deutschland_OF,7.461534676769792,53.121104685947095,https://atlas.lisn.upsaclay.fr/sounds/Flachsmeer.mp3,"Insent fuchtent noorder Wind un Sünn, well d'r wall de Starkerder van beid was, as 'n Wannerder, de 'n warm Jopp anharr, dat Padd andaal kwamm. Se kwamment overeen, dat d' een starker wesen sull, de de Wannerder dwingen deee, siien Jopp uut t' trecken. De noorder Wind puustde baldadig, man wo feller he dat dee, wo mehr mümmelde sük de Wannerder in sien Jopp in. Tolest gaff de Noorderwind 't to. Nu verwarmde de Sünn de Lücht mit hör leev Angels, un knapphannig look de Wannerder sien Jopp ut. Do muss de noorder Wind bekennen, dat de Sünn starkst was.",Homme,748.0125912789393,1497.3214338956918,10.469390828199863,83.95501711156741,0
334,Flensburg,Deutschland_SH,9.43333339691162,54.78333282470703,https://atlas.lisn.upsaclay.fr/sounds/Flensburg.mp3,"Dat is allen bidden wat her, dor kregen sik de Noordwind und de Sünn in ne Wull, wokeen vun se woll de Stärksten wärrn, just elang to de Tied keem een Wannersmann vörbi, de harr een warmen Mantel an. Se worrn sik ok enig, dat dejenige as stärkste gellen schull, de de Wannersmann dorto brüch sien Mantel uttotrecken. De Noordwind blaast mit alle Macht, man je duller he blaast, umso faster hüllt sik de Wannersmann in sien Mantel. Endlich geev he up. Nu warmte de Sünn de Lüft mit ehr fründliche Strohlen up un dat duert nich lang un de Wannersmann trock den Mantel ut. Dor müsst de Noordwind togeven, dat de Sünn wohl de Stärkere vun de beiden weer.",Homme,577.9813307515079,1338.997217489323,9.618049281314168,86.75412046543464,0
335,Fleurus,Belgique,4.547975,50.483302,https://atlas.lisn.upsaclay.fr/sounds/Fleurus.mp3,"Èl bîje èyèt l' solia ès' mârgayén.n' an dijant tous lès deûs k' il astén.n' èl pus fwârt. C' è-st-a ç' momint la k' il ont vèyu èn ome ariver avou s' paltot d'su li. Il ont tcheû d'acônrd èchène ki l' preumî d' zèls k' arivréve a fé satchî s' paltot a l'ome, c' èst li k' on dîréve k' il èst l' pus fwârt. Adon, èl bîje s'a mètu a soufler l' pus fwârt possibe, mins d'pus k' èle souflèt, d'pus k' l'ome sèrèt s' paltot autoû d' li, èy al difén, èl bîje a dit k' èle èn' sâréve. Do cônp, èl solia a comincî a lûre èyèt au d'bout d' in momint, l'ome, k' astèt tout r'chandi, a satchî s' paltot. C' è-st insi k'èl bîje a bén stî oblidjîye di r'conèche ki l' solia astèt l' pus fwârt dès deûs.",Homme,786.0301952624152,1393.8530467662258,10.816584531143054,82.7822997946612,0
336,Flumet,France,6.515707,45.819325,https://atlas.lisn.upsaclay.fr/sounds/Flumet.mp3,"La biz è le solye se disputâv : stâkon achurâv k'âl' tè le pè for. Pwé yan vu on passan s'avanché anvelopâ djan son manté ; é son tonbâ d'akor kè sé k'arvâvè le premyé a fér voutâ son manté u passan sara avzâ man le pe for. Apré, la biz s'è btâ a soflâ dè tot sa fôrs : pè l'soflâv, pè l' passan sarâv son manté utor de lẅi, è pwé la biz a rnonchâ a lẅi fér voutâ. Le solye a kminchâ a pwontâ. Na varba apré, le passan, rèsteudâ, a voutâ son manté. Dinche, la biz a rekonyu ke le solye étè le pe for dé dou !",Femme,814.7568340005895,1438.2276203711717,10.185085557837098,75.03419575633129,0
337,Foix,France,1.6078,42.9664,https://atlas.lisn.upsaclay.fr/sounds/Foix.mp3,"La cisampa e le solelh se carcanhavan, cadun assegurant qu'èra lo mai fòrt, quand an vist un viatjaire que se fasiá ençà, estropat dins son mantèl, son tombats d'acòrdi que le que arribava le prumièr a far quitar son mantèl al viatjaire, seriá gaitat coma le mai fòrt. Alavetz, la bisa s'es butada a bufar de tota sa fòrça, mas mai bufava, mai le viatjaire sarrava son mantèl al torn d'el, e a la fin, la cisampa a renonciat a le li far quitar. Alavetz, le solelh a començat de brilhar, e al cap d'un moment, le viatjaire, rescalfat, a quitat son mantèl. Atal, la bisa a degut reconéisser que le solelh èra le mai fòrt dels dos.",Homme,601.1979677694669,1209.6798949999738,12.882388774811771,73.03819986310747,0
338,fon,Africa,2.400549874785544,6.364712939573016,https://atlas.lisn.upsaclay.fr/sounds/fon.mp3,"Jɔhɔn totaligbé tɔn ɔ́ kpódó hwesivɔ́ kpó ɖo nǔ dɔn wɛ, bɔ mɛ ɖé nɔ́ ɖɔ émí wɛ ɖó hlɔ̌nhlɔ́n hú mɛ ɖiɔ́. Déé ye mɔ tomɛyitɔ́ ɖé ɖò sisɛkpɔ ye wɛɔ́, bo blá awu tɔn ɔ, yé yí gbé ɖɔ mɛ e na bló bɔ é na ɖé awuton jɛ nukɔn é wɛ yin min ééɖó hlɔnhlɔn hugǎn mindiɔ́. hwoun, jɔhɔn totaligbé tɔn ɔ jɛ nyinyi jí kpo hlɔnhlɔn tɔn bǐ kpo, amɔ̌, lee é ɖò nyinyi wɛ syɛnsyɛn gbɔn é ɔ, mɔ̌ wɛ tomɛyitɔ́ ɔ hɛn awu tɔn syɛnsyɛn gbɔn é nɛ. Wǎgbɔ tɔn ɔ, é gbɔ́ jó awu didé noun tomɛyitɔ́ dó. Enɛ gudo ɔ, hwesivɔ jɛ ziza jí, bɔ hwenu kpɛɖé gudo ɔ, yozo hin tomɛyitɔ́  bɔ́ é ɖé awu tɔn. Enɛ wu ɔ, jɔhɔn totaligbé tɔn gbɔ́  yí gbé ɖɔ hwesivɔ́  wɛ syɛn húi.",Homme,589.2625924718072,1003.9383425451797,26.55290896646133,85.18525667351129,1
339,Fontenais,Suisse,7.08007580480721,47.40337319554314,https://atlas.lisn.upsaclay.fr/sounds/Fontenais.mp3,"Lè Bije é l Sòroiye. Lè bije é l sòroiye seu tchikoinïn, tyétyun èchurain k èl étè l pu foû?. Tyain k èl – aint vu ïn vouèyèdjou k s èvainsè, véti dain son mainté, è son tchouè d èkoû keu stu k èrivrè l premî è i fère rôtè son mainté sèrè èrkògnu kman l pu foû?. Dadon lè bije s a bòtê è çhoûçhê deu tòte sé foû?ch, è peu pu èl çhoûçhê, pu l vouèyèdjou sèrè son mainté atouè d lu. Finalement, èll é èratè deu yi fère rôté son mainté. Dâli l sòroiye è kmansè è briyî, è peu â bou d ïn moman, l vouèyèdjou, rètchâdê, rôta son mainté. Dâli lè bije è dèvu rkouégnâtre keu l sòroiye étè pu foû.",Homme,590.3303332486392,1420.8838747604393,10.195119780971936,80.4245516769336,0
340,Forcalquier,France,5.7833,43.9667,https://atlas.lisn.upsaclay.fr/sounds/Forcalquier.mp3,"Se disputavan l'aura e lo soleu, que cadun se disiá lo pus fòrt, quand veguèron un viatjaire que s'avançava, plegat dins son mantèu. Se metèron d'acòrdi que lo promier que capitariá a lo li far levar, son mantèu, au viatjaire, seriá eu dich lo pus fòrt. L'aura, alora, se botèt a bofar de tant coma podiá, mai dau mai bofava, e dau mai lo viatjaire s'envertolhava lo mantèu a l'entorn, de tant que, fin finala, l'aura diguèt seba per lo li far levar. Adonc, lo soleu te comença a lusir e, passat un momenet, lo viatjaire, rescaufat, se tomba lo mantèu. L'aura, ansin, conoissèt pron qu'èra pus fòrt, lo soleu.",Homme,593.9830453476798,1454.686411897776,12.789137577002053,69.44689253935661,0
341,Forcalquier / Forcauquier,Occitanie,5.7833,43.9667,https://atlas.lisn.upsaclay.fr/sounds/Forcalquier.mp3,"Se disputavan l'aura e lo soleu, que cadun se disiá lo pus fòrt, quand veguèron un viatjaire que s'avançava, plegat dins son mantèu. Se metèron d'acòrdi que lo promier que capitariá a lo li far levar, son mantèu, au viatjaire, seriá eu dich lo pus fòrt. L'aura, alora, se botèt a bofar de tant coma podiá, mai dau mai bofava, e dau mai lo viatjaire s'envertolhava lo mantèu a l'entorn, de tant que, fin finala, l'aura diguèt seba per lo li far levar. Adonc, lo soleu te comença a lusir e, passat un momenet, lo viatjaire, rescaufat, se tomba lo mantèu. L'aura, ansin, conoissèt pron qu'èra pus fòrt, lo soleu.",Homme,593.9830453476798,1454.686411897776,12.789137577002053,69.44689253935661,0
342,Fourques,France,2.778728,42.581565,https://atlas.lisn.upsaclay.fr/sounds/Fourques.mp3,"La vispa i el sol se barellaven, tots dos assegurant que eren els més forts, quan van veure un viatger que venia, tot abrigat; se van posar d'acord que el primer dels dos que faria treure l'abric al viatger seria vist com el més fort. Llavors la vispa va bufar amb tota la seua força, i més ella bufava, més el viatger apretava el seu abric prop del seu cos, així la vispa va renunciar a fer-li treure. El sol va llavors començar a brillar; al cap d'un moment, el viatger, tot rescalfat, va treure l'abric. Així, la vispa va reconèixer que el sol era el més fort.",Homme,633.1073757209597,938.3278938750325,11.995852156057493,70.75893223819303,0
343,Fraga,Espagne,0.354036,41.531741,https://atlas.lisn.upsaclay.fr/sounds/Fraga.mp3,"L'aire nort i lo sol porfiaen sobre quin d'ells ere lo més fort, quan va asertá a pasá un viajé enroscat en ampia capa. Van quedar d'acort/Van convindre en que qui antes conseguisqués obligar al viajé a traure's la capa sirie considerat més poderós. L'aire nort va bufar en furia, pero cuan més bufae, més s'enrroscae en la seua capa lo viajé, per fi, l'aire Nort va abandoná la empresa. Allavonses, va brillar lo Sol en ardó, e inmediatamente se va desfer de la seua capa lo viajé. Per lo que l'aire del Nort va tindre que reconeixer la superioridat del sol.",Femme,701.1234347474451,1071.48036250429,15.932847364818617,68.18160164271048,0
344,français canadien,AG,-73.61357,45.492746,https://atlas.lisn.upsaclay.fr/sounds/francais_canadien.mp3,"La bise et le soleil se disputaient, chacun assurant qu'il était le plus fort. Quand y'ont vu un voyageur qui s'avançait, enveloppé dans son manteau, ils sont tombés d'accord que celui qui arriverait le premier à y faire ôter serait reconnu comme le plus fort. Alors, la bise s'est mise à souffler de toutes ses forces, mais plus qu'a soufflait, plus que le voyageur serrait son manteau autour de lui. Finalement, a renonça à y faire ôter. Alors, le soleil commença à briller pis au bout d'un moment le voyageur, réchauffé, ôta son manteau. Faque la bise dut reconnaître que le soleil était le plus fort.",Homme,707.47408066321,1453.6298791762154,7.506317590691307,79.94895277207392,0
345,Franeker,Netherlands,5.543661,53.186546,https://atlas.lisn.upsaclay.fr/sounds/Franeker.mp3,"De noardewyn en de son waren an ut bekfechten wie nou de sterkste was fan hun beiden. Krekt op dat moment kwam der un reizuger an, dy un warme mantel an had. Se wurden ut eens dat degene dy ut earst lukke sú om de reizuger syn mantel úttrekke te laten, de sterkste was. De noardewyn begon út alle macht te blazen, maar hoe harder dat y blies, des te dichter trok de reizuger de mantel om um heen. Op ut laatst gaf de noardewyn ut op. Dêrna begon de son krachtug te skinen, met as gefolg dat de reizuger daluks syn mantel úttrok. De noardewyn moest bekenne dat fan hun beide, de son ut sterkste was.",Homme,822.2059926452679,1578.3982466617003,11.047987679671458,84.08581793292267,0
346,Frankfurt am Main,Deutschland,8.677291,50.109076,https://atlas.lisn.upsaclay.fr/sounds/Frankfurt_Hessian.mp3,"Ẽinst stridde sisch Noddwind und Sonne, wer von ihne beide wohl de Stärgere wär. Åls ẽin Wannerä, der in eim warme Mandel gehillt wåå, des Wesches dahäkãm. Sie wudde ẽinisch, des dejenische fü den Stärgere gelde sollde, dä dem Wannerä zwinge wed, sẽinen Mandel abzunemme. Dä Noddwind plies mid allä Macht, awä je mehr er plies desdo fesdä hillte sisch der Wannerä in sẽinen Mandel ẽin. Endlisch gab der Noddwind den Kampf uff. Nun erwämde die Sonne die Luft mit iän frẽundlische Strahle un schon nach wenische Aarebligge zoch dä Wannerä sẽinen Mandel aus. Då mussde dä Noddwind zugewe, des die Sonne von ihne beide wohl de Stärgere wår.",Homme,807.1894646072683,1526.077882840156,11.185393566050651,77.45706365503081,0
347,Frasco,Suisse,8.800328040839778,46.33992939790616,https://atlas.lisn.upsaclay.fr/sounds/CH_Nordwind_Frasco.mp3,"El vént négro e el sóo. Is zanghèva un dì el vént négro e el sóo: vüm o pretendèva da vèss püsée fort de chèl alt, quand ia vedü om viandant ch’o vegnìva inànz strensgiǘ ént nel sö paltò. I dü zangói i s’é metǘ alóra d’acòrdi che el püsée fòrt o saréss bü chèl ch’on füssa resíd a faa sì che os tirèssa fòra el paltò da dòss. El vént négro o s’é invióo a bofaa fòrt, ma püsée o bofèva, püsée el viandant os intabarèva sü, tant che per finii el pòvro vént négro l’a bü da lasaa pèrd. El sóo alora l’é parǘ scià nel ciél e pòch dopo el viandant, ch’o sentiva cald, o s’é töcc fòra el paltò, e alóra el vént négro l’a bü da amètt che el sóo l’èva püsée fort.",Femme,926.547655227516,1209.163231252412,2.9805817932922656,84.00574264202601,1
348,Freiamt,Allemagne,7.88554,48.179309,https://atlas.lisn.upsaclay.fr/sounds/Freiamt_Alemanic.mp3,"De Nordwind un d Sunne hen emol gstritte, wer vu ihne wohl de Stärkscht sej, wu e Wanderer, wu in e warme Mantel iigmummlet gsi isch, dehergloffe isch. Sie sin sich einig gsi, dass derjenig als de Stärkscht gälte sott, wu s fertig bringt, dass de Wanderer de Mantel üssziägt. De Nordwind het mit allere Macht blose, aber je mih er blose het, desto feschter het sich de Wanderer in si Mantel iigmummlet. Schliäßlich het de Nordwind si Kampf ufgää. Jetz het d Sunne d Luft mit ihre frejndliche Strahle ufgwärmt, un schu noch winige Aügeblick het de Wanderer si Mantel üszoge. Do het de Nordwind zuegää miäße, dass d Sunne stärker gsi isch wiä är.",Femme,665.0890902734719,1526.5854753295848,8.651485284052018,84.66296372347706,0
349,Freital,Deutschland,13.65041,50.998714,https://atlas.lisn.upsaclay.fr/sounds/Freital_Saxon.mp3,"Eema zangten sich der Nordwind und de Sonne, wer wohl von den beeden der Stärgste is, als'n Wanderer, der in een warm' Mandl gehuddld war, vorbeigeloofn kam. Se machten ab, daß der der Stärkste war, der den Wanderer dazu brächte, dass der sein' Mantel auszieht. Der Nordwind pustete mit aller Graft, aber je mehr er pustete, umso doller huddelte sich der Wanderer in sein' Mandl ein. Nach ä baar Minudn gab der Nordwind off. Jetz schien de Sonne und erwärmte die Luft, und im Handumdrehn zoch der Wanderer sein' Mandl aus. Da mußte der Nordwind zugeem, daß die Sonne von den beeden der Stärgste is.",Femme,661.1582045361199,1270.5016287065994,9.561485284052019,79.83402464065708,0
350,Frestedt,Deutschland,9.180371,54.025725,https://atlas.lisn.upsaclay.fr/sounds/Frestedt.mp3,"Eens Doogs stre'en sik Noornwind un Sünn keen vun de beiden wohl mehr Knööv hall, as en Wannerer, de in en warm Mantel inpack weer, den Weg lang keem. Se worrn sik enig, dat de dorste de Starkere ween schull, de den Wannerer dorto kreg sien Mantel aftoleggen. De Noornwind puust mit alle Macht, ober je mehr he puus, umso faster pack sik de Wannerer in sien Mantel in. Sodenni geev de Noornwind den Kamp op. Nu warmt de Sünn de Luft mit ehre fründlichen Strohlen un dat duur ni lang as de Wannerer no'n lütten Stoht sien Mantel uttreck. Do muss de Noornwind togeben, dat de Sünn mehr Knööv hall.",Femme,591.3635900083764,925.7084454533622,9.9439151266256,85.03110882956878,0
351,Freyming-Merlebach,France,6.815093,49.14463,https://atlas.lisn.upsaclay.fr/sounds/Freyming-Merlebach.mp3,"De Wind unn die Sonn han gejenänner geschtriet, wer nur der stärksche esch, wie se dann uf ämol ne Wanara gesiehn han ankomme, der in sinem Mandel ingewickelt war. Se han sich druff ännig gemacht dass, der wo de Wanara dazu bringe wod, sin Mandel uszuziehe, dann ach als der Stärkschde von denne zwei angeluht wird. Dodruff hat de Wind angefang mit vollie Kraft ze bloose, nur je stärker er gebloost hat, je feschder hat de Wannarer sin Mandel zugehebt, unn am end hat de Wind es ufginn ne dazu se bringe, ne uszeziehn. An dem Moment hat die Sonn angefang se strahle, unn noo ne bestimmtie Ziet, hat de ufgeheitzte Wanara sin Mandel usgezoh. Doodurch hat der Wind misse annerkenne dass die Sonn die stärkschde von denne zwei esch.",Homme,703.741663528748,1410.6441247198386,10.777166324435319,80.10129363449693,0
352,Frisian,EU,5.925284,53.296845,https://atlas.lisn.upsaclay.fr/sounds/Rinsumageast_Frisian.mp3,"De noardewyn en de sinne tsierden oer wa't fan har de sterkste wie. Doe kaam der krekt in man foarby mei in waarme jas om him hinne. Se waarden it der oer iens dat dejinge dy't de foarbygonger safier krije soe dat er syn jas útlûke soe de sterkste wêze soe. De noardewyn begûn út alle macht te blazen, mar wat hurder oft er blaasde, nammerste tichter de foarbygonger de jas om him hinne loek. Op 't lêst joech de noardewyn it mar op. Dêrnei begûn de sinne fûl te skinen en fuortendalik dêrnei luts de foarbygonger de jas út.De noardewyn koe doe allinnich mar tajaan dat de sinne de sterkste wie.",Homme,622.7962339752569,1117.9938136940764,11.295010266940452,84.11194387405887,0
353,Frohnleiten,Autriche,15.320668,47.269131,https://atlas.lisn.upsaclay.fr/sounds/Frohnleiten.mp3,"Da Wind und die Sun hom si gstriatn und jeda hot behaupt das er da Stärkste is, wias aan Strawanza daherkuman gsegn hom, seim Montl ausziagn das er als der Stärksta au'gsegn wird. Don hot da Wind augfongan zum waahn mit oij seina Kroft. Je mehr er gwaaht hot umso festa zojgt der Strawanza sein Montl um si herum. Und am end hot da Wind aufgebm und hot ihm den ausziagn losn. Dann hot de Sun zum Scheinen augfongan und noch an zeitl hot der Strawanza sein Montl auszoagn und hot si aufgwamt. Der Nordwind hot dakennan miasn das die Sun die Stärkere von beidn woa.",Femme,639.5982250992205,831.787639948028,7.797905544147844,81.89715947980835,0
354,Fromelennes,France,4.858691,50.121643,https://atlas.lisn.upsaclay.fr/sounds/Fromelennes.mp3,"El bîje èt l' solia s' disputint, tchaconk d'jant èsse li l' pus fwârt. A ç' moumint la, il ont vèyu in voyadjeû k'ariveût, rassèrè dins s' pardissus. Il ont tchèyu d'acwârd ki l' ci k'arivreût a fé satchî s' paltot au voyadjeû, i sreût wêtî come el pus fwârt. Adon, el bîje s'a mètu a choflè di totes ses fwaces. Mês, pus k' èle choufleût, pus ki l' voyadjeû s' rassèreût dins s' mintia. Èt al fin, el bîje n' a pus voulu toursiyî. Adon, el solia a cmincî a rlûre, èt après on momint, nosse voyadjeû richandi a rsatchî s' mantia. Adon, el bîje dut rconuche k'el solia esteût l' pus fwârt du zèls deûs.",Femme,681.7866786625486,1500.9793058413493,10.144277891854895,82.97253935660507,0
355,Frutigen,Suisse,7.649665377112318,46.58711380719276,https://atlas.lisn.upsaclay.fr/sounds/CH_Nordwind_Frutigen.mp3,"Synerzyt hii d Suna u d Bysa zäme tischpitiert, wär fürschig der Schtèrher sygi vam bèède. Da ischt iina im ene dicke Rock derhaar choo. D Suna u d Bysa sy sig rèètig worde, dass dää, was fèrtig bringt, dass dä Wanderer der Rock abziet, der Schtèrher sygi. D Bysa het aafaa chute, was gischt, was hèscht, der Wanderer hèt sig aber ging mèè i sy Rock yglyret. Zlèschtament hèt sig d Bysa müesse ergää. Drufahi het d Suna mit ire luube Strahle d Luft aafaa erwèrme, un im Schwick hèt der Wanderer der Rock abzoge. Due hèt d Bysa müesse zuegää, dass d Suna schtèrher ischt.",Homme,685.365596888518,1338.9545556716696,5.19488706365503,79.33000684462696,0
356,Fully,Suisse,7.119714613720245,46.13953115003783,https://atlas.lisn.upsaclay.fr/sounds/CH_Nordwind_Fully.mp3,"La Bije è, le cholaï – La bije è, le cholaï chè dépiëtâv’on… Yon tsëkon dëjaï kë, i l’ér’è, la pië yôte, u, le pië yô! To d’on kou, i l’on yu arevâ on vouoyadzeu, vètaï d’on manté. Adon i chè chon mètu d’akô pouo chè départadzë: ché kë l’âruvèrè le prèmië a yaï fire vouotâ le manté, i charè konchidèrô këmin le pië yô. Adon, la bije ch’è mètchua a choshiâ, a forche… Mi, pië i choshiâv’è, pië le vouoyadzeu, i ch’in-mitoflâv’è avoui le manté… Pouo n’in fouërni, l’a kapouonô dè-yaï fire vouotâ le manté. Adon, le cholaï l’a këmincha dè lèyë a fon, è, na pëtchoud’a vouèrbe âpri, le vouoyadzeu, rètsoeüdô, l’a vouotô le manté. È deïnche, la bije l’a pâ chu kè fire kè dè, rèkouognaïtre kë le cholaï, l’ér’è fran, le pië yô di dou!",Homme,668.2768974550239,1261.7989204227927,4.542881587953456,78.82232032854209,1
357,Fursac,France,1.5153,46.143,https://atlas.lisn.upsaclay.fr/sounds/Saint-Etienne-de-Fursac.mp3,"La bise e le solelh se disputavan. Chascun assurave qu'eu ère le pus fòrt. Quand ilhs an veüt un voiatgeur, que s'avançave, engonçat dins son mantel, ilhs son tombats d'acòrd que queu-qui qu'arriverí le premier a li far enlevar son mantel serí gaitat come le pus fòrt. Alòr, la bise s'a mese a bufar de tote sa fòrce, mas mai 'la bufave, mai le voiatgeur sarrave son mantel autorn de se. E, a la fin, la bise a renonçat a le li far pausar. Alòr le solelh a començat a brilhar, e, au bot d'un moment, le voiatgeur, reschaufat, a enlevat son mantel. De mèsme, la bise a degut reconeistre que le solelh ère le pus fòrt de los dos.",Femme,621.4887301154595,1407.0714863627327,12.398720054757016,78.08290896646133,0
359,Gagauz,EU,28.655373,46.301302,https://atlas.lisn.upsaclay.fr/sounds/Conrat_Gagauz.mp3,"Poyraz lüzgeri hem güneş baasa girdilär, ikisindän angısı taa kaavi, açan onnarın yanından geçärdi kalın yaamurlaa sarınmış bir yolcu. Da onnar annaştılar, ani angısı ilk çıkardarsa yolcuya yaamurluunu, o da sayılacek taa kaavi. Ozaman poyraz lüzgeri üfledi bütün kuvetlän, ama nekadar taa çok o üflärdi, yolcu okadar taa çok yaamurluuna sarınardı, da bitki-bitkiyä poyraz lüzgeri verildi. Ozaman güneş şıladı da yısıttı yolcuyu. Yolcu hemen yaamurluunu çıkardı. Butakım poyraz lüzgeri lääzım oldu kabul etsin, ani güneş ondan taa kaavi.",Homme,572.692080827877,839.113254085624,11.795085557837098,69.39895277207391,0
360,Gap,Occitanie,6.078611,44.559444,https://atlas.lisn.upsaclay.fr/sounds/Gap.mp3,"La bisa e lo solelh se garrolhavan, chascun assegurant qu'èra lo pus fòrt, quand veguèron un viatjaire que s'avançava, tot enmantelat. Venguèron d'acòrdi que lo qu'arribaria lo primier a far garar son mantèu seria regardat coma lo pus fòrt. Alora la bisa se betèc a bofar, a bofar de bofar, mas dau mai bofava dau mai lo viatjaire s'enmantelava, e a la fin la bisa abandonèc de li lo far garar. Alora lo solelh se betèc a brilhar, au bot d'un moment, lo viatjaire, reschaufat, se desmantelèc. Ansin la bise aguèc de reconèisser que lo solelh èra lo pus fòrt dels dos.",Homme,594.2050796703113,1384.67577896265,7.915544147843943,70.64528405201916,0
361,Gap,France,6.078611,44.559444,https://atlas.lisn.upsaclay.fr/sounds/Gap.mp3,"La bisa e lo solelh se garrolhavan, chascun assegurant qu'èra lo pus fòrt, quand veguèron un viatjaire que s'avançava, tot enmantelat. Venguèron d'acòrdi que lo qu'arribaria lo primier a far garar son mantèu seria regardat coma lo pus fòrt. Alora la bisa se betèc a bofar, a bofar de bofar, mas dau mai bofava dau mai lo viatjaire s'enmantelava, e a la fin la bisa abandonèc de li lo far garar. Alora lo solelh se betèc a brilhar, au bot d'un moment, lo viatjaire, reschaufat, se desmantelèc. Ansin la bise aguèc de reconèisser que lo solelh èra lo pus fòrt dels dos.",Homme,594.2050796703113,1384.67577896265,7.915544147843943,70.64528405201916,0
362,Garessio,ItaliaNord,8.016293841893603,44.20764502721476,https://atlas.lisn.upsaclay.fr/sounds/Garessio.mp3,"L'aria da valle e u sû i discütôva, ìn dì, su chi di dui u fusse ciü forte. Alamenté iuvi vistu ün chu passôva imbriccàu int'ìn mantéllu. Alura i sun ficcài d'acordiu che u primu d'lu chu fusse rnescìu a fâ gavâ u mantéllu da còle au passante u sarisce stàu u ciü forte. L'aria da valle l'à cumensàu a sciuscià cun tütta a so forsa, ma ciü a sciusciava, ciü u passante se inrüccava intu mantéllu, tantu che aa fin a povera aria l'à lasciàu perde. Alura u sû l'à cumensàu a sbarlügâ cun tüttu u so calû e sübitu u passante u s'è ghevàu u mantéllu. Cuxì l'aria da valle l'è sta custrêta a recunusce che u sû l'iera ciü forte d'le.",Homme,505.9492922237223,492.70643164552916,15.19123203285421,73.92158795345654,0
363,garífuna,AG,-86.364618,16.411787,https://atlas.lisn.upsaclay.fr/sounds/garifuna.mp3,"Lasigenehaña ünabugienti luma weyu ka lan hadagien heretimabei. Dan le lásugurun aban áfayahati darugua tau lidaü. Aban hadaradarun luagu le lan furumieti hadagien aduga lun teíguadun lidaü afayahati, ligiaba lan arihuwa kei le heretimabei. Ligia lubeiti aban lan latatirun ünabugienti afuha lau sun lere. Danle lau lan látima lafuha lau erei ligia tima láfulagun afayahati tuagu lidaü, dei lun labuchadun lau ünabugienti. Aban lubeiti ligemechun weyu lau sun lara sin adarasehani aban lagidaruni afayahati lidaü. Luagu lubeiti merederunti amu lun ünabugienti lun Laharun sunsuinagubei here lan weyu luei.",Femme,681.9797661461339,872.4735983366785,27.854681724845996,80.41641341546887,1
364,Gedinne,Belgique,4.93979,49.980433,https://atlas.lisn.upsaclay.fr/sounds/Gedinne.mp3,"Lu vint d' bîje èt l' solê astint an margaye. Tchèkin djot k' ç' astot li l' pus fwârt. A in momint dné, i wèyint au lon èn oume ki s' amonnot, avu in paltot su l' dos. I gadjint ku l' cî ki lî frot voler vônye lu paltot, ça srot li l' pus fwârt. C' est l' vint d' bîje ki atake lu prumî. I choufule du toutes ses fwâces su l' oume. Pus çk' i choufule, pus çku l' ome su rassère avu s' paltot. Lu vint d' bîje duscouradjî, bache les brès. C' est l' toûr du solé, ki cmince a loûre èt a tchaufer. Alônr, l' oume cumince a suwer des goutes. A ç' moumint la, l' ome su dusmousse et tape su paltot su sa spale. Lu vint d' bîje rucounut k' il è pierdu, èt k' c' est l' solê k' est l' pus fwârt.",Homme,719.9397126956775,1426.9614522573977,10.144277891854895,82.97253935660507,0
365,Geluveld,Belgique,2.993662,50.83378,https://atlas.lisn.upsaclay.fr/sounds/Geluveld.mp3,"De nuurdewind en de zonne wauren ant discuteren wiene dader de sterksten waus van ulder getwien. Just op da moment kwamter ne voyageur af, die ne waurme paltoo aan hau. Ze kwamen overeen dat'n dien die diene voyageur eest zijn paltoo kost doen uitdoen, de sterkste zoe zijn. De nuurdewind begost zuu hard meulijk te blauzen maar hoe harter dat die blausdege hoe meer da diene voyageur zijne paltoo toetrok. Uitendlijk gaf tie t'op. Daarachter begost de zonne hard te schijnen en de voyageur dee sebiet zijne paltoo uit. De nuurdewind moest dus toegeven dat de zonne de steirksten was van ulder getwien.",Femme,668.8910918316578,1058.6977129996021,11.390937713894592,83.40494866529774,0
366,Gembloux,Belgique,4.693173,50.560429,https://atlas.lisn.upsaclay.fr/sounds/Gembloux.mp3,"Li vint d' bîje èt l' solia s' disputîn´, chake vlant yesse li pus fwârt, cand is ont vèyu on voyadjeû ki s' avancicheût, moussî dins s' paltot. Il ont tcheû d' acônrd ki l' cia  qu'arivereûve li prumî a fé rtirer si paltot au voyadjeû sèréve vèyu come li pus fwârt. Adon, li vint d' bîje s' a mètu a sofler di totes ses fwaces. Mins pus i choufleût, pus l' voyadjeû sèreût si paltot autoû d' li. Èt al fén, li vint d' bîje a rnoncî a lî fé rtirer. Aloûr li solia a comincî a lûre, èt au dbout d' on moumint, li voyadjeû, richandi, a ritiré s' paltot. Insi, li vint d' bîje a du rconèche ki l' solia esteûve li pus fwârt des deûs.",Homme,565.2798106689974,1229.0893233524032,10.65015742642026,82.43041067761807,0
367,Gemmenich,Belgique,5.994245,50.745306,https://atlas.lisn.upsaclay.fr/sounds/Gemmenich.mp3,"De Biis än de Zon schtriite zech, jéderénge behouptet, dat e der Schtärekste és. Wi ze du ene Schpatséérer zoore, dä én zinge Mantel äjewékelt woor, woore ze äverschtande, dat der öschte, dä et schaft, däm der Mantel ut te duue, als der Schtärekste anärkant wät. De Biis vong du aa, ezö schtärek te blooze, dat der Schpatséérer der Mantel ömer mie tu trook. De Biis joof du op. De Zon vong du aa te schinge, bés op éémool der Schpatséérer te wäärem hau än zéch der Mantel utdong. An dat Momänt mos de Biis ääzie, dat de Zon de Schtärekste woor.",Homme,931.0364964694513,1892.9694925874355,9.366509240246407,83.56731690622861,0
368,Genk,Belgique,5.495312,50.966452,https://atlas.lisn.upsaclay.fr/sounds/Genk.mp3,"De noerderwènd en de zon woeren oan het stechelen ieëver wèè van hin twieë de staerkste woas. Zjust op dèè moment koem doe ne reeziger oan dèè ne werme jas oanhaa. Ze koemen ieëvereen dat wèè het ierste zoo konne moake datter z'ne jas zoo outdoehn, zich de staerkste zoo moeëge nieme. De noerderwènd begos out alle macht te bloeëze, me wei heller datter blies zoeveel te mier trok de reeziger z'ne jas vast rond ze lijf, en op den doehr goehf de noerderwènd het op. Doonoo begos de zon fèl te stroole en doo-op trok de reeziger z'ne jas out. De noerderwènd mos doomèt tougèève dat de zon van hin twieë de staerkste woas.",Homme,607.440029956934,1341.6096669641518,11.393237508555783,79.45043121149898,0
369,Genouillé,France,0.3362894994080365,46.10762956174624,https://atlas.lisn.upsaclay.fr/sounds/Genouille.mp3,"La bise é le souléll se disputiant, l'in coume l'àutre acértenét qu'ol tét li le pu fort. Quant l'ant vu in ga qu'arivét poullai den sun manteau, l'avant tunbai d'acord que çhau qui perét le prmié z-y faere dépoullàe sun manteau, o serét li le pu fort. De ce qui fét que la bise se métit a bufàe tant qu'é pevét mae qu'ine éprbelle. A se métit a bufàe : mae qu'a bufét, mae le voeyajheùr se repoullét den sun manteau. A la fin la bise achayit a z-y faere dépoullàe. De ce qu'i fét que le souléll coumencit a trlusàe é au bout d'in moument le ga foutit sun manteau a bas. De ce qui fét qu'ol at bén felu que la bise reconéssisse qu'ol étét le souléll qu'atét le pu fort de zeùrs deùs.",Femme,655.4422774032514,1418.9639984972357,13.041629021218343,77.9623613963039,0
370,Gent,Belgique,3.715196,51.05553,https://atlas.lisn.upsaclay.fr/sounds/Gent.mp3,"De noorderwind en de zonne woare ruuze an't moaken over wie dat er de stirkste van ulder getwîes was. Zuust op diene moment kwamt er ne voyageur af mee ne woarme paltoo. Ze kwoamen overîen dat den diene die't er ‘t îest zoe in lukke veur de voyageur zijne paltoo te doen uitdoen, de stirkste zoe zijn. De noorderwind begost tons uit volle force te bloaze, moar hoe harter dat hij bloasdege, hoe harter dat de voyageur zijne paltoo tege zijn lijf trok. Uiteindelijk gaf de noorderwind de pijp' aan Martijn... Doarachter begost de zonne wrîe firme te schijne, en doarop speeldege de voyageur sebiet zijne paltoo uit... De noorderwind kost nie anders dan bekenne dat de zonne van ulder getwies de stirkste was.",Homme,662.0428425283218,1370.5383771784116,11.335845311430527,82.48269678302533,0
371,Gerpinnes,Belgique,4.527929,50.337087,https://atlas.lisn.upsaclay.fr/sounds/Gerpinnes.mp3,"El bîje èyèt l' solia si margougnît pou sawè li cia qu' esteut l' pus fwârt. Termetant, i vèynut ène sônte di bribeû qui ponteut al cwane del ruwale. Èm-n ome esteut muchî dins ène vîye frake. Ni vla-t i nén qu' i voulnut si fé in ptit plêji. Adon, i wadjnut au cia qui freut tchêre li frake di m'-n ome li preumî. Bén ça sra li ? ou lèye ? qui sra lomè li mêsse. Adon li bîje s' a mètu a choufler ? més di toutes ses fwaces. Més, pus ç' qui l' bîje choufleut, pus ç' qui no bribeû sèreut s' frake autoû d' li, èyèt s' racrapoteut. Bén, si bén qui l' bîje a lèyî tchêre li wadjûre. Adon, li solia atake a rglati come jamês, Si fwârt qui d'in cônp, li routeû esteut tout frèch di tchônd. Dissu l' cônp, i tape si pardeussus dissu l' âye. A! Aa ! Nosse solia si rcresse, avou des alûres di spotche-broû, tout binauje qu' il esteut li pus fwârt.",Femme,730.2216737933253,1494.384195372389,10.816584531143054,82.7822997946612,0
372,Gersten,Deutschland,7.492058,52.591104,https://atlas.lisn.upsaclay.fr/sounds/Gersten.mp3,"Eens kabbelten sük Noordwind un Sünne, wekker van ehr bäde wall de Stärkere wöör, äs een Wannersmann, de in eenen warmen Mantel inpackt was, den Weg delangs kööm. Se wöörden eenig, dät dejenige för den Stärkeren gelten soll, de den Wannersmann dwingen döö, sienen Mantel uttotrecken. De Noordwind blossde mit aller Gewolt, aber je mehr he blossde, ümso faster hüllde sük de Wannersmann in sienen Mantel in. Endlich geev de Noordwind den Kamp up. Nu erwärmde de Sünne de Luft mit ehre frööndliken Strahlen un foort na eenigen Ogenblicken tröck de Wannersmann sienen Mantel ut. Dor moss de Noordwind togeven, dät de Sünne van ehr bäden de Stärkere was.",Homme,702.8003973259769,1486.0313901965333,10.67088295687885,82.03035592060233,0
373,Gesves,Belgique,5.072025,50.405496,https://atlas.lisn.upsaclay.fr/sounds/Gesves.mp3,"Li bîje èt li solia si disputin.n', onk èt l'ôte prétindin.n' yèsse li pus fwârt. Tot d'on plin côp, is-aporçuvnut on voyadjeû qui roteûve, rèssèrè dins s' mantia. I sont toumès d'acwêrd qui li çi d' zels deûs qui frè rôstè s' mantia au voyadjeu, sèrè r'waîtî l' pus fwârt. Adon, li bîje s'a mètu à soflè di tote si fwace, mins dipus qu'elle sofleûve, dipus qui l'vwayadjeû rissèreûve si mantia autoû d' li. Èt po fini, li bîje a arètè dè soflè, rinonçant dè côp à fé rôstè l' mantia dau voyadjeû. Adon, li solia a c'mincî à lûre, èt one miète pus taurd, li voyadjeû, rèstchaufè, a rôstè s' mantia. Insi, li bîje a stî oblidjîye dè r'conoche qui l' solia esteut l' pus fwârt di zèls deûs.",Homme,563.4027651932946,1197.7660096317409,10.65015742642026,82.43041067761807,0
374,"Gheg 
Albanian",EU,19.515415,42.068567,https://atlas.lisn.upsaclay.fr/sounds/Shkodra_Gheg.mp3,"Vēri e Dielli po u grîshin kush kje mā i fōrt se shoqi, kur atypàri kalōi nji rrugtar mshtjēll me mallōt. Ranë n'ujdì qi ai i cilli do ta bante rrugtarin m'e hjēk mallōtën krahve, do njihej ma i fortë se shoqi. Atbotë Vēri fryu me tān fuqīn e vet, mirpo, sa ma fort frýte, aq ma fort rrugtari e njeshte mallōtën për trup; e ma n'fund Vēri hoq dorë. Athēr Dielli ia nisi me shndrit me tān fuqì e rrugtari menjihēr e hoq mallōtën. E kshtû Vēri s'pat çka ban tjetër veç pranoi se Dielli kje ma i forti ndër të dy.",Homme,656.4360001514946,1174.4114433167458,16.556960985626283,67.84439425051335,0
375,Gibraltar,Gibraltar,-5.355545,36.143188,https://atlas.lisn.upsaclay.fr/sounds/Gibraltar.mp3,"Er viento der nof i er sol tavan porfiando pa vè kwàl era'r mâ fwerte. Kwando pasò un tràvola tapàu kon una kapa, akordaron k'er primero ke pudiera 'sè k'er tràvola se kitara la kapa se l'arìa kontsìdaring mâ fwerte ke l'otro. Dêpwè er viento der nof soplò kon tô sû fwersâ, pero kontra mâ soplava mâ se pegava la kapa àr kwerpo der tràvola i àr finà er viento der nof tuvo ke 'sè gìving-ap. Ntontse, er sol npentsò à 'sè xàining kon fwersa i n'na er tràvola se kitò la kapa. Konke'r viento der nof tuvo k'akseptà k'er sol era'r mâ fwerte delô dô.",Homme,752.416482823044,1312.7362094111759,18.839568788501026,77.70142368240931,0
376,Gimat,France,0.9333,43.85,https://atlas.lisn.upsaclay.fr/sounds/Gimat.mp3,"La bisa e le sorelh se disputavan, cadun volèu qu'estosse le dit qu'èra le mèi fòrt, quand vesón un voiatjaire que s'auançau, estropat dins son màntol. Arribèun a èster d'acòrdi coma qué le qu'arriberé le prumèr a le hèr tirar le màntol, au voiatjaire, siré considerat coma le mèi fòrt. Alavetz, la bisa se metoc a bohar tant que podèu mès, au mèi bohau, au mèi le voiatjaire se sarrau le màntol a l'entorn, e finalament la bisa renoncèc a l'ac hèr tirar. Alavetz, le sorelh comencèc a lusir e, au cap d'un moment, le voiatjaire, escauhurat, se tirèc le màntol. Atau, la bisa diuoc reconéguer que le sorelh èra le mèi fòrt deus dus.",Homme,573.6205513138519,1117.268670253735,14.527330595482546,76.1270020533881,0
377,Giry,France,3.366667,47.2166667,https://atlas.lisn.upsaclay.fr/sounds/Giry.mp3,"L'vent pi l'soulé al tint pas d'accord. C'est moué l'pu fort qu'a disait l'vent ; non, c'est moué qu'a disait l'soulé. V'la qu'arrive éne houme, sûrment bin un chmineau, brament enloupé dans un mantyiau. Lé senne qué va y fai outyé l'mantyiau l'premier, c'est li qu'est l'pu fort d'entermi nous deux. Vla qué l'vent s'met à bouffer l'pu fort qu'a peut. L'pu qu'a bouffait, pu l'houme s'raquaqueugnait dans son mantyiau. Ma foué, l'vent bin pityeu al a même pu essayé. L'soulé s'est montré, pi ma foué après un moument, c'thoume al tait tout décrulé (ou arquinquyé) al a outé son mantyiau. A bin fallu qué l'vent al arcounnaisse qué l'soulé était pu fort qué li.",Femme,736.0584343242849,1503.2693692583634,12.089767282683095,78.93318959616701,0
378,"Golo Brdo 
Macedonian",EU,20.399808,41.341323,https://atlas.lisn.upsaclay.fr/sounds/Golloborda_Golo_Brdo_Macedonian_Golo_Brdo_Macedonian.mp3,"Cyrillic alphabet Latin alphabet Северниот ветар и сонцето се расправале еден ден и секој сакаше да покажит дека е посајбија од другот, кога видоа како шјетач ода по потот, завијен во свое палдесӱ. За да ја покажат својата сила, тие започнале да подиграват кој можит побргу да го соблечит човекот. Отпрвиот, ветрот започни да веит со света моќ, да чинит палдесӱто да летит далеку, ама колку повеќе вееше, потникот го завлечуваше палдесӱто и најпосље почува ветрот да веит. Тогас сонцето почна да загревит малку по малку сега човекот го соблечит палдесӱто. Така, северниот ветар позна дека сонцето е посилно од обојцата.  Ова приказна покажувит дека со мудроста можит да се постигнит повеќе от со сила.Severniot vetar i sonceto se raspravale eden den i sekoj sakaše da pokažit deka e posajbija od drugot, koga vidoa kako šjetač oda po potot, zavijen vo svoe paldesü. Za da ja pokažat svojata sila, tie započnale da podigravat koj možit pobrgu da go soblečit čovekot. Otprviot, vetrot započni da veit so sveta moḱ, da činit paldesüto da letit daleku, ama kolku poveḱe veeše, potnikot go zavlečuvaše paldesüto i najposlje počuva vetrot da veit. Togas sonceto počna da zagrevit malku po malku sega čovekot go soblečit paldesüto. Taka, severniot vetar pozna deka sonceto e posilno od obojcata. Ova prikazna pokažuvit deka so mudrosta možit da se postignit poveḱe ot so sila.",Femme,613.6489836870868,1405.788221817968,9.462895277207393,73.38400410677617,0
379,Goran,EU,20.629346,42.042828,https://atlas.lisn.upsaclay.fr/sounds/Vraniste_Goran.mp3,"Cyrillic alphabet Latin alphabet Северни-ветер и сəнце се расправал'е кој је од н'и двојца појак. Тога наишоф јен путник овијан во кожуф. Се договорил’е да тоја прф шо ће го натера путника да свл’ече кожуф да биде појак. Тога северни-ветер задуаф најако. Ал’и шо дуаф пујћи, путник пујћи се овиваф во кожуф. Таке на крај северни-ветер се попишмани. Тога сəнце почело да лəшти. И путник одма го свл’екоф кожуф. Северни-ветер мораф да призна дека је сəнце појако од н’его.Severni'-veter i sə'nce se raspra'val’e ko'j je od n’i' dvo'jca po'jak. To'ga na'išof je'n pu'tnik o'vijan vo ko'žuf. Se dogovo'ril’e da to'ja pr'f šo će go na'tera pu'tnika da svl’e'če ko'žuf da bi'de po'jak. To'ga severni'-veter za'duaf na'jako. Al’i šo du'af pu'jći, pu'tnik pu'jći se o'vivaf vo ko'žuf. Ta'ke na kra'j severni'-veter se popi'šmani. To'ga sə'nce po'čelo da lə'šti. I pu'tnik o'dma go svl’e'kof ko'žuf. Severni'-veter mo'raf da pri'zna deka je sə'nce po'jako od n’e'go.",Femme,631.7233853001165,1283.434282735821,9.345017111567419,75.1573169062286,0
380,Gournay-Loizé,Croissant,-0.056631,46.162459,https://atlas.lisn.upsaclay.fr/sounds/Gournay-Loize.mp3,"Le vent dau Nôrd et le soulail se gringuenassiant, chacun acertenant à l'âtre qu'ol était li le pu fôrt, quoure le vayiriant s'amener un voyajheur, catiné dans son pardessus. Le se mettiriant d'assent : le permer çh'arriverait à fére jhiter son pardessus au voyajheur serait requeneussu queme le pu fôrt. Alôrs, le vent dau Nôrd se mettit à buffer aussi fôrt que le pevait, mé tant mé le buffait et tant mé le voyajheur sarrait son pardessus autour de li, et per finir, le vent dau Nôrd renuncit à li fére jhiter. Alôrs le soulail quemoincit à luser et au bout d'un moument, le voyajheur, réchauffé, jhitit son pardessus. Ol est de même que le vent dau Nôrd n'ayit pu qu'à requeneutre que le soulail était le pu fôrt daus deux.",Femme,604.6061628656296,522.0677781296313,13.485229295003421,77.9026830937714,0
381,Gouvy (Beho),Belgique,5.997625,50.219603,https://atlas.lisn.upsaclay.fr/sounds/Gouvy.mp3,"D'Sonn hat séch mam Nordwand gezankt- jeder wollt de Starkste sinn. Dëse Moment siche si e Spaziergänger op se zou kommen, mat engem ale Palto. De Stärkste räisst dem Schwächesten de Palto af. De Nordwind blisst esu stark wi e kann. Denste mi de Nordwind blisst, denste mi muss hen séch zusame rafe. An dann hat de Wond den dopjer. Duerno schéngt d'Sonn op de Mordiss. Un dann de Wanderer schweest, e schmäisst de Palto bäi der Däiwel. Am End vun der Geschicht, erkennt de Nordwund datt d'Sonn starker ass.",Femme,690.3489955836739,1336.4264164309577,9.617672826830939,82.58827515400411,0
382,Gouvy (Sterpigny),Belgique,5.882048,50.183914,https://atlas.lisn.upsaclay.fr/sounds/Gouvy_Sterpigny.mp3,"Lu bîch èt lu s'lo su kèrint mizére po saveûr lu ké des deûs esteût l' pus fwèrt, â moumint k' on voyadjeû s'amineût d'vant zèls, ravôtchi d'vins on mantê. I toumint d' akwèrd po dîre ki lu pus fwèrt sereût lu ci k' arivreût a l' fé dusmoussi. Adon, li bîch ataka à chofler du totes ses fwèces, mins pus' k' èle chofleût, pus ki k' voyadjeû s' ravôtcheût, èt po fini, lu bîch rènonça. Adon, lu s'lo ataka à pingner , èt ariva ku l' voyadjeû, bin rèchandi, su dusmoussa. C' è-st insi ku l' bîch admèta ku lu s'lo esteût l' pus fwèrt.",Femme,638.4826240152528,1311.1759573730385,9.65893223819302,83.27346338124572,0
383,"Grandcamp-
Maisy",France,-1.04611,49.387428,https://atlas.lisn.upsaclay.fr/sounds/Grandcamp-Maisy.mp3,"Eul vent d'amount et le solé se mougeaient la rate pouor savaer lequel des déeus qu'était le pus fort. Quaund i-z-ount veu eun rôdous qu'avaunchait, emmitouflli dauns sen paletot. I sount tumbaés d'accord que c'ti-là qui li ferait décapelaer sen paletot le prémyi, serait le pus fort des déeus. Alors, eul vent d'amount s'mit à soufflli à treis ris mais, pus i souffllait, pus le rôdous froumait sen paletot oûtou de li, à la fin, eul vent arnounchit à li faire artiraer. Ampraès, le solé a quemenchi à brilli et oû bout d'eun moment, le rôdous, récâoffaé, a décapelaé sen paletot : ch'est coume cha que le vent d'amount a deu arcounaîte que le solé était pus fort que li.",Femme,772.5013792353284,820.8472728833574,12.828747433264887,82.26655715263519,0
384,Grez-Doiceau,Belgique,4.698402,50.738085,https://atlas.lisn.upsaclay.fr/sounds/Grez-Doiceau.mp3,"Lë vint d' bîje èt l' solia s' plaunine onk à l'onte al cë k'èstot l' pës fwârt, kand 'l apèrçuv'nèt on-ètranjé k'arëve sër zèls, rafachî dins-r on pal'tot. Ë wadj'nèt kë l' prëmî kë li frot tchére së chabrake sèrot rawaîti come lë pës fwârt dès deûs. Adon nosse bîje së boute à soflér sès pumons foû. A fét k'èle sofèle, à fét k'l'ome broke è sès lokes, sëbé kë l' bîje dëstèle à l' fé dësbiyi. ""Cakatoûr, dët-st ë l' solia, dj'atake à lûre..."" Lë timps dèl dîre, là nost ome sinkènêwe, èt fé tchére së fraque. Po nosse bîje, bé pènaude, ë li a bé falë r'conèche kë l' solia èstot l' pës fwârt dë zèls deûs. Moralëté d' l' afêre, moralëté dèl fauve : po-z-arëvér à one saqwè, vaut mia one pëtëte doudoûçe kë rache-kë-brîje !",Femme,657.3126654355066,1502.4290284796862,10.65015742642026,82.43041067761807,0
385,Gronings,EU,6.953183,52.992533,https://atlas.lisn.upsaclay.fr/sounds/Stadskanaal_Gronings.mp3,"De noordenwind en de zun waren aan t hikhakken over wel de staarkste van heur baaident was. Krek op dat moment kwam der n raaizeger over tou, dij n waame jaze aan har. Zai kwamen overain dat degene dij t eerst veur mekoar kreeg om zien jaze uut te doun, de staarkste wezen zol. De Noordenwind begon tou uut ale macht te bloazen, mor hou haarder e bluis, desto dichter trok de raaizeger zien jaze om zuk tou, in t leste gaf de Noordenwind t op. Votdoalek begon de zun krachteg te stroalen, en doarop dee de raaizeger vot zien jaze uut. De Noordenwind mos dou tougeven dat de zunne van heur baaident de staarkste was.",Homme,946.1593115880523,1373.2768779929627,10.614058863791923,83.70874743326489,0
386,Groothusen,Deutschland_OF,7.063402145416841,53.43561227715839,https://atlas.lisn.upsaclay.fr/sounds/Groothusen.mp3,"Vör lang Tied harren de Sünn un de Noordwind maal Stried. Dat gung daarum, well van de beiden wall starkerder was. As en Wandersmann vörbikwamm, de en dicke wullen Mantel anharr, kwammen se so overeen: Well de Wandersmann daarto brengen kunn, sien Mantel uttotrecken, sull de Starkerder wesen. Do puustde de Noordwind mit all sien Kracht, man so vööl mehr he puustde, so vööl faster truck de Wandersmann sien Mantel um sük to. Tolest gaff de Noordwind up. Nu warmde de Sünn de Lücht mit hör frünnelke Strahlen un dat düürde neet lang un de Wandersmann truck sien Mantel ut. Do muss de Noordwind togeven, dat de Sünn de Starkerder van hör beiden was.",Homme,563.4748939528411,1255.7343812377412,10.881738535249829,83.91013004791239,0
387,Groß Niendorf,Deutschland_SH,10.233333587646484,53.84999847412109,https://atlas.lisn.upsaclay.fr/sounds/Gross_Niendorf.mp3,"Wokeen is de Stärkere? De Wind von Noorden oder de Sünn? So strieden de beiden, as een Wanderer vörbi kümmt, de hett en warmen Mantel an. Üm den Striet, wer is de Stärkere, to Enn to bringen, kommst öbereen, dat de de Stärkere is, de de Wanderer dorto bringt den Mantel uttotrecken. Nu legt de Wind los ordentlich to blosen, öber de Wanderer treck den Mantel jümmer dichter üm sien Lief. Do hett de Noordwind opgeven. De Sünn öber warmt de Luft mit ehren fründlichen Schien düchtig op. So duert dat nich lang un de Wanderer treck sien Mantel ut. De Noordwind bliev nix anners över: he mött togeben, datt de Sünn de Stärkere is.",Homme,606.6752745210154,1116.0592810793694,9.797809719370294,84.46609856262833,0
388,Großefehn,Deutschland_OF,7.604550466635255,53.40288385534855,https://atlas.lisn.upsaclay.fr/sounds/Grossefehn.mp3,"Vörtieden kregen sük de Noordwind un de Sünn in d' Klatten, well van beiden woll de Starkste wesen kunn, as en Kerl up Wanderschaft de Weg andaal kweem, de mit en mooi warmen Mantel antrukken weer. Noordwind un Sünn kweemen övereens, de sall de Starkste wesen, de de Wandersmann dwingen kann sien Mantel uttotrecken. De Nordwind puustde un puustde mit all Gewalt – all umsünst, de Wandersmann mümmelte sük immer stiever in sien Mantel. Upletzt harr de Noordwind kien Mood mehr un gaff sien Wark up. Nu kweem de Sünn un mook mit hör Strahlen de Luft düchtig warm; ganz hannig truck de Wandersmann sien Mantel ut. Do muss de Noordwind togeben, dat de Sünn van beiden doch de Starkste weer.",Homme,945.385181014517,1473.1999694008275,10.637967145790554,84.19889801505818,0
389,Grub,Suisse,9.500336,47.440366,https://atlas.lisn.upsaclay.fr/sounds/Grub.mp3,"Emòòl hend de Nòrdwind und d Sonn mitenand gstritte, wèèr vo baidne de Schtèrcher seg. Do isch en Wanderer dehèèrchòò, wo en ticke Mantel aakaa hèt. Si sind sech ainig wòre, das dèè de Schtèrcher seg, wo de Wanderer dezue brèchi, sin Mantel abzzüche. Druffabe hèt de Nordwind plòòse wie voruckt, aber je mee das er plòòse hèt, deschto feschter hèt sech de Wanderer i sin Mantel iipackt. Am Schluss hèt de Nòrdwind de Kampf ufggee. Denn hèt d Sònn agfange schinne wa si hèt möge, und scho churz drufabe hèt de Wanderer sin Mantel abzòge. Dò hèt de Nòrdwind möse zuegee, das d Sonn di Schtèrcher vo baidne isch.",Homme,835.8501386189254,1455.7709506394674,9.397522245037646,81.03323750855579,0
391,gualín,AG,-43.178160987353685,-22.927137004951007,https://atlas.lisn.upsaclay.fr/sounds/gualin.mp3,"O tovem e o los tiamdiscu breso qual dos sido are o sima tefor, doquam ssoupa um jantevia voltoen num sacoca. Ao lô-ve, taramapos que leaque que roprimei sseconsegui garobri o jantevia a rarti o sacoca riase radoconside o mais tefor. O tovem sul meçoucô a prarso com tamui çafor, mas, toquan mais pravaso, sima o jantevia se brulhavaem no seu sacoca, até que o toven lus tiudesis. O los brilhou, então, com dato deintensida e diatamenteime o jantevia routi o sacoca. O tovem sul vete, assim, de cerreconhê a desuperiorida do los.",Homme,639.2785157168756,1194.7561380036523,23.217973990417523,81.59375770020533,0
392,guaraní,Bolivia,-63.197629,-19.787137,https://atlas.lisn.upsaclay.fr/sounds/guarani.mp3,"Ɨvɨtu guasu jare kuaraɨ oyoaka reta ñoguɨnoi, kiara jae ipɨräta oyapɨraa vae. Jese katu ndaye oasa oï metei oguata vae, oñepëva kavi ojo. Jaema ndaye jei reta: ""kia omopɨa mongoe oekɨ vaerä jemimonte oñepëva vae, jokuae oporomoamɨrïta"". Ɨvɨtu guasu ndaye tätagueye-ye!! Oipeyu, ereï jemimonde oyaete jetere; jaema ndaye, ngará chepuere, jei. Jokoguɨ, kuaraɨma oitɨ jese, yavaete jembipe jare jaku chupe; oguata vae, araku chupe jare oekɨ oñepëa vae. Oporomoamɨrɨ kuaraɨ.",Homme,626.7651938509631,879.8473272405847,24.1005749486653,58.04619438740589,0
393,guarayo,Bolivia,-63.084455,-15.627618,https://atlas.lisn.upsaclay.fr/sounds/guarayo.mp3,"Ɨvɨtu a'i oyeaca arɨ rese rureko uma pïa ipiratä katu vae. Okua yɨvɨ'i rupi, ñepei ogwata vae, oyeao, oñemoñeta yuvɨreko, ava ranei pï'a oitɨra iyeao aca sui ae rane'i oitɨ vae, aeipɨräta katu yaera chupe. Evoko'i yae, ɨvitu a'i, rane'i oipeyu piratä, oipeyu piratä katuse rumo, ava ogwata va'e oipɨsɨ piratä oyea'osa, ikerai te'i ɨvitu piratäsa. Ipare koyase arɨ ikatupra'i osë, sakukwer su'i koyase, ogwata va'e ava, osekɨ'i oyea'osa. Ɨvɨtu a'i osepiase arɨ piratäsa, eipo eso, supiete nde ndepiratä katu Che sui.",Femme,675.6107087591896,810.9608082251056,26.662731006160165,67.67295003422313,1
394,Guardia Piemontese,Italia,15.999520928692569,39.46616337193758,https://atlas.lisn.upsaclay.fr/sounds/Guardia_Piemontese.mp3,"Un jorn, la tramontana e o solelh ilh se la descorrian a qual dei dui al èra o mai fòrt. Tot en viètge, ilh van veire un pòver'òme qu'al passava, embolicat dins un mantèl pesant. E ilh se van clhàvar d'acòrd que qual dei dui ilh èran capache d'o far càchar o mantèl a quel pòver'òme. La tramontana ilh se vai clhàvar a soflhar abe tota la fòrça seua, mas mai ilh soflhava, e mai o pòver'òme al s'embolicava dins o mantèl seu. A la fin, o pòver'òme e o vent ilh van làissar pèrdre. Alora o solelh al se vai comènçar a lúir abo tot o calor seu, e ilh, o pòver'òme al se vai ièrre a càchar o mantèl. Aishit la tramontana ilh lhi vai ièrre a reconóir qu'o solelh al èra mai fòrt d'el.",Femme,578.8812285310062,535.4171854777001,15.48135523613963,72.83286789869952,0
395,Guern,France,-3.090581,48.030109,https://atlas.lisn.upsaclay.fr/sounds/Guern.mp3,"An avel hag an heol a oe doc'h en em letaat. Pep unan anezhe a lâre e oe eñ an hani kreñvañ. A-p'o doe gwelet ur voaiajour é tostaat, roltet ba'n e vantell. Gi o deus savet a-du àr an dro penaos an hani a vehe bet arriv ketañ da lakat ar voajaiour da lemel e vantell, a vehe bet laket da bout an hani kreñvañ. Neuze an avel en deus komañset c'hwezhiñ par ma c'helle. Mes seul mui muiañ ma c'hwezhe, seul mui muiañ e starde ar voaiajour e vantell en-dro dezhoñ. A'n achimant, an avel en deus skuizhet, ha en deus renoñsiet a en lakat d'he lemel. Neuze an heol en deus en em laket da doemmet, ar voaiajour en deus bet re doemm, ha lamet e vantell. Èl-se ema bet ret d'an avel kousantiñ da lâret e oe kreñvoc'h an heol aveitoñ.",Femme,514.3189084136324,1002.3773099202053,12.332019164955511,82.82655715263519,0
396,Gueures,France,0.9631,49.8444,https://atlas.lisn.upsaclay.fr/sounds/Gueures.mp3,"Un'tit vent rêtu chicanait aveu l'solei pou savè l'queul des deux qu'était l'pus fort, quand qu'is vèyent arriver un viâgeux emmitouflè dans son pal'tot. Pou s'mette d'accord, i d'chident que l'sienne qu'arriverait à fé enlever son pal'tot au viâgeux s'rait déclarè l'pus fort des deux. Alors, l'tit vent s'met à souffler d'toute sa forche, mais pus qui soufflait, pus que l'viâgeux s'remgribouillait dans son pal'tot, si bien qu'au bout d'un moment, il a acquèscè. Alors, l'solei a c'menchè à briller-brilleras-tu, qu'au bout d'un moment, l'viâgeux racaillotè a enl'vè son pal'tot. Est comme cha que l'tit vent rêtu n'est v'nu à admette que l'solei était bien l'pus fort des deux.",Homme,563.1261952120683,1156.2016903040496,11.832080766598219,84.13911019849418,0
397,Guillestre,France,6.650567,44.660374,https://atlas.lisn.upsaclay.fr/sounds/Guillestre.mp3,"La bisa e lo soleu s'engarçavon, chascun afurtissent qu'èra lo plus fòrt quand an vist un voiatjur que s'avançava, envortolhat dins son manteu. Son tombats d'acòrdi que aqueu que arribariá lo premier a faire enlevar son manteu au voiatjur sariá regardat per lo plus fòrt. Alora la bisa s'es metaa a bufar, mes mai bufava mai lo voiatjur sarrava son manteu autorn de v-èu e per finir la bisa a renonçat a li faire enlevar lo manteu. Alora lo soleu a començat a brilhar e rapidament lo voiatjur, rescaudat, a enlevat lo manteu. La bisa a reconeissut que lo soleu èra lo plus fòrt deis dos.",Femme,581.4231470627874,1227.277508685701,6.29186173853525,71.95603011635866,0
398,Guimarães,Portugal,-8.383762,41.440111,https://atlas.lisn.upsaclay.fr/sounds/Guimaraes.mp3,"O vento norte e o sol discutiam qual dos dois era o mais forte, quando passou um viajante envolto num casaco. Ao vê-lo, apostaram que aquele que primeiro conseguisse obrigar o viajante a tirar o casaco seria considerado o mais forte. O vento norte começou a soprar com muita força, mas quanto mais soprava, mais o viajante se embrulhava no seu casaco, até que o vento norte desistiu. O sol brilhou então com toda intensidade, e imediatamente o viajante tirou o casaco. O vento norte teve assim de reconhecer a superioridade do sol.",Femme,590.4541022052234,809.5191627453341,13.85713210130048,75.90530458590007,0
399,Gurin,Suisse,8.491884,46.31676,https://atlas.lisn.upsaclay.fr/sounds/CH_Nordwind_Gurin.mp3,"Dar Noortwenn un t Sunnu heⁱn amåål zaman ggschtretta, wèr vå bèda dar schtèrcharu sijgi. Un tarnåå escht a Wåndarar varbijchu, wå ema wåårma Måntul escht eggmåchuta ggsin. Schi sen einiggåŋga, dåss dèrjènagu dar schtèrcharu wetti ggsin, wå dar Wåndarar hatti megi zwiŋga, schin Måntul ååpzzian. Dar Noortwenn hèt met schijnar dar gånz Chråft plååsa, åbar deschto mee ås-ar hèt plååsa, dèschto mee hèt-schi dar Wåndarar in schim Måntul eggmåchut. Bes z lètscht hèt's dü dar Noortwenn üffgga. Darnåå hèt t Sunnu med er frintlachu Schtrååla t Luft arwaarmat, un tar Wåndarar hèt gråt schin Måntul ååpzoga. Düa hèt dü dar Noortwenn miassi züaga, dåss t Sunnu di schtèrchara vå ena bèda escht ggsin.",Femme,769.7174060712035,1295.4342886854677,2.9805817932922656,84.00574264202601,1
400,Gutnish,EU,18.283841,57.032596,https://atlas.lisn.upsaclay.fr/sounds/Burgsvik_Gutnish.mp3,"Nårdn u soli treitede um vaim av dum sum var starkest när en kal sum hadd en varmar råkk pa si kåm laupnes. Di kåm yvarains um att den sum fysst fikk kaln ti ta av si råkken skudd räcknes sum den starkeste. U så blåst nårdn så mik han kunde, men jo mair han blåste desto mair svaipt kaln in si ei råkken, sätt ti släut så gytt nårdn gi si. Da kom soli fram u gärd de så varmt u gutt sått kaln blai tvungen ti ta av si råkken. U da fikk nårdn ga me pa att soli var starkest av dum.",Homme,624.8757800808479,1339.0118623975854,9.305687885010267,83.87201916495552,0
401,Habay,Belgique,5.619859,49.723355,https://atlas.lisn.upsaclay.fr/sounds/Habay.mp3,"La bîche èt lu slo su dècampoussint, tchèquin djerant qu'il atout lu pus fôrt, quand il-ant veû in vouyadgeû qui v'nout, ratortî dès s'mânté. Il-ant tcheû d'accôrd qu lu cé qui arriv'rout lu premî à fâre r'tèrèr s'manté au vouyadgeû s'rout rwâti coume lu pus fôrt. Alôrs, la bîche s'è mins à chouflèr du pus qu'elle plout, mais pus elle choufflout, pus l'vouyadgeû sârout s'manté autou d'lu èt à la fin, la bîche è r'noncè à l'î fâre tcheûre. Alôrs lu slo è coumèci à lûre èt au tchû d'in moumèt, lu vouyadgeû, ratchauffi, è r'tèrè s'manté. Çu qui fât qu la bîche è bin du r'counait' qu l'sulo atout lu pus fôrt des deux.",Femme,837.6005210762245,1585.2431242495811,10.283778234086242,82.25672826830937,0
402,Habère-Poche,France,6.473333,46.249722,https://atlas.lisn.upsaclay.fr/sounds/Habere-Poche.mp3,"La bise poué le sèleu s'agourannâvan, shâcon desive qu'al ire le ple for, quan y an viu on rebata-payi qu'avancive, tot engrebounâ dien son manté. Y an itâ d'accour pè dire que le ple for dé dou sara cé qu'arvere le premi a fâre que le rebata-payi doutasse son manté. Adan, la bise s'est betâye a sofflâ asse for men le povè. Mé le sofflâve, mé le rebata-payi tenive son manté serrâ, cen fâ que la bise a du renonci a le liu fâre doutâ. Adan, le sèleu a cmencha a balyi et u bet d'on moment, le rebata-payi tot resheudâ, z-a doutâ son manté. Y est dinse que la bise a du recougnitre  que le sèleu ire  ple for  que lyè.",Homme,500.7459587677425,951.4974390543414,10.185085557837098,75.03419575633129,0
403,"Ham-sur-
Heure-Nalinnes",Belgique,4.388262,50.321978,https://atlas.lisn.upsaclay.fr/sounds/Ham-sur-Heure.mp3,"Èl bîje èt l' soya 'stint a s' dèsmalfutér, acèrtinant chaque a s' toûr : ""C'èst mi l' pus foûrt !"". Wèyant pontyî in vwèyadjeû r'fachi dins s' paltot, 'la qu'i s' racôrd'neut : c'èst l' cin qui rèyussira a fé r'satchî l' mantô dè ç' djint la qui s'ra lomè tout l' pus foûrt, dij'neut-is. Adon l' vint d' bîje s'a m'tu a souflér tout sès pus foûrt, més pus' qu'èl vint 'steut al bîje, pus' qu'èçn-ome la r'sèreut s' casaque tout conte dè li. Tant qu'al fin l' bîje a r'nonci. Adon l' soya s'a m'tu a dalâdje. Èt il-a couminci a r'lûre qu'èl vwèyadjeû, rascandi, a bin râde èrsatchi s' frake. C'è-st-insi qu'èl bîje a d'vu r'conète què, dè yeûs' deûs, c'èst l' soya qu'asteut l' pus fèl èt l' pus rustique.",Femme,754.6581099500463,1540.9979191472182,10.816584531143054,82.7822997946612,0
404,Hamburg,Deutschland,10.004099,53.550422,https://atlas.lisn.upsaclay.fr/sounds/Hamburg.mp3,"De Noordwind un de Sünn hebbt sik maal streden, wokeen starker weer. Jüst do keem 'n Wannersmann vörbi, de harr 'n warmen Mantel an. Se maken denn af, se wullen dat so rutkriegen: De schull de Starkere ween, de den Mann dor to kriegen kunn, dat he sienen Mantel uttrecken dee. De Noordwind puust un puust, so dull he kunn, man je duller he puusten dee, je dichter mümmel sik de Mann in sienen Mantel in. Oplest geev de Noordwind dat op. Denn füng de Sünn an un schien warm op den Mann daal, un glieks tröck de Mann sienen Mantel ut. Un do müss de Noordwind dat togeven, dat de Sünn starker weer as he.",Homme,815.2372199070618,1762.8447126402561,10.025256673511294,83.39663244353183,0
405,Hamdorf,Deutschland_SH,10.279829,53.981478,https://atlas.lisn.upsaclay.fr/sounds/Hamdorf.mp3,"Vör lange Tiet hebbt sik Noordwind un Sünn streden, keeneen von de beiden wohl stärker weer, as een Wannersmann, der een warm Mantel an harr, op sien Weg vörbi keem. Se wörrn enig, dat de, de de Wandersmann dorto bringen dee, sien Mantel uttotrecken, as de Stärkere gellen schull. De Noordwind puus mit alle Macht, aber je mehr he pusten dee, umso faster wickl de Wannersmann sik in sien Mantel in. Endlich geev de Noordwind den Wettstriet op. Nu warm de Sünn de Luft mit ehre fründlichen Strahlen op. Un al no `n kotten Ogenblick tröck de Wannersmann sien Mantel ut. Do müss ok de Noordwind togeven, dat de Sünn von de beiden de Stärkere weer.",Femme,752.5726506036865,1543.1117441266356,9.797809719370294,84.46609856262833,0
406,Hannut,Belgique,5.078145,50.671864,https://atlas.lisn.upsaclay.fr/sounds/Hannut.mp3,"Li bîche èt l' solia si kèr'lînent, volont onk èt l'ôte èsse rik'noyu come li pus fwart, quond tot d'on côp ariva on balzineû, èwalpé d'vins un gros pal'tot. Volà qu'is toumèt d'acôrd po dîre qui l'pus fwart sèrè l'ci qu'ariv'rè à fé boudji s'pal'tot a ç' vårén la. Adon, l' bîche si mèta à sofler di totes sès fwaces, mins å pus qu'èle sofleûve, å pus qui l'vwayajeûr sèreûve si pal'tot åtou d' lu. Èt, à l' fin dè compte, li bîche rinonça à lî fé boudji. Là-d'sus, volà qu'i k'minca à lûre sèpt solias èt, eune miyète après, li balzineû boudja s' pal'tot. Èt c'èst-st-insi qui l' bîche a sti oblidjîye dè rik'noche qui l'solia èsteût li pus fwart di zèls deûs.",Femme,685.4119611778724,1567.0295239503037,10.65015742642026,82.43041067761807,0
407,Haraucourt,France,4.9619,49.6231,https://atlas.lisn.upsaclay.fr/sounds/Haraucourt.mp3,"La bise pis lu souleil su dêbêchint, chaquin disa qu'il ètot lu pus fôrt, quat il ant vu in vo-yageûr qui s'radinot, amitoufléye da s'mantiau. I su sant mïs d'accôrd qû c'lou qu'arriv'rot lu prumí-ï à fére al'ver s'mantiaü au vo-yageûr, eh bêh qu'çu s'rot lou lu pus fôrt. Alôrs lu froâd qui chouffeule s'ait mïs à chouffleye ta qu'i pouvot, du toute sès forces. Mê pus qu'i choufflot, pus l'houmme qui marchot serrot s'mantiaü autour du lou. Et pis à la fin, la bise ait runoncéye à li fére al'véye. Après du ça lu s'lo ait coumacï à brilléye. Pis au bout d'in mouma, lu vo-yageûr ait ortireye s'mantiaü. Si bin qû l'froâd qui chouffeule ait dû rucounnéte qû lu souleil ètot bin lu pus fôrt dès deüx.",Homme,705.9043083318086,1423.7112456666202,10.687186858316222,82.18255304585901,0
408,Hargnies,France,4.79092239111541,50.018845511031685,https://atlas.lisn.upsaclay.fr/sounds/Hargnies.mp3,"Système FellerLi vint èt l' solê s' acrèmyint. L' ink èt l' ôte dijeut k' il esteut l' pus fwârt. A ç' momint la, il ont vèyu in routeû k' ariveut, racarfouyî dins s' camizole. Il ont stî d' acôrd ki l' cé k' arivreut a lî fwé rtirer s' camizole, ça sreut li ki sreut rwêtî come lu pus fwârt. Alôr li vint s' è mètu a choufler du toutes ses fwaces. Mês pus i choufleut, pus l' ome su racarfouyeut dins s' camizole. Al fin, lu vint n' è pus vlu lî fwé rtirer. Alôr lu solê è cmincî a lûre, èt a in momint dné, lu routeû, rastchaufé, è rtiré s' camizole. C' e-st insi ki l' vint è du rcounèche ki l' solê astèt l' pus fwârt di zels deûs.",Femme,651.9902092093589,1160.8877532101267,10.144277891854895,82.97253935660507,0
409,Hasselt,Belgique,5.338541,50.930348,https://atlas.lisn.upsaclay.fr/sounds/Hasselt.mp3,"De noardewènd ènne zon weuren an't stiechelen evere vroag wieë van hin tweje néû 't sterrekste weur. Dzjuus op tieë momment koum doa ne reziger âân bè ne werreme mantel rond ze lèèf. Ze koumen everíén da wieë ter 't íés kès vir zèrrege da dieë reziger z'ne mantel zeu éûttrèkke, de sterrekste zeu zèn. De noardewènd begos touen te bloaze zoe hel 'm kos, ma wèè heller 'm bloues wèè diechter da de reziger z'ne mantel téûtroek. Durre langen douer stopde de noardewènd ter mar bèè. Dan begos de zon de vol foars te stroale, wa maakde da de reziger z'ne mantel ni rap genoeg kos éûtspele. De noardewènd kos dus ni aners as téûgieëve da van hin tweje de zon de sterrekste weur.",Homme,1094.9631619157865,1826.376709674938,11.393237508555783,79.45043121149898,0
410,Hastière,Belgique,4.830226,50.214082,https://atlas.lisn.upsaclay.fr/sounds/Hastiere.mp3,"Li bîje èt l' solia s' margayint. I v'lint chaque qui c' èsteut li l' pus fwârt. Mins volà qu'il avisenut on voyadjeû qu'arive, rafûrlé dins s' paltot. Èt i tchêyenut d'acwârd po dîre qui l' prumî qui parvêreut à fè rônstè s' paltot à nost ome, sèreut waîti come li pus fèl. Ça faît qui l' bîje si mèt à sofler d' totes sès fwaces. Mins, au pus qu'èle sofleut, au pus qui l' bèrônleû sèreut s' mantia autoû d' li, si bin qu'à l' fin, li bîje a r'noncè à lî fè rônstè. Adon, li solia a c'minci a lûre, èt au d'bout d'on momint, li voyadjeû, qu'èsteut rèstchaufè, a rônstè s' camusole. Èt ça faît qui l' bîje a bin d'vu r'conèche qui, li pus fwârt di zèls deûs, c'èsteut l' solia.",Femme,676.8189629319133,1383.2034416607755,10.144277891854895,82.97253935660507,0
411,Hawick,GB,-2.783469,55.426628,https://atlas.lisn.upsaclay.fr/sounds/Hawick_Border_Scots.mp3,"The North Wund and the Sun were argee-bargeein aboot whae   was the stronger, when a gaun-aboot body cam along hapeet up in a warm jaicket. They agreed wi yin anither that the yin whae first managed ti get the fellih ti tak off his jaicket should be thought ti be stronger than the t'other yin Then the North Wund blew as hard as hei could, but the mair hei blew the mair the gaun-aboot fellih wrapeet his jaicket around aboot umsel; and at last the North Wund gien up tryin. Then the Sun sterted ti beek doon het as owt, and straeight away the traivelin man took off his jaicket. And so the North Wund hed ti gie in and kent hei hed ti confess that the Sun was the stronger o the twae o thum.",Homme,659.2734736777406,1394.2735956055403,8.371430527036276,89.29138945927447,0
412,Heide,Deutschland,9.100000381469728,54.20000076293945,https://atlas.lisn.upsaclay.fr/sounds/Heide39.mp3,"v39       v40     Eens streden sik Noordnwind und Sünn, wer von süm beiden wohl de Stärkere weer. As ein Wannersmann, de in ein warm Mantel hüllt weer, langs den Weg keem. Se worrn sik enig, dat dejenige för den Stärkeren gellen schull, de den Wannersmann dwingen worr, sien Mantel aftonehmen. De Noorwind puus mit alle Macht, ober je mehr he puust, desto faster hüll sik de Wannersmann in sien Mantel in. Endli' geev de Noordwind den Kamf op. Nu erwärm de Sünn de Luft mit ehr fründligen Strohlen un schon na'n korten Ogenblick trock de Wannersmann sien Mantel ut. Do muss de Noornwind togeben, dat de Sünn von jüm beiden de Stärkere weer.      Noordwind und Sünn weer sik eens an Streden, keen vun beiden woll de Stärkere weer, as 'n Wannersmann vorbikeem, de 'n recht warm Mantel an hatt harr. Se wörrn sik eini, dat dejenige as den Starkere gellen schull, de den Wannersmann dorto bringen kunn, sien warm'n Rock uttotrecken. De Noordwind puus mit all sien Macht, over je duller he pusten dee, umso faster holl de Wannersmann sien Mantel fast. Doch letztendli geev de Noordwind op un de Sünn keem rut mit ehr fründlichen Strohlen. No'n korte Tiet trock den Wannersmann sien Rock ut. Do muss de Noordwind togeben, dat de Sünn vun beiden de Starkere weer.",Femme,741.1573460279927,1543.681629289852,9.9439151266256,85.03110882956878,0
413,Herhout,Belgique,3.96339,50.729485,https://atlas.lisn.upsaclay.fr/sounds/Galmaarden_Tollembeek.mp3,"De noorskewind en de zonne waren aan't discuteren wie van de twee de sterkste was. Just op dieje moment kwamp er ne voyageur toe die ne warme palto aanha. Ze kwampen overeen dat den diejen die ‘t eerst de voyageur zijne palto zou kunnen doen uitdoen, da ze diejen de sterksten zouen vinden. De noorderwind begoest ten zo fel as dat'n koest te blazen, maar hoe feller dat'n blaasdegen, hoe meer da de voyageur zijne palto toetrok. Door de langen duur geefdegen de noorderwind op. Daarna begoest de zonne fel te schijnen, en daardoor trok de voyageur zijne palto direct uit. Azo moest de noorderwind toegeven da de zonne de sterkste was van de twee.",Femme,686.0349624832957,1076.1579156981034,11.122498288843257,82.38370294318959,0
414,Herne,Belgique,3.989852,50.707125,https://atlas.lisn.upsaclay.fr/sounds/Herne_Sint-Pieters-Kapelle.mp3,"D'noorderwind en de zonne waren aan 't discuteren wie dat de sterksten was van eulen tweeën. Just op dien moment kwamp er ne man af die op voyage was en hij ha ne goeie warme frak aan. D'noorderwind en de zonne kwampen overeen dat'n dienen die hem t'eerste zijne frak kost doen uitdoen de sterksten was. D'noorderwind begost te blazen zo neig as dat'n kost, maar hoe meer dat'n blaasdegen, hoe meer dat die voyageur zijne frak toetrok. Op 't laatste gaf d'noorderwind op. Dèèn begoest de zonne fameus te schijnen en die man dee op slag zijne frak uit. D'noorderwind moest nu wel toegeven dat de zonne de sterkste was.",Femme,710.1336002783536,1434.81519598387,11.122498288843257,82.38370294318959,0
415,Hersin-Coupigny,France,2.6502027869431823,50.44900577971856,https://atlas.lisn.upsaclay.fr/sounds/Hersin-Coupigny.mp3,"Cheule bise pi ch'solél is s'disputot-te, chacun disant qu'il étot euch pus fort. Quint is ont vu un voyageu qui s'avinçot inmitouflé dins sin mintiau, is sont quéyus d'accord que ch'ti-lal qui arrivrot in preumier à li-faire artirer sin mintiau à ch'voyageu i s'rot vu come euch pu fort. Alorse cheule bise ale a c'mincher à soufler eud toute euss forche ; mais l'pus qu'ale souflot, l'pus qu'euch voyageu i r'fermot s'capote autour eud li. Et pi final'mint, cheule bise ale a arnoncé à l'li faire artirer. Alorse, euch solél il a c'minché à briler. Pi après un momint, euch voyageu, tout récaufé qu'i-étot, il a artiré sin mintiau. Ch'est come cha que cheule bise ale a dû arconnaîte qu'euch solel, ch'étot li ch'pus fort des deux.",Homme,684.4609149221794,1623.0636504939293,11.130116358658453,83.84758384668037,0
416,Hessian,EU,8.677291,50.109076,https://atlas.lisn.upsaclay.fr/sounds/Frankfurt_Hessian.mp3,"Ẽinst stridde sisch Noddwind und Sonne, wer von ihne beide wohl de Stärgere wär. Åls ẽin Wannerä, der in eim warme Mandel gehillt wåå, des Wesches dahäkãm. Sie wudde ẽinisch, des dejenische fü den Stärgere gelde sollde, dä dem Wannerä zwinge wed, sẽinen Mandel abzunemme. Dä Noddwind plies mid allä Macht, awä je mehr er plies desdo fesdä hillte sisch der Wannerä in sẽinen Mandel ẽin. Endlisch gab der Noddwind den Kampf uff. Nun erwämde die Sonne die Luft mit iän frẽundlische Strahle un schon nach wenische Aarebligge zoch dä Wannerä sẽinen Mandel aus. Då mussde dä Noddwind zugewe, des die Sonne von ihne beide wohl de Stärgere wår.",Homme,807.1894646072683,1526.077882840156,11.185393566050651,77.45706365503081,0
417,Hinte,Deutschland_OF,7.2,53.41666667,https://atlas.lisn.upsaclay.fr/sounds/Hinte.mp3,"Eenmaal streden Noordwind un Sünn daarum, well van de beid de Starkere weer, as en Wannersmann, de en warm Mantel anharr, daarher kweem. Se kwemen övereen, dat de de Starkere weer, de de Wannersmann dwingen kunn, sien Mantel uttotrecken. De Noordwind blaas mit all sien Kracht, man he blaas so düchtig, dat de Wannersmann sük noch mehr in sien Mantel wickelde. Ennelk geev de Noordwind de Stried up. Nu warmde de Sünn de Lucht mit hör frünnelk Strahlen, un blot en paar Ogenblicke later truck de Wannersmann sien Mantel ut. Daar muss de Noordwind togeven, dat de Sünn de starkere weer.",Femme,760.9476005461244,1451.2253779095763,10.637967145790554,84.19889801505818,0
418,Hinterrhein,Suisse,9.198938,46.531253,https://atlas.lisn.upsaclay.fr/sounds/CH_Nordwind_Hinterrhein.mp3,"Der chaalt Luft und d Sunnä — Äs Maalsch hent der chaalt Luft va dussnä iechä, sägä wer mä Biisä, und d Sunnä zankt, wil sch beedä gmeint hent, schii siiä  schtercher as dischi. Duä ischt näues ä Fröndä imä waarmä Mantel us dickem Bündnertuech der Wäg iechä cho. Mäntel leggä wier nid a, ja wer hent gar kei, diä schtöörä täätä nu bim Schaffä und Lauffä. Baschtä! Schii zweenä sind kat sofort räätigä cho, di Schtercherä va inä sii diä, waa das Manndli derzuä pringi, schiini Ggasaggä aabzziä. D Biisä het teuf Luft gchoolt und afä blaasä wiä lätz, aber je mee sch plaasä het, deschto engger het schi ds Manndli in schiinä Mantel igwälet. Naa mä Wiilschi het schi diä gauch Biisä ärgä, waa sch igsee het, dass irä Blaasetä än Dräck nützi. Jetz het d Sunnä hübschli d Luft um und um mid irä fründlichä Schtraalä gwäärmet, und - säg duu, Nani - scho gschwinghaft ischt ds Mannli us schiim Mantel gschloffä und het glächlet. Ja und de? Was ischt der Biisä anderscht zruggplibä, as müessä zuägä, dass d Sunnä di Schtercherä sii.",Femme,852.2974705139976,1446.1153457700664,1.754031485284052,84.94392197125258,1
419,hmong,AG,-52.46916,4.569444,https://atlas.lisn.upsaclay.fr/sounds/hmong.mp3,"Cua thiab hnub sib cav sib cav, ib tug hais tias nws keej dua tus i. Ces nkawd pom ib tug neeg hnav ib lub tsho tiv no taug kev. Ces nkawd koom siab hais tias tus twg yog thawj tus ua tau tus neeg hle nws lub tsho tiv no ces tus ntawd yog tus keej dua. Ces cua pib sib sib zog ntshawb tab sis nws hab yam ntshawb ces tus neeg hab yam tuav nws lub tsho ruaj, ces thaum kawg, cua cia li nyoo kiag, tsis tshuab lawm. Ces hnub mam li pib ci tuaj, ces tib pliag na has, tus neeg pib sov ces nws cia li hle nws lub tsho. Li ntawd, cua thiaj li lees tias hnub keej dua nws.",Homme,754.4155784748084,1427.2259364147997,25.62716632443532,88.61308692676249,1
420,Hockensberg,Deutschland_OF,8.462550896727778,52.937330109191024,https://atlas.lisn.upsaclay.fr/sounds/Hockensberg.mp3,"Eens strieden sik Noordwind un de Sünn, wer vun beiden wull de Gröttste weer, as en Wanderer, de en warm Mantel anharr, vörbikeem. Se weren sik enig, dat de an Gröttsten weer, de den Wanderer dwingen kunn, sien Mantel aftonehmen. De Noordwind weihte ganz dull, aver je mehr he weihte, ümso mehr krooch de Wanderer in sien Mantel. Endlich höörte de Noordwind op un de Sünn maakte mit sien fründlichen Strahlen de Luft warm. Un na en Ogenblick toog de Wanderer sien Mantel ut. Do mass de Noordwind togeben, dat de Sünn vun ehr beiden de Gröttste weer.",Femme,613.9656736877791,1259.036399339119,10.297898699520875,83.78291581108829,0
421,Hohenems,Autriche,9.678471,47.364192,https://atlas.lisn.upsaclay.fr/sounds/Hohenems_Vorarlbergish.mp3,"Uamol heand d Sunna und d Bris sich drum gstritta wer da stärkere vu bedna isch. Als si denn uan Reisanda i nam Mantl gseaha heand, waran sich bede oanig. Der, der as schafft da Reisande dazua zum bringa sin Mantl uszumzüha, isch da stärkere vu bedna. Drufhin heat da Wind mit sina ganza Kraft geweht, aber umso festa da Wind gweht heat umso festa heat da Reisenda sin Mantl ah sich gzoga. Am Ende heat da Wind sin Kampf ufgea und d Sunna heat drufhin agfanga zum schiena. Dam Reinsanda isch denn einfach viel z hoaß gwora i sinam Mantl, sodass er ean uszüha heat müssa. Do isch da Wind denn zua isicht ko, dass d Sunn wohl d stärkere vu bedna war.",Femme,773.8431709993558,1189.5831094760724,9.397522245037646,81.03323750855579,0
422,Hohenlockstedt,Deutschland_SH,9.616666793823242,53.96666717529297,https://atlas.lisn.upsaclay.fr/sounds/Hohenlockstedt.mp3,"Eens harrn sik de Noordwind und de Sünn in de Wull, keen vun se woll de mit de grötere Knööv weer. Do keem ein Wannersmann, de sik in een warm Mantel inwickelt harr, op'n Weg dorher. Se keem övereen, dat de de Boos ween schull, de den Wannersmann dorto dwingen wörr, den Mantel uttotrecken. De Noordwind mookt de Backen dick un puss as dull as he kunn. Avers so duller he pusten dee, so faster wickel sik de Wannersmann in sien Mantel in. To'n End geev de Noordwind dat Wein op. Nu keem de Sünn an de Reeg und hett de Luft mit ihre leevliche Strohlen worm mookt. Jüst na'n poor Ogenblick trock de Wannersmann sien Mandel ut. Do müss de Noordwind togeben, dat de Sünn mehr Knööv harr as he.",Homme,640.0765258512467,1358.2485400346732,9.9439151266256,85.03110882956878,0
423,Holtland,Deutschland_OF,7.574870036673608,53.28244409438671,https://atlas.lisn.upsaclay.fr/sounds/Holtland.mp3,"Eens Daags harren sük de Noordwind un de Sünn daaröver in d‘ Klatten, well van hör beid woll de Starkste weer. Do keem nettakkraat en Wannersmann in en warm Mantel de Padd andaal. De Noordwind un de Sünn kemen sük daarin övereen, dat de van hör beid as de Starkste gellen sull, de de Wannersmann dwingen dee, sien Mantel oftoleggen. De Noordwind puustde mit all sien Kraft, man umso mehr he puustde, umso faster truck de Wannersmann sien Mantel um sük to. Uplest geev de Noordwind sien Anstrengen up. Nu fung de Sünn an, de Luft mit hör frünnelk Strahlen warm to maken. Dat düürde man en Settje un de Wannersmann truck sien Mantel ut. Do muss de Noordwind togeben, dat de Sünn de Starkste van hör beid weer.",Femme,845.5762445193827,1524.5854670656543,10.637967145790554,84.19889801505818,0
424,Houffalize,Belgique,5.793944,50.133474,https://atlas.lisn.upsaclay.fr/sounds/Houffalize.mp3,"Li bîje èt li slo s' kihagnint. Chake di zels deûs criyeût k' il èsteût l' pus fwart. Cwand is-ont vèyou on voyadjeû ki vneût, ravôtchi dins s' paltot, i s' ont mètou d' acward ki l' ci ki sèreût l' prumî a fé tirer s' paltot â voyaedjeû sèreût veyou come li pus fwart. Adon, li bîje s' a mètou a chofler di totes sès fwaces. Mins pus' k' èle chofleût, pus' ki l' voyadjeû si racrapoteût dins s' paltot. Èt al fin, li bîje n' a pus sayi di lî fé tirer. Adon, li slo a cminci a lure, èt après on moumint, li voyadjeû, k' èsteût rèchandi, a tiré s' paltot. Insi l' bîje a dvu ricnochi ki li slo èsteût li pus fwart dès deûs.",Homme,660.247199267641,1371.4999035168655,9.65893223819302,83.27346338124572,0
425,Houyet,Belgique,5.010579,50.184209,https://atlas.lisn.upsaclay.fr/sounds/Houyet.mp3,"Li bîje èt l' solia so kerlint. Chake des deûs boucheûve sol tauve po dîre ki c' esteûve li li pus fwârt. A on mètu momint, i vèyint on bèrôleû ki vneûve après zels, moussi dins on gros paltot. I s' acwardint po dîre ki l' prumî a fè tirè s' mantia a ç' djin la, ça sèreûve li ki sèreûve riwêti come li pus fwârt. Adon, vla ki l' bîje si mèt´ a choflè a s' fè crèvè. Mês seûlmint, pus k' i bîjeûve, pus k' l' ome wardeûve si cazake adlé li. Èt po fini, li bîje n' a nin parvinu a lî fè tapè vôye si camizole. Adon, li solia s' a mètu a rlûre come cand i tape so les finiesses. Èt di ç' côp la, li pormon.neû, richandi, a wastè s' mantia. Çu ki fêt ki l' bîje a dvu rconuche ki l' solia esteûve li gangnant.",Femme,743.6202634224147,1573.3762051281792,10.144277891854895,82.97253935660507,0
426,hunsrik,AG,-50.99345946498374,-29.49706439817953,https://atlas.lisn.upsaclay.fr/sounds/hunsrik.mp3,"Te Siit Wint un ti Sun hon kextrit too triwer, weyer fon te tswaay xtërker weyer, wan en Raysenter foerpay khomt, in en mantel in kewikelt. Wii se em kesiin hon, hon se en wetung kemach, tas tee woo te eyerxt kemach kreecht te Raysenter se tswinge sayne mantel aus tsiye, te xtarekste kerechent keept. Te Siit Wint hot aankefang kans xtarek se ploose, awer woo xtërker er keploost hot, soo fiil mee hot sich te Raysenter in sayne mantel inkewikelt, pis te Siit Wint noo kelos hot. Tan xaynt ti Sun mit fol intensiteet un klaych hot te Raysenter sayne mantel aus ketsoo. Te Siit Wint must, soo, ti superioriteet fon te Sun erkhëne.",Homme,574.819665321977,1490.2817058214134,19.047330595482546,77.33886379192334,0
427,Husum,Deutschland_SH,9.050000190734863,54.48333358764648,https://atlas.lisn.upsaclay.fr/sounds/Husum50.mp3,"v24       v31      v38      v50     Eenst hem sik Noordwind un Südwind streden, wer von de twe woll de Stärkere weer. As een Wannerer, de in een warme Mantel hüllt weer, de Weg lang keem. Se wurrn sik enig, dat dejenige as Stärkere gellen schull, de de Wannerer bedwingen künn sien Mantel aftonehmen oder uttotrecken. De Nordwind blooste mit all sien Macht, ober je mehr he blooste, desto faster hüllte sik de Wanderer in sien Mantel in. Endli geev de Nordwind de Kampf op. Nu warmte de Sünn de Luft mit ehr fründliche Strohlen und al no wenige Ogenblicke trock de Wannerer sien Mantel ut. Do musste de Nordwind togeben, dat de Sünn de Stärkere von de beiden weer.     Eenst streden sik de Noordwind un de Sünn, wer von beiden wohl de Stärkere weer, as een Wannersmann, de en warme Mantel hüllt weer, de Weg de lang ging. Se wurrn sik enig, dat dejenige för de Starkere gellen sull, de de Wannerer zwingen wörr sien Mantel aftonehmen. De Noordwind bloos mit alle Macht, aber je mehr er bloos desto faster hüllte sik de Wannerer in sien Mantel in. Endlich hett de Noordwind de Kamp opgeben. Nun hett de Sünn de Luft mit ehr fündlichen Strahlen warm maakt. Un al nur wenigen Ogenblicken hett de Wanderer sien Mantel uttrocken. Do musst de Noordwind togeben, dat de Sünn von beiden de Starkere is.    Eens hebbt sik Noordwind un Süün streden, wer vun de beiden wohl de Stärkere weer, as een Wannerer, de in een warme Mantel hüllt weer, de Weg lang keem. Se wurrn sik enig, dat dejenige för de Stärkere gelten schull, de de Wannerer dwingen wörr, sien Mantel aftonehmen. De Noordwind pustete mit all sien Macht, aber je mehr he pustete, desto faster hüllte sik de Wannerer in sien Mantel in. Endlich geev de Noordwind de Kamp op. Nu warmte de Sünn de Luft mit ehr fründliche Strohlen, un schon na wenige Ogenblicke trug de Wannerer sien Mantel ut. Do musste de Noordwind togeven, dat de Sünn vun de beiden de Stärkere weer.   De Noordwind un de Sünn hebbt sik mol streden, wer von se beide wull de Starkste is. Do keem een Wandersmann se in de Mööt. He harr sik in een warme Mantel inwickelt. Se enigten sik dorob, dat de de Starkste is, de den Wandersmann dwingen deit, sien Mantel auftogeben. De Noordwind bloost mit alle Macht, awer je duller he blosen dee, umso faster wickelte sik de Wandersmann in sien Mantel in. De Noordwind geev de Kampf op. Nu warmte de Sunn de Luft mit ehr fründliche Strohlen, un kort dorob truck de Wandersmann sien Mantel ut. Do muss de Noordwind togeben, dat de Sunn doch de Starkste weer.",Femme,727.4950559618492,1237.7622528384518,10.245530458590006,85.69598220396989,0
428,iaai,NCWF,166.560117,-20.646645,https://atlas.lisn.upsaclay.fr/sounds/iaai.mp3,"Haba nyi ke ûen baang me séûnö ödru me ûû gue at ae hwegue. Ödru me wâ ke ate wali ame oo me anyin khaûsat. Ödru me tha wâ ge at ama hamen anyâ ga thang waleling at ae ti hwege. Haba baang ame tûâ wegiâ, ke at wali ame ca thang hawen khaûsat. Ke baang ame hnadru e. Ke at wali ame thang hawen khaûsat ge hwegien balâân seûnö. Haba baang ame haa ka habe me haba seûnö me he ti wege.",Femme,677.4891775447452,1038.1974454501212,25.393415468856947,77.90798767967146,1
429,Ihrenerfeld,Deutschland_OF,7.478382171604786,53.13914956945208,https://atlas.lisn.upsaclay.fr/sounds/Ihrenerfeld.mp3,"Damals aggerferden Noordwind un Sünn mitnanner, well van d ´beiden mehr manns was, as en Wannersmann in en warm Joppe her tomööt kweem. Se wassen sük enig, dat dejenige mehr manns was, de de Wannerer daarto brengen dee, sien Joppe uttotrecken. De Noordwind puustde mit all sien Macht, aver je mehr he puustde, desto mehr truck de Wannersmann sien Joppe dicht. Uplest gaff de Noordwind sien Stried up. Nu warmde de Sünn de Lucht mit hör frünnelk Strahlen un all na en paar Ogenblicken truck de Wannersmann sien Joppe ut. Do muss de Noordwind ingestahn, dat de Sünn de Starkerde weer.",Femme,665.3592389118359,1209.7364071913921,10.469390828199863,83.95501711156741,0
430,Île de Sein,France,-4.85,48.0333,https://atlas.lisn.upsaclay.fr/sounds/Ile_de_Sein.mp3,"An avel Biz hag an heol a veze ouzh en em zrailhañ. Pep hini a lavare : - Me ar c'hreñvañ ! Pa deusont gwelet un den é tont d'o c'haout, goloet gant e vantell. O daou e deusont lavaret : - Ma atrapan ar vantell ar c'hentañ, me eo a vo ar c'hreñvañ. Neuze en doa en em lakaet an avel da chavirañ tout. Dre ma boufe an avel, an avel a oa aet sot, hag an den en doa ranket dalc'her e vantell start war e gein. Pa eo kalmet an avel, an den en deus gellet tennañ e vantell. Setu an heol zo komañset da barañ. A-benn ur momed, eñ en doa re domm, gant an heol, hag en deus tennet e vantell. Evel-se, an avel Biz en deus gwelet e oa kreñvoc'h an heol evitañ.",Femme,639.3720563944395,1283.991491644886,13.703805612594113,83.90633812457222,0
431,Imilchil,Maroc,-5.632909,32.156077,https://atlas.lisn.upsaclay.fr/sounds/berbere_tamazight_Imilchil.mp3,"ⵜⵏⵏⴰⵖ ⵜⴰⴼⵓⵢⵜ ⴷ ⵓⵣⵡⵓ ⴰⴷ ⵉⵙⵉⵏⵏ ⵡⵏⵏⴰ ⵉⵔⵔⴰⵏ ⵡⴰⵢⴹ. ⴰⵏⵏⴰⵢⵏ ⵢⴰⵏ ⵓⵔⵢⴰⵣ ⵉⴷⴷⴰⴷ ⵉⵍⵙⴰ ⵢⴰⵙⵍⵀⴰⵎ, ⵜⵏⵏⴰ ⵢⴰⵙ ⵜⴰⴼⵓⵢⵜ ⵉ ⵡⵣⵡⵓ ⴰⵏⵏⵎⵣⵡⵓⵔ ⵡⵏⵏⴰ ⵙ ⵉⵜⵜⴽⴽⵙⵏ ⴰⵙⵍⵀⴰⵎ ⴷ ⴰⵎⵣⴰⵡⴰⵔⵓ ⴰⵢⴷ ⵉⵔⵔⴰⵏ. ⴰⵢⵏⵏⴰ ⵙ ⵉⵙⵓⴹ ⵓⵣⵡⵓ ⵉⵣⴰⵢⴷ ⵓⵔⵢⴰⵣ ⵢⴰⵖⵜ ⵓⵙⵎⵎⵉⴹ ⵉⵛⴱⴱⵔ ⴳ ⵓⵙⵍⵀⴰⵎ ⵏⵙ. ⴰⵔ ⵉⵜⵜⵙⵓⴹ ⵓⵣⵡⵓ ⵙ ⵡⵉⵏⵏⴰ ⵎⵎⵉ ⵉⵖⵉ, ⴰⵔ ⵉⵜⵜⵙⵓⴹ ⴰⵢⵍⵍⵉⴳ ⵉⵙⵅⴼ. ⵜⴷⴷⵓⴷ ⵜⵡⴰⵍⴰ ⵏ ⵜⴰⴼⵓⵢⵜ, ⵜⵔⵣⵎ ⵉⵡⵏⵏⵔⵖⵉ ⵏⵏⴰ ⵎⵉ ⵜⵖⵉ, ⴰⵔ ⵜⵙⵙⵔⵖⴰ ⴰⵔ ⵜⵙⵙⵔⵖⴰ, ⴰⵔ ⵜⵙⵙⵔⵖⴰ ⴰⵔ ⵜⵙⵙⵔⵖⴰ ⴰⵢⵍⵍⵉⴳ ⵜⵔⵖⴰ. ⴰⵢⵏⵏⴰ ⵙ ⵜⵣⴰⵢⴷ ⵜⴰⴼⵓⵢⵜ ⵜⵔⵖⴰ, ⵉⵔⵖ ⵓⵔⵢⴰⵣ ⵉⴽⴽⵙ... ⴰⵙⵍⵀⴰⵎ ⵉⴳⴰⵜ ⴰⴼⵍⵍⴰ ⵏ ⵉⵖⵉⵔ ⴰⵔ ⵉⵜⵜⴷⴷⵓ. ⴰⵢⵏⵏⴰ ⵙ ⵉⴽⴽⵙ ⵓⵔⵢⴰⵣ ⴰⵙⵍⵀⴰⵎ ⵉⵙⴳⵔⵜ ⴰⴼⵍⵍⴰ ⵏ ⵉ ⵖⵉⵔ, ⵜⴱⵔⵔⵎ ⵜⴰⴼⵓⵢⵜ ⵜⴰⴼⴷ ⴰⵣⵡⵓ ⵉⴷⴷⴰ, ⵓⵙⵉⵏⵜ ⵉⵙⴳⵏⴰⵡⵏ.",Homme,613.3961023843301,1178.4768700235854,12.753682409308693,48.59496919917864,0
432,Imswane,Maroc,-9.818738,30.843168,https://atlas.lisn.upsaclay.fr/sounds/Imswan.mp3,ⵜⵎⵎⴰⵖ ⵜⴰⴼⵓⴽⵜ ⴷ ⵓⵚⵎⵎⵉⴹ. ⵎⴰⵏⵡⴰ ⵔⴰ ⵉⴽⴽⵉⵙ ⴰⵀⴷⴷⵓⵏ ⵏⵙ ⵉ ⵓⵔⴳⴰⵣ. ⵓⴽⴰⵏ ⴰⵔⴳⴰⵣ ⵎⵎⴰⵖⴰⵏ ⴼⵍⵍⴰⵙ ⴰⵚⵎⵎⵉⴹ ⴷ ⵜⴰⴼⵓⴽⵜ. ⴰⵔⵉⴽⴽⴰⵜ ⵓⵚⵎⵎⵉⴹ ⴰⵔⴳⴰⵣ ⴰⵏ. ⴽⵔⴰ ⵙⴰ ⴰⵔⵉⴽⴽⴰⵜ ⴰⵔⴳⴰⵣ ⴰⵏ ⴰⵔ ⵉⵜⵎⵓⵏⵜⵓⵢ ⵎⵣⵢⴰⵏ ⵖ ⵓⵀⴷⴷⵓⵏ. ⵎⵎⴰⵖⵏ ⵎⴰⵏ ⵣⴰ ⵡⴰⴷ ⵔⴰ ⵉⴽⴽⵉⵙⵏ ⴰⵀⴷⴷⵓⵏ ⵉ ⵓⵔⴳⴰⵣ. ⴰⵔ ⵉⴽⴽⴰⵜ ⵉⴱⴷⵓ ⵓⵚⵎⵎⵉⴹ ⴰⵔ ⵉⴽⴽⴰⵜ. ⴽⵔⴰ ⵙⴰ ⵉⴽⴽⴰⵜ ⴰⵔⴳⴰⵣ ⴰⵏ ⴰⵔ ⴱⴰⵀⵔⴰ ⵉⵜⵜⴰⵎⵣ ⵖ ⵓⵀⴷⴷⵓⵏ. ⴰⵚⵎⵎⵉⴹ ⴰⵔ ⵉⴽⴽⴰⵜ ⵖ ⵓⵔⴳⴰⵣ ⴰⵢⵍⵍⵉⵖ ⴷⴰⵔⵙ ⵓⵔ ⵉⵡⵉ ⵡⴰⵍⵓ. ⵉⴱⴰⵍⴰⴽ. ⵜⴰⵛⴽⵉⴷ ⵜⴰⴼⵓⴽⵜ ⵙ ⵓⵔⴳⴰⵣ ⴰⵏ. ⴰⵔ ⵉⴽⴽⴰⵜ ⵓⵚⵎⵎⵉⴹ ⴰⵏ ⴰⵔⴳⴰⵣ ⴰⵏ. ⴽⵔⴰ ⵙⴰⵜ ⵉⴽⴽⴰⵜ ⴰⵔ ⴱⴰⵀⵔⴰ ⵉⵟⵟⴰⵎⵣ ⵓⵀⴷⴷⵓⵏ ⴰⵢⵍⵍⵉⵖⵜ ⵉⵍⵓⵃ. ⵜⴰⴼⵜⵉⴷ ⵉⴹⵔ. ⴽⵔⴰ ⵙⴰ ⵜⵔⵇⵇⴰ ⴰⵔ ⴼⵍⵍⴰⵙ ⵜⵔⵇⵇⴰ. ⴰⵢⵍⵍⵉⵖ ⵉⴽⴽⵙ ⴰⵀⴷⴷⵓⵏ ⵏⵙ. ⴰⵔ ⵏⵉⵜ ⵉⴼⵜⵜⵓ. ⵜⴰⴼⵓⴽⵜ ⴰⵔ ⵜⴽⴽⴰⵜ ⴰⵔⴳⴰⵣ ⴰⵏ ⴽⵔⴰ ⵙⴰ ⴳⵉⵙ ⵜⴽⴽⴰⵜ. ⴰⵔ ⴱⴰⵀⵔⴰ ⵉⵟⵍⵓⵇ ⵓⵡⵀⴷⴷⵓⵏ ⵏⵙ ⵍⵉ ⵢⴰⵙⵉⵜ ⵙ ⵉⴳⴳⵉ ⵏⵜⵓⵖⵔⴰⵟ ⴰⵢⵍⵍⵉⵖ ⵉⵕⵎⵉ - ⵚⴰⴼⵉ. ⴰⵚⵎⵎⵉⴹ ⵉⴼⵜⴰ. ⵉⵖⴰⵍ. ⵉⴷⴰⵏ ⵜⴰⴼⵓⴽⵜ ⴰⵢⵙⵃⴰⵏ ⵓⵔⴷ ⴰⵚⵎⵎⵉⴹ.,Homme,666.3939537889299,1195.9977718301097,20.137111567419577,66.245318275154,0
433,Irish Gaelic,EU,-7.119101,52.246864,https://atlas.lisn.upsaclay.fr/sounds/Waterford_Irish_Gaelic.mp3,"Agus an Ghaoth Aduaidh agus an Ghrian ag iomarbhá lena chéile cé acu ba láidre den dís, tháinig taistealaí an tslí agus clóca cluthar air. D'aontaíodar an cúrsa do shocrú ar an tslí seo: pé acu do chuirfeadh iachall ar an dtaistealaí a chlóca do bhaint de, gurb é a mheasfaí ba chumhachtaí. Thosnaigh an Ghaoth Aduaidh, agus shéid go lán-neartmhar, ach dá dhéine a shéid sí is ea is dlúithe a chas an taistealaí a chlóca ina thimpeall; agus ar deireadh d'éirigh an Ghaoth Aduaidh as an iarracht. Ansin, do spalp an Ghrian agus lom díreach do bhain an taistealaí a chlóca de. Agus dá réir sin, b'éigean don nGaoth Aduaidh a ghéilleadh gurb í an Ghrian ba láidre.",Homme,789.3218047681494,1588.486588543817,11.684072553045858,86.78999315537303,0
434,Issoire,France,3.248982,45.543537,https://atlas.lisn.upsaclay.fr/sounds/Issoire.mp3,"La bisa e le solelh se disputavon, chascun 'fortissant que z-èra le mai fòrt, quand veguèron un voiajaire que s'avançava, envolopat dins son mantèl. Se botèron d'acòrd qu'aquel qu'arribariá le pormèir de faire baujar son mantèl au voiajaire seriá 'spiat coma le mai fòrt. Alòr la bisa se botèt de bofar de tota sa fòrça, mas mai bofava, mai le voiajaire sarrava son mantèl autorn de z-elh, e a la fin, la bisa renoncèt de li faire baujar. Dau còp, le solelh comencèt de 'sclarar e au bot d'un moment, le voiajaire, 'schaufat, enlevèt son mantèl. Coma 'quò, la bisa deuguèt reconistre que le solelh z-èra le mai fòrt de los dos.",Homme,727.2581379580624,1703.7161267577262,9.824688569472965,78.56245037645449,0
435,Istro-Romanian (Vlashki),EU,14.146009,45.247681,https://atlas.lisn.upsaclay.fr/sounds/Susnjevica_Vlashki_Istro-Romanian.mp3,"Bora ši sorele s-a neganjvęjt kårle-j majtåre. Jušto ȃn čå verit-a kȃrstijånu zemotęjt ȃn kåd mantel. Dogovorit s-a ke-j majtåre čela če pȃrvi fakure kȃrstijånu respuljå din se mantel. Bora čavota zepušit-a č-a majmund putut, ali tot č-a jå maćåro pušit,  kȃrstijånu s-a maćåro zemotvęjt ȃn mantel. Ȃn fin, bora s-a rasenjęjt de čå ča mislit fåče. Sorele zesvitit-a, e kȃrstijånu respuljåt-a mantelu. Bora moręjt-a priznęj k-a pljerzut ši ke-j sorele majtåre de jå.",Femme,571.5597986419006,490.22324679907814,15.583791923340177,73.81024640657084,0
436,Istro-Romanian (Zheyanski),EU,14.194605,45.4403,https://atlas.lisn.upsaclay.fr/sounds/Zejane_Zheyanski_Istro-Romanian.mp3,"Bora ši sorele s-av čertåt karle-j maj tåre. Ȃn čå av verit ȃn poputȃn om ogrnit ȃn kåd kapot. Dogovorit s-av ke-j maj tåre čela karle va prvile natiręj poputȃnu om raspulja dinr-asev kapot. Atunče av bora puhęjt kȃt maj jako av putut, e tot č-av jå maj jako puhęjt, tot s-av poputȃnu om majviše ogrnjujt ȃnr-asev kapot. Na kraju av bora lasåt ćå provęj čå fače. Sorele av zasvitit, e poputȃnu om s-av raspuljat dinr-asev kapot. Bora av moręjt priznęj k-av pljerdut ši ke-j sorele toturo maj tåre.",Homme,641.3454418125807,1100.7478721877703,9.800670773442848,82.6713620807666,0
437,Ittre,Belgique,4.257456,50.645209,https://atlas.lisn.upsaclay.fr/sounds/Ittre.mp3,"Èl vint d' bîje yè 'l solèy' ès' chakinène, chake djurant qu' i stoût 'l pus foûrt, quand is ont vu in vwèyajeûr qui ravançoût, infardèlé dins 's pal'tot. Is s'ont mis d'acoûrd qu'èl cî qu'arivroût 'l prèmi à fé rsaki ès' pal'tot au vwèyajeûr s'roût raguidé come èl pus foûrt. Adon, èl vint d' bîje s'a mis à soufèler dè tous sès pus foûrts, mins au pusk'i soufèloût, au pusk' èl vwèyajeûr sèroût 's pal'tot sur li, yè al fin, èl bîje a rnonci à li fé rsaki. Adon, èl solèy' a couminchi à lûre yè il èsst'arivé in momint qu'èl vwèyajeûr, rèstchaufé, a rsaki 's pal'tot. Dinsi, èl bîje a dvu èrcounwète qu'èl solèy' astoût èl pus foûrt dè yeus' deûs.",Homme,699.433714733913,1462.1073386777107,10.816584531143054,82.7822997946612,0
438,Ituren,Espagne,-1.707521,43.129012,https://atlas.lisn.upsaclay.fr/sounds/Ituren.mp3,"Iparraizea eta iguzkia, bietatik indartsuena nor ote zen norgeiagoka ari ziren, eta ara nun, kapa zabal batean estalirik, bidari bat pasatzen hasi zen. Zeinek azkarren lortzen zuen bidariari kapa kentzea, ura indartsuena izanen zela adostu zuten. Asi zen iparraizea zistu bizian eta amorruz jotzen, bañan zenbat eta geiago butz egin, orduan eta tinkoago bidaria bere kapan uzkurtzen zen, azkenin, iparraizeak etsitturik bertan bera utzi bear izan zuen. Ordun, iguzkia indartsu distiratzen asi zen eta bidaztiak beltxe bere kapa kendu zuen. Ezinbestean, iparraizeak iguzkia indartsuagoa zela onartu biar izan zuen.",Femme,625.0546146652866,928.9348737076167,12.498008213552362,82.38716632443531,0
439,Itzehoe,Deutschland,9.516666412353516,53.93333435058594,https://atlas.lisn.upsaclay.fr/sounds/Itzehoe_Low_Saxon.mp3,"An een Dag vör lange Tiid keem't to'n Stried twüschen den Wind ut'n Noorn und de leebe Sünn. Dat gung um de Fraag, wokeen wull mehr Knöw harr, denn een Wandersmann in'n langen Mantel keem jüs vörbi, wokeen em dorto bringen kunn, sien langen Mantel uttotrekken. De Wind ut'n Noorn puust ganz düchtig. Man: je mehr he puust, umso faster trock de Wandersmann sien dicken Mantel üm sick. An'n End geew de Wind ut'n Noorn opp. Und denn warm' de Sünn de Luft – und de Wandersmann trock' den Mantel ut. Un de Wind müss togeben, dat de Sünn doch mehr Knöw harr.",Homme,605.6970421085009,1684.8207777574585,9.9439151266256,85.03110882956878,0
440,Jalhay,Belgique,5.966221,50.556976,https://atlas.lisn.upsaclay.fr/sounds/Jalhay.mp3,"Lu bîch èt l' solo s' kuhagnine, chake ôk acèrtinéve l'ôte k'il esteût l' pus fwért. C'è-st-a ci moumé la k'i vèyine ô vwayajeûr k'aprochéve, èwalpé è s' paletot. I toûmît d'acwér ku l' ci k'arèvreût l' prumîr a fé su d'moussî l' vwayajeûr sèreût côsidèré come estât l' pus fwért. C'è-st-alôrs ku l' bîch su mèta a sofler d' totes sès fwèces, mès puss èle sofléve, puss lu vwayajeûr, sèréve su paletot antoû d' lu… èt po fini, lu bîch runôça a l' fé d'moussî. C'è-s-t alôrs ku l' solo ataka a lûre èt après ô moumeng, lu vwayajeûr, rèhådi, su d'moussa. È c'è-st-éssi ku l' bîch fout bé fwèrcé d' ruknohe ku l' solo esteût l' pus fwért du lès deûss.",Femme,635.4634783375644,1186.5750730293473,9.366509240246407,83.56731690622861,0
441,jawe,NCWF,164.579,-20.3918,https://atlas.lisn.upsaclay.fr/sounds/jawe.mp3,"[Hwansu li daan ma hnegat.] Daan ma hnegat delu ra pe mâû delu varaan pei pe phwâ wîî-lu thêên delu ââni hnaa ka pweno xe hnebwi-ek xe hnaa vain hyabwen. Delu pe tena-ru melu pe cadooc : kaxi xe pha hen-i dii hyabweni-n hâgut xe li kaxi cên phwâ wîî-n. Xe thaavuun we daan. Xe thai daan, huu-i men po wîî ra kaxi ka pweno, ra xe khoye cên hnebwi-ek kop, cên tarai nali-ek dii hyabweni-n. Ra xe u khôe daan ra panua wîî-n ! Xe mwa caji wîî-n hnegat, thavuun texec men phwâ hînuu-n ra kaxi ka pweno xa tua mwa dii hyabwenin ai cên texec dek naren. Jo kaxi daan xe u ââni pe hnegat o cên phwâ wîî-n. [Tho hwailo, tho hwie nga, suyi mwa ya daalen.]",Femme,496.4765180894071,658.6881900076758,25.0725325119781,74.65290212183436,1
442,Jemeppe,Belgique,4.671731,50.46362,https://atlas.lisn.upsaclay.fr/sounds/Jemeppe-sur-Sambre.mp3,"Rifondou walon     Système Feller (Moustier)   Nosse solea et li rosse di bijhe n' estént nén d' acoird po sawè li ké des deus esteut l' pus foirt ‒ dijhans putoit li pus sovrin (sins pont d' chichis ni brut). Vola k' i veynut so l' pî-sinte on pormoenneu rewalpé dins s' paltot. I fwaiynut martchî ki l' ci ki lyi frè roister s' pardessu serè veyou come li pus foirt. Li bijhe si mete a shofler di totes ses foices mins å dpus ele shofele å dpus l' ome si ressere dins s' mantea (il a minme rabatou l' capuchon di s' paltot so s' tiesse...). Come ele ni parvént nén a fé disboter l' ome, li bijhe si djoke di shofler, discoraedjeye. Asteure ki c' est a lu, li solea, on ptit sorire a l' coine di ses lepes, i s' mete a rlure, a rlure... et ça tchåfe... et l' ome rissaetche si capuchon, po cminçî ; et tot d' shûte après, i rsaetche si mantea ! Li bijhe li sait bén asteure : li doûceur, çoula va bråmint mia ki l' foice.  Bîje èt solia èstin.n' en bisbîsse dispu lontins po sawè quî ce qui, di zèls deûs, èstèt l' pus fwârt. Arive on mossieû, fwârt bin mètu, rèssèré dins s' nwâr paletot. I convègnenut qui l' cia qui, l' prumî, disbotrè ou frè disboter l'ome, sèrè r'conu come li pus fwârt. Bon-z-èt rwèd, li bîje s'a mètu à sofler, à sofler come li bîje li sét fé quand èle s'î mèt; mês, pus fwârt èle soflèt, di pus èst ce qui nosse brâve ome si rèssèrèt dins s' moussemint. Al fin do compte, au d'bout d' sès fwaces, li bîje a r'noncî. Adon, li solia s'a mètu à rglati èt à tchaufer, à tchaufer si télmint fwârt, qui nost ome, qui n'avèt pus on pwèl di sètch, a rôsté s' camisole èt s' mète è purète. Li solia avèt gangnî s' wadjûre. Tot conté èt tot rabatu, li bîje a bin stî oblidjîye di r'conèche qui l' solia estèt bin l' pus fwârt !",Homme,813.4032681351333,1553.5048789032203,10.816584531143054,82.7822997946612,0
443,Jemgum,Deutschland_OF,7.384855563395209,53.268521475754085,https://atlas.lisn.upsaclay.fr/sounds/Jemgum.mp3,"Eens streden sük Noordwind un Sünn, well van de beiden wall de Starkede was, as en Wandersmann, de en warm Mantel droog, langs de Padd daarher kwamm. Se wurren sük enig, dat de een van de beiden as de Starkede gellen sull, de de Wandersmann daarto dwingen würr, sien Mantel oftonehmen. De Noordwind puustde mit all sien Macht, aber je mehr he puustde, um so faster truck de Wandersmann sien Mantel um sük to. Uplest gaff de Noordwind de Kamp up. Nu warmde de Sünn de Lücht mit hör frünnelke Strahlen, un na en paar Ogenblicken truck de Wandersmann sien Mantel ut. Do muss de Noordwind togeven, dat de Sünn de Starkede van de beiden was.",Femme,524.3852194126952,1134.244842512795,10.637967145790554,84.19889801505818,0
444,Jettebruch,Deutschland,9.79852131402516,52.93049260609727,https://atlas.lisn.upsaclay.fr/sounds/Jettebruch.mp3,"Eenst kritten sik de Wind ut Noorn un de Sünn, wer von jüm beiden de Starkste wöör, as een Wannersmann, de en warm Joppen anharr, dor lang güng. Se wöörn an aggedieren, dat de Starkste von jüm beiden, dat schaffen deit, den Keerl den Joppen aftaunähmen. De Wind ut Noorn puust mit alle Macht, aber je düller he puusten deit, je mehr holl de Wannersmann sien Joppen wiss. De Wind ut Noorn geev up. Nu warmt de Sünn de Luft fründlich up, bautz tüggt de Wannersmann sien Joppen ut. Dor geev de Wind ut Noorn tau, dat de Sünn de Starkste von jüm beiden wöör.",Femme,667.0743923066141,1507.0590672592814,10.228966461327857,81.64595482546201,0
445,Jodoigne,Belgique,4.866612,50.723755,https://atlas.lisn.upsaclay.fr/sounds/Jodoigne.mp3,"Lë bîje èt l' solia s' margouyîn' èt s' forbate po soyë qui ç' qu'èstot l' pës fwârt dès deus quand ël-ont vèyë on ch'mënau quë lëmçonéve dëssës l' vôye èwalpé dins s' casaque. Ël ont tapé dins leûs mwins po s' dîre quë l' cë qu'arëvrot à li fé r'ssatchî sès loques sèrot r'waîtî come one saquî. Adon l' bîje s'a mètë à sofler come one sote, come s'èlle arot yë l' diâle au kë. Mins dëpës ç' qu'èle sofléve, dëpës quë l' chëminau s' racafurléve, èt po-z-achèver, lë bîje në li a ni soyë  fé taper s' moussemint djë. Adon l' solia a c'mincî à lûre dë sès pës fwârt, qu'à l' fén, lë ch'minau, rèstchaufé à r'plôyî s' chabrake. C'èst come ça quë l' bîje a bén d'vë r'conèche quë l' solia èstot l' pës fwârt dès deûs !",Homme,789.0728647035016,1530.270076016147,10.65015742642026,82.43041067761807,0
446,Jouillat,Croissant,1.934887,46.257633,https://atlas.lisn.upsaclay.fr/sounds/Jouillat.mp3,"La bise e le solelh se disputavan, chascun volhant èstre le plus fòrt, quand ilhs an veiut un voiageur que s'avançave, envelopat dins son mantel. Ilhs an tombat d'acòrd que quau-qui qu'arrivere le premier a li faire enlevar son mantel au voiageur sirá regardat come le plus fòrt. Alòr la bise se metèt a soflar de tote sa fòrce, mès plus 'la soflave, plus le voiageur sarrave son mantel autorn de se, e a la fin, la bise decidat d'arrestar de volèr lu faire enlevar. Alòr, le solelh començat a brilhar e au bot d'un moment, le voiageur, reschaufat, enlevat son mantel. Ainsi, la bise deugèt reconèstre que le solelh ère le plus fòrt de lhis dos.",Homme,606.0931736725881,1120.495721925515,12.38302532511978,77.88772073921972,0
447,Judaeo-Spanish (Djudyó),EU,29.101311,40.996011,https://atlas.lisn.upsaclay.fr/sounds/Istanbul_Djudyo.mp3,"El ayre del poyraz kon el sol se peleavan, kada uno dizyendo ke era él el mas baragan, kuando vyeron a un vyajero ke viniya kaminando, emburujado en su manto. S'akodraron ke akel ke reushiya el primero a azerle kitar el manto al vyajero, tomariya fama de mas baragan. Estonses, el ayre del poyraz ampeso asoplar kon toda su fuerteza, ma kuantimas asoplava, mas el vyajero se apretava el manto enriva de si, i a la fin, el ayre se esvacheo de kitarle el manto. Estonses el sol ampeso a arelumbrar i duspues de poko, el vyajero, rekayentado, se kito el manto. Ansina el ayre devyo de achetar ke el sol era el mas poderozo de los dos.",Femme,597.1275576181089,842.7751643050683,15.407460643394934,75.94994524298426,0
448,Judaeo-Spanish (Judezmo),EU,23.321672,42.697543,https://atlas.lisn.upsaclay.fr/sounds/Sofia_Judezmo.mp3,"El ayre del norte i el sol sestavan peleando para saver ken era el mas fuerte i en este punto vyene de pasar un pasajero kon un palto godro. Se metieron dakordo ke el ke puede azer kitar su palto al pasajero antes del otro iva ser konsiderado komo el mas fuerte. El ayre del norte empeso a azer una fortuna, ama lo mas fuerte el ayre soplava lo mas apretado el pasajero se embolvia en su palto. Al kavo el ayre del norte se ezvacheo. El sol salio i empeso a azer kalor i pishin el pasajero se kito su palto. I el ayre del norte tuvo ke rekonoser ke el sol era el mas fuerte de los dos.",Homme,523.7636031931305,847.1381665550596,10.235106091718,73.86228610540726,0
449,judéo-arabe,LNT_Afrique,-5.011127,34.019282,https://atlas.lisn.upsaclay.fr/sounds/judeo-arabe.mp3,"alphabet hébreualphabet latinארריח ושמס תעאנדו בינאתהום‚ שכון פיהום הווא אלעפרית. הומא באקיין פלמעאנדא והאוודא ואחד למצאפר דאייז קבאלתהום‚ מלחחף בסלהאמו. תצאוורו ואחד מעא לאכור וקאלו : ""די יקדריזללב להאד אלמצאפר יטייח סלהאמו‚ הווא די יתסממא עפרית"". בדא ארריח יצוט בזהד ! בלחאק‚הווא כאן יצוט ולמצאפר כאן יזיד ילחחף אסלהאם עליה. זא ארריח פהם באס מא יקדרלוש ורכאמננו. אראלנא אשמס בדאת תשרק ותקייל. מא זא יטול אלווקת חתתא שכן אלחאל עלא דאך למצאפרוטייח סלהאמו מן כתאפו. פדיך סאעא‚ פהם ארריח באיין מא בקא עלאש יתעאנד ועתארף באייןאשמס קווייא עליה .әr-riḥ u-s-sәms t‛andu binat-hum, skun fi-hum huwwa l‛frit. Huma baqyin f-l-m‛anda u-hawda waḥd l-mṣafәṛ dayz qbalt-hum, mlәḥḥәf b-sәlham-u. Tṣawru waḥәd m‛a laḫur u-qalu : « di iqdәr izәllәb l-had l-mṣafәṛ iṭiyyәḥ sәlham-u, huwwa di itsәmma ‛frit ». Bda әr-riḥ iṣuṭ b-z-zәhd ! B-l-ḥaq, huwwa kan iṣuṭ u-l-mṣafәṛ kan izid ilәḥḥәf әs-sәlham ‛lih. Za әr-riḥ fhәm bas ma iqdәṛ-lus u-ṛḫa mәnn-u. Ara-l-na әs-sәms bdat tsrәq u-tqiyyәl. Ma za iṭul әl-wәqt ḥәtta sḫәn l-ḥal ‛la dak l-mṣafәṛ, u-ṭiyyәḥ sәlham-u mәn ktaf-u. F-dik әs-sa‛a, fhәm әr-riḥ bayn ma bqa ‛las it‛and u-‛taṛәf bayin әs-sәms quwiya ‛li-h.",Femme,759.8398357160304,1450.3412921454221,20.076297056810404,54.10741957563313,0
450,judéo-espagnol (djudyó),LNT_Asie,22.94553,40.646002,https://atlas.lisn.upsaclay.fr/sounds/djudyo.mp3,"El ayre del norte i el sol se peleavan, kada uno diziendo ke era el, el mas poderozo, kuando vieron un viajero ke vinia kaminando, embrujado en su manto. Se mitieron d'akodro ke akel ke reouchia el primero a azerle kitar el manto al viajero, seria konsiderado komo el mas poderozo. Estonses el ayre del norte empesó a asoplar kon toda su fuersa, ma mas el asoplava, mas el viajero se apretava su manto enriva de si, i a la fin el ayre se desvatcheó de kitarle el manto. Alora el sol empesó a arelumbrar i despues de un poko el viajero, rekayentado, se kitó el manto. Ansina el ayre duvo rekonoser ke el sol era el mas poderozo de los dos.",Homme,605.8389081525138,1330.7995205738757,16.05836413415469,67.26815195071869,0
451,judéo-espagnol (djudyó),EU,22.94553,40.646002,https://atlas.lisn.upsaclay.fr/sounds/djudyo.mp3,"El ayre del norte i el sol se peleavan, kada uno diziendo ke era el, el mas poderozo, kuando vieron un viajero ke vinia kaminando, embrujado en su manto. Se mitieron d'akodro ke akel ke reouchia el primero a azerle kitar el manto al viajero, seria konsiderado komo el mas poderozo. Estonses el ayre del norte empesó a asoplar kon toda su fuersa, ma mas el asoplava, mas el viajero se apretava su manto enriva de si, i a la fin el ayre se desvatcheó de kitarle el manto. Alora el sol empesó a arelumbrar i despues de un poko el viajero, rekayentado, se kitó el manto. Ansina el ayre duvo rekonoser ke el sol era el mas poderozo de los dos.",Homme,605.8389081525138,1330.7995205738757,16.05836413415469,67.26815195071869,0
452,judéo-espagnol (ḥaketía),LNT_Afrique,-5.8,35.766667,https://atlas.lisn.upsaclay.fr/sounds/haketia.mp3,"El viento de safón y el sol ḥokkeaban pa saber quién y quién de los dos era el más sḥeḥ, del mazzal pasó un sajén, ḥozzeado en un sulĥam qade un 'olam. Lo shaurearon y shartearon que el primero que ĵiffeara al viajero ḥatta que se quitara el sulĥam, dirán que ése tendría más gueburá. El viento de safón se puzzo, yal.la, sopla que te sopla, ma cuantimás soplaba, más se daḥseaba el amargo del sajén en el dichozzo sulĥam, wa ba'adá el viento de safón se qanteó de tanta soplina. ‘Ad brilló el sol, y le shshueó, dirás la qaila, i biĥa-biĥa se shenshleó el sulĥam el viajero, y ansina el viento de safón bezzez menén agashó la cabesa diziendo que el sol tenía muncho más poder.",Homme,646.0685297184684,1144.719548948017,18.839568788501026,77.70142368240931,0
453,judéo-espagnol (ḥaketía),EU,-5.8,35.766667,https://atlas.lisn.upsaclay.fr/sounds/haketia.mp3,"El viento de safón y el sol ḥokkeaban pa saber quién y quién de los dos era el más sḥeḥ, del mazzal pasó un sajén, ḥozzeado en un sulĥam qade un 'olam. Lo shaurearon y shartearon que el primero que ĵiffeara al viajero ḥatta que se quitara el sulĥam, dirán que ése tendría más gueburá. El viento de safón se puzzo, yal.la, sopla que te sopla, ma cuantimás soplaba, más se daḥseaba el amargo del sajén en el dichozzo sulĥam, wa ba'adá el viento de safón se qanteó de tanta soplina. ‘Ad brilló el sol, y le shshueó, dirás la qaila, i biĥa-biĥa se shenshleó el sulĥam el viajero, y ansina el viento de safón bezzez menén agashó la cabesa diziendo que el sol tenía muncho más poder.",Homme,646.0685297184684,1144.719548948017,18.839568788501026,77.70142368240931,0
454,Juliusburg,Deutschland,10.5,53.41666793823242,https://atlas.lisn.upsaclay.fr/sounds/Juliusburg.mp3,"Einmal streden sik de Noordwind und de Sünn, wer vun jüm woll de Stärkere weer. As ein Wanderer, de in sien warm Mantel inhüllt weer, den Weg langkeem. Se wörrn sik einig, dat de för den Stärkeren gellen sull, de den Wanderer dorto kriegen wörr, sien Mantel aftonehm. De Noordwind puus mit alle Macht, aber je düller he pusten dee, desto faster pack sik de Wanderer in sien Mantel in. Endlich geev de Noordwind den Kamp up. Nu warm de Sünn de Luft mit ehre fründlichen Strahlen und al na wenige Ogenblicke tröck de Wanderer sien Mantel ut. Do müss de Noordwind togeben, dat de Sünn von de beiden de Stärkere weer.",Femme,632.1821543083295,1002.0868695725519,9.945290896646133,82.98971937029431,0
455,kabineña,Bolivia,-66.090769,-10.988431,https://atlas.lisn.upsaclay.fr/sounds/kabinena.mp3,"Beni kwejiji tumebuchadya ijeti tsewe tu kakemitsa tiwa ejeke tatse dyake kasadake, kueti kwaretu peadya viaje puji ekaramati peadya capa tsewe. Ejerani yatse ikwene kwita viajero ja capa inajaka mereya tuke tu dyake kasadake. Tume tu, beni kwejiji katibutiwa kasada tsewe; kwejiji dyake kasada juya ju tu, viajero ra inawa tuja capa. Kwejiji kuetiya tupu. Tuekedya tu ijeti puje tanawa tuja dutya weka tsewe; tume tu ukeda baatsu viajero katakati kware tuja ejutuki. Jeeke kwejiji beni ra tu reconoce awa ijeti dyake kasadake.",Femme,608.3439939772232,1266.090742087427,26.909924709103354,77.64995893223819,1
456,kaingang,AG,-53.02708374258206,-27.418149669435195,https://atlas.lisn.upsaclay.fr/sounds/kaingang.mp3,"Kãka mré rã vỹ ag kã’ũ tỹ ne tỹ jagnã tar kãfór to vãmén nỹtĩ nĩ, hãra ũtĩgtĩ vỹ ag rã tĩ mũ, paritó tỹ vãnh kãtón kỹ. Ag tỹ ti ve kỹ ag tóg jagnã mỹ ũ tỹ ti paritó kũnũnh han mũ tỹ tar tỹvĩ nĩj, ke mũ. Kỹ kãka tóg jamãhár tỹvĩ ti ki hu, ke mũ, hãra ti tỹ ti ku hu ke han mũn javo ũtĩgtĩ tóg ti paritó tỹ vãnhpãg han tĩ. Hãki kãka tỹ krónh ke mũ. Kỹ rã tóg ti tar kar tỹ jãngrãg mũ ser, kỹ ũtĩgtĩ tóg vãsymér ti paritó kunũnh tỹ mrãnh ke mũ. Kãka tóg gen kỹ rã tỹ ti tar kãfór nĩ ẽn kinhrãg mũ ser.",Femme,698.855435698903,1441.224447272543,20.343299110198494,74.35747433264888,0
457,Kajnas,EU,20.764707,40.553314,https://atlas.lisn.upsaclay.fr/sounds/Kajnas_Boboshtica.mp3,"Severo i sallcjëto fatije en den da se karjëje i erkoj ot nia itjëshe da pokazhi oti esti po junak ot drujo, koga vidoje en patnik, shço odjëshe po pato, zavijen so gunata sogova. Za da pokazhe temnoto sillost, klladoje bas koj zha go shljëçi po barguj çovjëko. Qinisa ponapre sөvero da duni so svata silla shço da shlitni gunata çovjëkutomu. Toko qëllko poveqe dunjëshe vөtaro, tëllka poveqe stisnjëshe patniko gunata sogova i, najsetnina, vөtaro go izgumna baso. Setni fati sallcjëto da toplli tro po tro dur çovjëko jo shljëçi gunata. I sika sөvero strjëska oti sallcjëto bjë po sillen ot nija dva. Sazi prikazna ni kazhi oti so mandrina i dobrina mozhi da se qerdhosa poveqe ot so silla.",Homme,550.8426216892428,1043.3883481857538,10.731629021218344,72.94579055441478,0
458,Kalaallisut,AG,-52.131289,70.676664,https://atlas.lisn.upsaclay.fr/sounds/Kalaallisut_Uummannaq.mp3,"Avannap Seqernullu sorleq nakuunerunersoq oqqatingineranni, angalasoq oqortumik kiapequtilik takkuppoq. Isumaqatigiippullu angalasup kiapequtaanik peersitseqqaartoq aappaminiit nakuunerusimassasoq. Taava Avannaq pisinnaasani tamaat supuulerpoq, kisiannili supoorneruleraangat angalasoq kiapequtimi iluanut poortuunnerulersarpoq, naggataatigullu Avannaq tunniutiinnarpoq. Kingunitsianngua Seqineq kialaartumik saqqarpoq, angalasullu kiapequtini ingerlaannaq peerpaa. Taamaammat Avannap nassuerutigisariaqalerpaa Seqineq nakuunersoq.",Femme,818.1809132712517,1057.867664254396,-8.735790554414784,85.28197125256673,1
459,Kalhausen,Allemagne,7.1553,49.0217,https://atlas.lisn.upsaclay.fr/sounds/Kalhausen.mp3,"De Kàlde Nòrdwìnd ùnn de Sùnn hònn déschpetiert, jéder hàt wìlle de Schdärkschde sìnn. Dò hònn ze e Rèsender gesìnn wò varbie gòng ìsch, ingewiggelt in e Mòndel. Se hòn sich geènnischt dàss der wò òm èrschde dem Rèsende de Mòndel ussziehe màcht, dèr ìsch dònn de Schdärkschde. De Nòrdwind hàt òngefòng ze blòòse, immer wùschder, ùnn schdärger, awwer dèsdo wììdischer er geblòsst hàt, désdo féschder hàt der Mònn sìnner Mòndel ùm sich zommegezòh, ùnn òm Ènn, hàt de Nòrwind es mìsse ùffgìnn. Dònn hàt de Sùnn òngefòng ze schinne ùnn nòh e Zìttlòng hàt de Rèsende, ùffgewärmt, sinner Mòndel ùssgedònn. Also hàt de Nòrdwind mìsse zuginn, dàs de Sùnn, vòn dènne Zwei, die Schdägerre ìsch.",Homme,680.1989867534761,1212.7947170307095,10.777166324435319,80.10129363449693,0
460,kali'na,AG,-52.6503,5.1597,https://atlas.lisn.upsaclay.fr/sounds/kalina.mp3,"Peipeto weyu malo konoseyuposan, tipanatolikon ukuyatomen, nokɨ,pan panape iwa'lɨ,. Ami topototo wopili eneyanton, papolo tɨ,wenopotoma. Nokɨ,pan wana'ne, inopokalɨ, enelɨ,se manton, mokolo palipe kanatian. Pepeito nane kenekuyan, pepeito kunuloyan palipe, papolo tɨ,panatolɨ, ɨ,yan iniopokatome. Topototo te palipe tɨ,noponɨ, akɨ,kano tɨ,pona. Peipeto a'niopokapa ne'i. Weyu tela kenekuyan, topototo nopokatome. Palipe imelo weyu asinpe, asinpe imelo topototo kolokano. Pɨ,ɨ,ɨ, ! Topototo tela tɨ,noponɨ, ema'i ! Weyu konotamitianon : « awu ne weyu palipe lo wa ! » « A'an, kinkano pepeito, weyu, palipe lo ma na weyu amolo 'lo ! »",Femme,812.5203786763298,1203.8579623950313,26.49030800821355,85.62360027378509,1
461,kallawaya,Bolivia,-68.9942,-15.177457,https://atlas.lisn.upsaclay.fr/sounds/kallawaya.mp3,"Saquwan nukiwan thujispa ruk'anakusqanku, jikumanta suuntinkumanta khiinakusqaku khiirutaq acharqan tiqisniyuj. Chaysi kutipi uksi qhuchañitu k'atu sajsuyuj achasqa. Jikumanta khiinakusqaku, uksikajpaj sajsun patiqarqusqa chaysi qhuchañitupaj, jikumanta achasqa uwaru tiqisniyuj. Ajikumanta, saq'uqa qhuchasqa phiraj tutu tiqiswan, khii k'umaymanta llalli tiqiswan phirasqa, jikupitaj qhuchañituqa itiykusqa sajsuntaqa uu yujarispa saqu pasninankama. Jikumanta nukiqa qhurasqa llallimanta ithintin tiqisninwan. Jikumanta, nukiqa qhuchasqa ithintin tiqisninwan. Ajikupitaj ithi ikqayninwan qhuchañituqa sajsuntaqa ikaqarqukusqa. Ajikumanta saq'uqa khiisqa chuuyki pitipi khatapisqa achanki nuki.",Homme,643.963925056325,1083.8527571228476,13.713641341546886,81.39357973990418,0
462,kariri-xocó,AG,-36.837806,-10.186479,https://atlas.lisn.upsaclay.fr/sounds/kariri-xoco.mp3,"Ay manuçy sul andé ay hiaydé peletó adjé ayby wachany wycri ay nerú crody, perety tçohoclyá bihé eriworé hó bihé crutebó. Yahé uby, nusiá dó hohó dó bihé nyoã aycrody eriworé ay babae ay crutebó urody dzeá nerú crody. Ay manuçy sul bãrãbãrã upuh sembohó buyõ crody nerú sodeyô nerú upuh, Nerú eriworé se sebeã anrã aedzé crutebó, diklihó dó manuçy sul biriri. Hiaydé dzodzó doró sembohó cribune crodyyeá , andé kananekié ay eriworé babae crutebó. Manuçy sul eykó moró ayby ubeté ybaechy ayby hiaydé.",Femme,675.7181116714138,747.8135991076424,26.583586584531144,71.931916495551,1
463,Kashubian,EU,18.518044,54.524954,https://atlas.lisn.upsaclay.fr/sounds/Gdynia_Kashubian.mp3,"Nordovi Vjater a Słúńce sã sztridovalë, chto bë mòcnjészi béł, kjéj jeden vanoga przeszed mjimò, zavjiti v cepłi mańtel. Ti sã pòradzëlë, co ten, chto bë pjerszi móg tak zrobjic, że nen vanoga bë svój mańtel zeblék, ten bë dokôzôł, że je mòcnjészi jak ten drëgji. A téj Nordovi Vjater dmùch tak mòcno jak won le móg, ale czim vjicé dmùchôł, tim vjedno casnjé nen vanoga zavjił svój mańtel vkół se; ë na wostatk Nordovi Vjater sã wobdôł a njechôł próbë. Téj Słúńce vësvjécëło ceplëchno ë zarô ten vanoga sjimnõł svój mańtel. Tak Nordovi Vjater mùsził przësvjadczëc, że Słúńce bëło mòcnjészé jak won.",Homme,703.2065718548636,1346.9628010583417,9.33990417522245,82.70360711841205,0
464,Kellinghusen,Deutschland_SH,9.716666221618652,53.95000076293945,https://atlas.lisn.upsaclay.fr/sounds/Kellinghusen.mp3,"Eens streden sik de Noordwind un de Sünn, wer woll een sems de Stärkere wörr, als een Wanderer, de en warm Mantel insleit wörr, de Weg langkömmt. Se wörrn sik eens, dat dejenige von sems twee de Stärkere sien schull, de den Wanderer dorto bringt, sien Mantel uttutrecken. De Noordwind puust und puust mit alle Macht, ober je döller he pusten deit, je döller dreiht sik de Wanderer in sien Mantel in. No einiger Tiet gifft de Wanderer[sic!] sien Kampf op. Von nu an warmt de Sünn mit ehr fründlichen Strohlen de Luft jümmer mehr un na ein Wiel treckt de Wanderer sien Mantel ut. Nu müsst de Noordwind togeben, dat de Sünn von de twee de Stärkere wörr.",Femme,578.3591565073525,1164.7547573780546,9.797809719370294,84.46609856262833,0
465,Kelmis,Belgique,6.031286,50.708907,https://atlas.lisn.upsaclay.fr/sounds/Kelmis.mp3,"De Biis än de Zon haue Schtriit : alebéj woole ze der Schtärekste zie. Du zoore ze ene Wanderer, dä é zinge Överrok äjewékelt vöraa jong. Ze woete zech éénech, dat däjéneje, dä der Wanderer dä Mantel kös aafriite, als Schtärekste wöet aajezie. Du bloos de Biis ömer schtäreker, ezö schtrang, wi ze kos, mär däste mie trook der Wanderer zinge Mantel vaas öm-e Liif, bés dat de Biis op et Létsten-aa jaar néét mie probiede, em däm aaftetréke. Du schään de Zon ömer schtäreker, än no en jewése Tiit dong der Wanderer, dä te wäärem krääch, der Mantel ut. Ezö mos de Biis äzie, dat de Zon et Schtärekste woor.",Femme,761.8032170589389,1615.8467498942255,9.366509240246407,83.56731690622861,0
466,kibushi,OI,45.10601,-12.955851,https://atlas.lisn.upsaclay.fr/sounds/kibushi.mp3,"Tsiku ndreka zuva niankani, kula holu nambela amba izi ro maheri. Lera reu nahita ampileyi miteki ndreka kotri nazi. Dzeri dreu ni areki, ni kuafikiana reu, amba holu aluha mbuahaleu adatsaka kotri ni ampileyi inyi ro maheri. Eu, tsiku naresika suafi ndreka nyuvu nazi djabi be kula izi mareseka mare ampileyi inyi na?udi mitana kotri nazi farani tsiku vahaou namosutru.  Eu, zuva nitaponu mipiyaka ata tuga mahala ampileyi, inyi mayevuku, nantsoka kotri nazi izi. Navi, amba tsiku nikubali amba zuva ro maheri ani reu ro royi.",Femme,609.5145027692225,977.1487216108728,27.10481177275838,75.76500342231348,1
467,Kiel,Deutschland,10.133333206176758,54.31666564941406,https://atlas.lisn.upsaclay.fr/sounds/Kiel.mp3,"Do hebbt sik mol de Noordenwind un de Sünn dat Strieden kreegen, keen von jüm de meersten Knööv harr. Jüs do köm 'n Wannersmann in recht so'n dicken, warm Mantel den Weg hindaal. Se ward sik eens, dat de de gröttsten Knööv harr, de den Mann dorto kreegt den Övertrecker uttotrecken. Nu fangt de Noordenwind an to puusen so dull as he man eben kann, man je duller dat he puusen deit, je duller teck de Kierl den Mantel fast an't Lief. Do hett de Noordenwind opgeben. Nu hett de Sünn mit ehr fündliche Strahlen de Luft warm mokt un dat durt nich lang un de Kierl treck sien Mantel ut. Do müss de Noordenwind lütt bi geben, de Sünn harr doch de grötteren Knööv.",Femme,680.8060163908822,1044.684614780113,10.025852156057494,85.17136892539357,0
468,Kinrooi,Belgique,5.741262,51.145666,https://atlas.lisn.upsaclay.fr/sounds/Kinrooi.mp3,"De noorderwindj enne zón woere aan 't bekvechte waem de sterkste waas van hun twieë. Zjust op det moment kwaam do eine reiziger aan dae geklèdj waas in ne werme jas. Ze kwomen euverein det dae, dae 't ieëst in zouw slage det dae reiziger zich ziene jas oet zouw trèkke, de sterkste zou zeen. De noorderwindj begos oet alle macht te blaoze, mer wiej heller datter bloos, deste dichter troch dae reiziger dae jas óm zich haer, en t'n langen lèste gaaf de noorderwindj 't op. Daonao begos de zón sterk te sjeene en hie-op troch dae reiziger drek ziene jas oet. De noorderwindj mós dus waal bekinne det van hun twieë de zón 't sterkste waas.",Femme,700.2151832276801,1409.5530445054521,11.393237508555783,79.45043121149898,0
469,kirundi,Africa,29.35821132107237,-3.364267659192645,https://atlas.lisn.upsaclay.fr/sounds/kirundi.mp3,"Umuyaga n'izuba vyarahaririye, kimwe cose kikiyemeza ko gisumvya inguvu ikindi. Ni ho vyahura n'umuntu arengana yiyambariye ikoti ndende. Bisezerana ko uwuzoshobora kwambura uwo muntu iyo koti yiwe ari we azoba asumvya inguvu uwundi. Bidatevye umuyaga utangura guhuhuta n'inguvu nyinshi, ariko uko uhuhuta cane ni ko wa muntu nyene ikoti yarushirizaho kuyiyegereza. Vyatevye, wa muyaga uraheba kubandanya uyimwambura. Niho rero izuba na ryo ryaca ritangura kwaka maze haciye igihe, wa muntu yumva arashuhiwe cane, aca ashima kwiyambura ya koti we nyene. Uko ni ko umuyaga wemeye ko izuba ari ryo riwusumvya inguvu.",Homme,608.1930705963964,1401.0064267422395,21.012238193018483,73.60830937713895,0
470,Klagenfurt,Allemagne,14.305716,46.626875,https://atlas.lisn.upsaclay.fr/sounds/Klagenfurt.mp3,"A Liafterl und de Sun ho'm se gstrittn und a jeda hot gmaant dos er da Stärkste warad. Auf aamoil ho'ms an Maun mit an Montl daher-kuma gsegn. De zwa ho'm sofort gwust, das der gwinan wird und der nochand der Stärkste warad, der wos es schoft das der Maun sein Montl ausziagt. Nochand hot da Wind augfonga so stork zu weh'n, oba je mehr dos er gwaht ho't umso mehr ho‘t da Maun versuacht den Montl aussi zu reiss'n. Zam Schluss ho't da Wind oba aufgeb'n und so hot'a ihm den Montl ausziagn los'n. Nochan hot de Sun augfungan aussa zu kuman und da Maun ho't nocha au'gfongan sich den Montl auszuziagn. Da Wind ho't holt nochan gseg'n das de Sun a'foch stärker is als da Wind.",Femme,769.6740894963089,1627.4095954589382,8.16551676933607,82.2074674880219,0
471,Klein Rheide,Deutschland_SH,9.483333587646484,54.45000076293945,https://atlas.lisn.upsaclay.fr/sounds/Klein_Rheide.mp3,"De Noordwind und de Sünn harrn sik mol bannig vertöörnt wer von de beiden wohl de mit de meiste Knööv weer. Do keem op eenmool een Tofootlööper langs de Weg, de een warme Mantel an harr. Wer dat torecht keeg, dat he sien Mantel uttrecken deit, schall von uns beiden de mit de meiste Knööv sien. De Noordwind fung ok al tüchtig an to blosen, aber je düller he bloos, desto düller treck de Tofootlööper sien Mantel üm sik rüm. ""Ha puuh, dat krieg i' nich torecht"", see de Noordwind. Nu wär de Sünn an de Reeg. De warm fründlichen Sünnstrohlen mokten den Mann düchtig sweiten un he truck fort sien Mantel ut. Do musse de Noordwind togeben, dat de Süün wonn harr. Se weer de mit de meiste Knööv.",Femme,581.8067002418746,1276.1291672935977,9.89690622861054,85.5415537303217,0
472,Klein-Henstedt,Deutschland_OF,8.55186434830329,52.96417213521221,https://atlas.lisn.upsaclay.fr/sounds/Klein-Henstedt.mp3,"Vör enige Tiet harrn sik mol Noordwind un Sünn in'e Plünnen. Se streevden sik, wer vun ehr woll de meisten Knööv harr. Do leep de beiden en Wannerer övern Padd. De harr en onnich warmen Mantel an. Se enigen sik dorop, dat dejenige, de dat henkreeg, dat de Wannerer sien Mantel uttrecken dee, de mit de meisten Knööv weer. De Noordwind bloosde so dull as he man kunn. Aver je duller he bloos, umso fasser wickelde sik de Wannerer den Mantel um sien Liev. Tolest geev de Noordwind op. Nu schien de Sünn mooi un warmde de Luft ganz wunnerbor. Dat duurde nich lang, un de Wannerer toog sien Mantel ut. Do moss de Noordwind togeven, dat de Sünn doch woll de meisten Knööv vun ehr harr. Se harr den Wettstriet wunnen.",Femme,762.0262556783406,1105.621309407361,10.297898699520875,83.78291581108829,0
473,Klinkrade,Deutschland_SH,10.550000190734863,53.71666717529297,https://atlas.lisn.upsaclay.fr/sounds/Klinkrade20.mp3,"v20       v36     Dat geev een Tiet da harr de Noordwind und de Sünn Striet. Dat güng dorüm, wer von de beiden de Stärkste weur. Do keem een Wannersmann op tau, de harr 'n warm Mantel an. De Striethammels moken af, dat de de Boss warden schull, de dat schaffen kunn, dat de Wannersmann sien Mantel uttrecken dee. De Noordwind versökt dat toeerst. He puust so dull as he kunn, man je duller he puust, je faster wickel de Mann sien Mantel üm sik. Dor müss de Noordwind opgeben. Nun woor de Sünn anner Reeg. Se bruk blos ehr warm Strahlen op de Eer to schicken un dat duert nich lang, do trock de Wannersmann sien warm Mantel ut. De Noordwind müss nu inseihn, dat de Sünn de Stärkste von de beiden weur.      Eenst harrn de Sünn un de Noordwind Striet darüm, werkeen von de beeden woll de Stärkste weer. Do keem een Wannersmann vörbi, de een warm Mantel an harr. Se enigen sik, dat de Stärkste wesen schull, de dat trech kreg, dat de Wannersmann sien Mandel afleggt. De Noordwind füng mächtig an to pusten, öber je duller he pust, ümso mehr pack sik de Wannersmann in sien warm Mantel in. Toletzt geev de Noordwind den Striet up. Nu keem de Sünn un warmt de Luft mit ehrn fründlich Lüchen und al na'n korte Tied tröck de Wannersmann sien Mantel ut. Nu müss de Noordwind togeben, dat de Sünn de Stärkste von de beeden weer.",Femme,685.1673844743791,1486.0489629151728,9.945290896646133,82.98971937029431,0
474,Klosters,Suisse,9.882028,46.868672,https://atlas.lisn.upsaclay.fr/sounds/CH_Nordwind_Klosters.mp3,"Där Luft väm Noorden und d Sunnä — Es Taggsch häind schich au ä maal där Luft väm Noorden und d Sunnä gschtritten, wäär vän irnä beedän wool der Schtèrcher siiji, wo duä grad ä Wandersmaan, im änä waarmän Tschoopän iingepackt, z Wäg härä choon ischt. Schii sind schich äis choon, dass der säbjeenig für dä Schtèrcher gältä sölli, wa där Wandersmaan zwingän tèchi, schiin Tschoopän abzzüchän. Däär Luft väm Noorden gäblaasen hed mit all schiirä Chraft, aber je mee är gäblaasän hed, deschto schtèrchär hed schich där Wandersmaan i schiin Tschoopän iingäpackt. Duä hed entli där Luft väm Noorden schin Champf uufggään. Etzä hed d Sunnä mit irnä fründlichä Schtraalen d Luft ärwaarmät. Und schoo na mä Mämänt hed där Wandersmaan dän Tschoopän abgäzochän. Duä hed där Luft väm Noorden zuägää müässän, dass d Sunnä von irnän beedän der Schtèrchär siiji.",Homme,794.9699622553635,1428.268835829233,2.674243668720055,83.4673853524983,1
475,Kollmar,Deutschland_SH,9.5,53.73333358764648,https://atlas.lisn.upsaclay.fr/sounds/Kollmar.mp3,"Eenmol streden sik de Noordwind un de Sünn wer woll de Starkere von de beiden ween kunn. As in denn Momang een Wannersmann mit een warm Mantel an den Weg lang keem. De beiden worrn sik enig, dat de as de starkere gelln schull, de den Wannersmann zwingen wörr sien Mantel uttotrecken. De Noordwind bloos mit alle Gewalt, aber je duller he blosen dei, desto faster trock de Wannersmann den Mantel üm sien Lief. Opletzt geev de Noordwind op. Nun warmte de Sünn de Luft mit ehre fründlichen Strohlen un schon na ganz kotte Tiet trock de Wannersmann den Mantel ut. Do müss de Noordwind togeben dat de Sünn von de beiden de Starkere weer.",Homme,680.2959906078503,1427.499796433491,10.09347022587269,84.2082340862423,0
476,koreguaje,AG,-75.50672429412793,1.2903968714109837,https://atlas.lisn.upsaclay.fr/sounds/koreguaje.mp3,"Ʉkʉarʉmʉ jeremʉ paniasome ʉ̃sʉʉname tutuʉ̃. Ina repanaamasichete chooñañʉ̃ chinichoosome. Tʉiro miikʉpi repa masiʉ konʉ̃kache paniasomʉ. Tutuʉpi repacharo bʉaasomʉ reapʉ choobebiasomʉ. Jutuʉjekʉ repaʉ tubʉpi choomisa chiniasumʉ chooto, ʉkua kʉaasomʉ chʉratani ʉ̃sʉpi asʉ bʉakʉasomʉ, asʉ̃ kajejanisoʉna reparo tuiro chẽasikʉ jñasouna repaʉ,ʉ̃sʉʉpi mosiʉ kanʉkaasomʉ.",Homme,522.9047745604535,628.0985481879459,22.754202600958248,86.79818617385352,0
477,Kortessem,Belgique,5.389470579129686,50.858469130915246,https://atlas.lisn.upsaclay.fr/sounds/Kortessem.mp3,"De bijs en de zon worre treuver aon 't disketere wéë de sterkste wes van hun twieë. Djus op da moment kump doùë ne vwajazjùir door bè nen dikke pit aon. Ze kúume euvereen dat déë wo 't joste teveur kò's zörge dat déë vwajazjùir z'ne pit óuttrok, de sterkste wes. De bijs begò's zoe fel aster kò's te bloöze, ma wéi feller 'ter bló'sde wéi feller dat déë vwajazjùir z'ne pit tôutrok. Op d'ein goöf de bijs het op. Doenoù begò's de zon heil fel te sjijne en doùbij trok de vwajazjùir drek z'ne pit óut. De bijs mó's toen waol tôugeëve dat van hun twieë de zon de sterkste wes.",Femme,639.5282246003339,1115.6418243746682,11.393237508555783,79.45043121149898,0
478,Kortrijk,Belgique,3.261448,50.82445,https://atlas.lisn.upsaclay.fr/sounds/Kortrijk.mp3,"De wind uit tnoorden en de zunne woaren ant discussiëren wie der de sterksten wos. Just ip da moment kwamter nen reiziger voorbie mè n dikke veste an. Ze kwamen overjen dat n dien die der in ging sloagen om zijn veste of te kriggen de sterksten wos. De wind uit tnoorden begon keihard te bloazen mo oe arder dat ie blies, oe mjer dat da vintje zin veste toe deed, en ten lange latste gaf de wind 't ip. Ton begon de zunne hard te skinnen en den reiziger dé direct zin veste of. De wind uit tnoorden moest ton toegeven dat de zunne wel de sterkste wos.",Homme,716.7393069587415,1580.0565708271768,11.390937713894592,83.40494866529774,0
479,Krapkowice,Deutschland,17.96571721572577,50.47492932687199,https://atlas.lisn.upsaclay.fr/sounds/Krapkowice.mp3,"Pōłnocni wiater a klara wadziyli se, chtori ś nich je silniyjszi, kej prawie szosejōm szoł wandrus ôbleczōni w ciepłi mantel. Uznali ôba, iże tyn, chtori piyrszi zmusi wandrusa do tygo, coby se seblyk, tyn baje uwŏżani za silniyjszygo. Pōłnocni wiater zaczōn wiŏć z cołky siły, nale czim barzij wioł, tim barzij wandrus ôbabulōł se w mantel. Yntlich pōłnocni wiater to smolōł. Wtynczŏs klara napoczła grzŏć, a chwilam niyskorzij wandrus seblyk mantel. Tōż pōłnocni wiater musioł uznać, iże klara silniyjszŏ ś nich je dwōch.",Homme,803.916104244105,1629.2426999534264,9.832094455852156,78.3515537303217,0
481,Kven,EU,25.566559,70.317663,https://atlas.lisn.upsaclay.fr/sounds/Borselv_Kven.mp3,Pohjaistuuli ja aurinko puhuthiin yks päivä sen ympäri ette kumpi heistä oli lujjiin ko het nähthiin reisumiehen joka meni sivvu ja jolla oli raskas kaapu päälä. Het päätethiin ette se kuka ensisti jaksaa saaha häneltä kaavun pois päältä oon lujjiin. Pohjaistuuli puhalsi kovin ja mitä enämen hän puhalsi sen enämen mies pani kaavun niin ette tyhä nokka ja silmät nävythiin. Niin lopuksi pohjaistuuli riepu piti anttaat ylös. Silloin aurinko alkoi paistahan kaikkiin lämpimiimmin ja reisumies pani kaavun varsin pois. Sillä laila pohjaistuulela oli pakko myönttäät ette aurinko oli heistä lujjiin.,Homme,564.580853048533,546.3684293512749,1.1901984941820671,90.20196440793977,1
482,kwényï,NCWF,167.48088,-22.607984,https://atlas.lisn.upsaclay.fr/sounds/kwenyi.mp3,"Nyii mô kwié nââ vùtrùù. Taaxé nîîê ngênîînêê yi bwa mwîîê gètéé taaxé. Nââ ngê tôâ taa xèxùù na yi vê bwè nââ iévititéé mô taa paleto. Nâdré dètaa vïï wê ngênîînêê : xéé ngê mi yuxërë paleto i a mMwîî gètéé tââ. Awé, kwié vùcë a yi ro ûûê amwîîê. Nâ yi ûû amwîîê, tââ ê kâ dë travùù amwîîê paleto. kwié vùce a yi ro nîîê ngênînêê : “ci nâ go me yuxërë paleto tââê“. Awé, nyié vùcë a yi ro tréé kôtriié. Tââê ngênyikaaré, tââê itââ ro tréé kôméé. Itââ ngê yuxërë paletoé itââ, Awé kwié vùcë a yi ro trôngêrê ngênînêê nyii bwa a mwîî gètééré.",Homme,836.4010420883776,1588.0691856311014,24.176105407255307,78.27711841204653,0
483,L'Aínsa,Espagne,0.139517,42.415038,https://atlas.lisn.upsaclay.fr/sounds/L_Ainsa.mp3,"O Viento Norte y o Sol porfiaban en cuál d'os dos yera o más fuerte, cuan enzertó a pasar-ie un viachero envolicau en una ampla capa. Convenión en que qui antes aconseguise obligar a lo viachero a sacar-se a capa sería considerau o más poderoso. O Viento Norte bufó con gran furia, pero cuanto más bufaba, más se rebullaba en a suya capa o viachero; a la fin o Viento Norte deixó de bufar. Allora briló o Sol con rasmia, y a l'inte s'espulló d'a suya capa o viachero. Asinas que o Viento Norte tenió que reconoixer a superioridat d'o Sol.",Homme,780.4855260315893,1445.2324230566896,9.811362080766598,72.08183436002737,0
484,L'Épine,France,-2.2667,46.9833,https://atlas.lisn.upsaclay.fr/sounds/L'Epine.mp3,"Lés vents de nordét é pi le soulall étiant en traen de s'entrprendre, çh'étét a çhàu qu'arét étai le pu fort, quant al avant vu in voeyajheùr qui venét entoupai den sà mantér. A s'avant mi d'assent, çhàu qui ferét le prmér halér sà mantér ou voeyajheùr serét çhàu qui serét le pu fort. Alore lés vents de nordét s'avant mi a bufér a totes lus forces mé pu a bufiant pu le voeyajheùr agripounét sà mantér su li é pi a force lés vents de nordét avant pa misit assoe a le faere décapelér. Alore le soulall at quemençai a trlusér é pi ou bout d'in moument, le voeyajheùr, achalai, at décapelai. Çh'ét de ménme que lés vents de nordét avant étai obllijhës de recounoetre que le soulall étét le pu fort de lentreùs deùs.",Femme,588.3852615626777,760.1572946044255,14.155961670088981,82.43132785763176,0
485,L'Isle-sur-le-Doubs,France,6.5869,47.4486,https://atlas.lisn.upsaclay.fr/sounds/L'Isle-sur-le-Doubs.mp3,"Lai bise et le soureil se disputïnt, tchécun assurant qu'èl était lou pus fô, quand els ant vu ïn voiyaidgu qui s'aivançait, env'loppè dans son manté. Es sont tchu d'aiccord que c'tu qu'airriveré lou premie è faire ôtaie son manté â voiyaidgu, seré voétie c'ment lou pus fô. Alors, lai bise s'ât mis è sôffiaie de toute sai force mais pus elle sôffié pus lou voiyadgeur serré son manté alentou d' lu ; è lai fïn, lai bise é renoncè è lu faire ôtaie. Alors, lou soureil é c'mencie è braiyie et â bout d'ïn môment, le voiyadgu, rétchâffè, é ôtè son manté. Ainsi, lai bise é dû r'cognâtre que lou soureil était lou pus fort des dous.",Homme,600.203297603118,1391.8347284719662,10.195119780971936,80.4245516769336,0
486,La Bazoche-Gouet,France,0.9789544171341416,48.140383411444354,https://atlas.lisn.upsaclay.fr/sounds/La_Bazoche-Gouet.mp3,"Lâ Galerne et l'souleï y s'accrochins, tou deu acertainant qu'il t'ain l'pu for, quan qu'y n'ont vu eun accouru qui s'apperchin bein embobliné en son houbile. Y s'accordins que c'ti-là qui f'ra arrouter son houbile à l'accouru l'permier aurait l'audivis. Heulà ! V'lâ ti pas qu'lâ Galerne s'arquillonne. Mais pu qu'a ventin, pu qu'l'accouru s'accrochtin à son houbile. Ça abouti qu'lâ Galerne décrépitée a l'laissa sauvé. Alors, l'Souleï y béluetti et beintôt l'accouru tout écalé arrouta son houbile. Adoncques, lâ Galerne a bein du aploner qu'eul Souleï avin l'audivis.",Femme,590.0959729716424,1130.6013773505858,12.21066392881588,79.10355920602328,0
487,La Brigue,France,7.615865,44.062878,https://atlas.lisn.upsaclay.fr/sounds/La_Brigue.mp3,"A binda e'r sùu s'rüsàvu, ognün dighend chë l'era 'r ciü fort, quand li han vist spuntàa 'n viagiaùu, tapà 'n l'se mantèe. Li së sun missi d'acördi chë quée di düi chë sërìa avü bon a fàa lëvàa 'r mantèe ar viagiaùu sërìa 'r ciü fort. Alura a binda la s'é messa a sciusciàa fin chë la puress ma ar mai la sciusciava, ar mai 'r viagiaùu së strëgnìa 'r mantèe 'nturn, ch'aa fin, a binda la ha pers passiensa. L'é lì ch'ër sùu 'r s'é mes a lüjìi e dopu 'n mument, ër viagiaùu, rëscaudà, ër s'é lëvà 'r mantèe. E alura a binda la ha rëcunusciü ch'ër sùu l'era 'r ciü fort di tüti i düi.",Homme,756.5048254895843,1453.4617135399933,12.37700205338809,68.99560574948666,0
488,La Bruyère,France,6.4833,47.8333,https://atlas.lisn.upsaclay.fr/sounds/La_Bruyere.mp3,"Lai bije et pus lo s'reuil s'rédint, chacûnne achurant qu'èl était l'pus fô, quand ès ant vu in vouèyajou que s'avançait, onrouchi dans son mantè. Ès sont aivus d'aiccôd què c'tu què f'rait reûtaie lo premè son mantè y vouèyajou s'rait ravâti c'ment l'pus fô. Di cœup, lai bije s'è botè è soffiaie de tote sai fôche, mais pus elle soffiait, pus lo vouèyajou serrait son mantè chu lu, et pus, po finir, lai bije è r'noncè è y fâre reûtaie. Di cœup lo s'reuil è c'mencie è briquaie, et, i bout d'in meûmant, lo vouèyajou, réchôfé, è reûtè son mantè. Din-nai, lai bije è r'quégnètu què lo s'reuil était lo pus fô des dous.",Homme,658.8388892306799,1181.0214289055198,10.561156741957564,80.96200547570157,0
489,La Celle-Dunoise,Croissant,1.770392,46.31007,https://atlas.lisn.upsaclay.fr/sounds/La_Celle-Dunoise.mp3,"La bise e le solelh se disputavan, chascun assurave qu'eu ère le pus fòrt, quand ilhs an veiut un voiatgeur que s'avançave, envelopat dins son mantiau. Ilhs tombèren d'acòrd que queu-qui qu'arriví le promier a faire ostar son mantiau sirí geitat come le pus fòrt. Alòr la bise s'es mese a sofiar de tote sa fòrce, mès pus ale sofiave, e pus le voiatjeur sarrave son mantiau autorn de lu. A la fin, la bise a renonçat a lhi le faire ostar. Alòr le solelh a començat a brilhar, e au bot d'un moment, le voiatgeur, reschaufat, a ostat son mantiau. Come qua la bise degèt reconeistre que le solelh ère le pus fòrt de los dos.",Homme,535.258474563208,1037.3300963446065,12.38302532511978,77.88772073921972,0
490,La Chaize-le-Vicomte,France,-1.291111,46.672778,https://atlas.lisn.upsaclay.fr/sounds/La_Chaize-le-Vicomte.mp3,"L'ébisall é le soulall se ticougniant, raport que chaquin açartenét que l'étét le pu fort, quant le visirant in veyajhour qui s'en venét encapilotai den sun mantea. Le vénghirant d'assent que çhàu qu'ariverét le prmàe a faere outàe sun mantea au veyajhour serét argardai queme le pu fort. Aleùre, l'ébisall se metit apràe de bufàe a sés forces, mé mae le bufét, mae le veyajhour sarallét sun mantea entor de li é pr finir, l'ébisall renuncit a li faere outàe. A çhau moument, le soulall coumencit a trlusàe é pr enpràe, le veyajhour ben achalai outit sun mantea. Ol ét de ménme que l'ébisall devit aqueneùtre que le soulall étét le pu fort daus deùs.",Homme,749.728149983405,1436.9462991432893,13.57318275154004,79.34905544147844,0
491,La Châtre-Langlin,Croissant,1.389471,46.409497,https://atlas.lisn.upsaclay.fr/sounds/La_Chatre-Langlin.mp3,"graphie classiquegraphie oïlisanteLe solelh e pus la bise ilhs se disputián per saver qui qu'o ateu le pus fòrt de lheus deus, quand qu'ilhs veuguián arruvar un voaiageur afublhat d'un mantèl. Ilhs tombián d'acòrd per dire que le pus fòrt o sereu quèl-qui qu'au z-arruvereu a faire pausar le mantèl au voaiageur. Alòrs la bise ale se metit a bofar de totes ses fòrces, mai pus ale bofeu e pus le voiageur au sarreu son mantèl autorn de lu ; ça fai qu'a la fin ale renoncit a lhi faire ostar. Alòrs le solelh au quemincit a raiar e au bot d'un moment, le voaiageur, reschaufat, au z-ostit son mantèl. Dau còp, la bise ale seuguit oblijade de reconaite que le pus fòrt o ateu le solelh. Le sleuil et pu la bise i s'disputiant peur savère qui coiteu le pu fort de yeu deux quan qui veuguiant arruva un voyageur affubia d'un mantai. I tombiant d'accord peur dire que le pu fort ou s'reu kaiki co arruvreu a fère posa le mantai au voyageur. Alors la bise al s'mti a bouffa de toutes sé forces mé pu al bouffeu pu le voyageur o sarreu son mantai autour de lu ; sa fé ca la fin al r'noncyi a yi fère ôta. Alors le s'leuil o qu'minci a raya et au bout d'un moument le voyageur réchauffa o zoti son mantai. Do co la bise al seugui obligeade de r'counnaite que le pu fort ouateu le sleuil.",Femme,543.3301371668206,980.9792573975578,12.83693360711841,77.59906228610541,0
492,La Hague,France,-1.931414,49.712234,https://atlas.lisn.upsaclay.fr/sounds/La_Hague.mp3,"Le vent freid et le solé avaient du brit, chaqueun disaunt qu'il était le pus fort quaund i vîtent eun houme à pyid qu'arrivait annichi dauns sen maunté. I se mîntent d'accord que le syin qu'arriverait le prémyi à faire se dévêti de sen maunté l'houme serait considéraé coume le pus fort. Alors le vent freid se mint à soufflaer de toutes ses forches. Mais, pus i souffllait, pus l'houme froumait sen manté alentou de li et à la fin le vent freid arnounchit  à li faire décapelaer. Alors, le solé commenchit à se mountraer, et ou bout d'eun moment l'houme, récâoffaé, se dévêtit de sen maunté. Inchin le vent freid deut recounnaîte que le solé était le pus fort de leus déeus.",Homme,665.5159712266965,1511.681361544469,12.948767967145791,83.07023271731691,0
493,La Loupe,France,1.0192812827712627,48.47474093211542,https://atlas.lisn.upsaclay.fr/sounds/La_Loupe.mp3,"La foudre et l'soulé s'questionnint, tou deéx acertainant qu'il était l'pu fo, quan il ont apercieuvi eun horsain qu'o apperchait, atauré dein saon houbile. Il topirent quo l'promié vnu en d'cas d'faire arrouter saon houbile ao l'horsain s'rait sourgé comm' l'pu fo. Et d'bédée, la foudre jonflit berdi-berda, ma pu e radoublait, pu l'horsain s'ramoussinait dein ses hardes sû ly et met'huis, la foudre a rfusé d'ly faire ataurer. Precimi, l'soulé béluettit et bentôt, l'horsain échalé a arrouté ses hardes. Adoncques, la foudre a deu aploner quo l'soulé était l'pu fo des deéx.",Homme,687.3679680905282,1428.1448824755184,11.67501711156742,80.25556468172485,0
494,La Louvière,Belgique,4.185178,50.475186,https://atlas.lisn.upsaclay.fr/sounds/La_Louviere.mp3,"Èl bîje èyèt l' solèy ès' chamayin'tè ; chaquènun prétindoût qu'il-ît l' pus foûrt... quand il-ont vu in voyadjeû qui s'amin.noût, infardèlè dins s' pal'tot. Il-ont tcheûd d'acoûrd què l' cîn qui ariv'roût l' preumîn a fé r'saquî s' pal'tot ô voyadjeû s'roût raguidè come èl pus foûrt. Adon l' bîje s'a mis a chuflér fèl, mès ô pus' qu'èle chufloût, ô pus' què l' voyadjeû r'sèroût s' pal'tot alintoûr dè li, èy ô d'bout du conte, èl bîje a r'noncî a li fé r'saquî. Adon l' solèy s'a mis a blakî, èy ô d'bout d'in momint, èl voyadjêu, rinscôfè, a r'saquî s' pal'tot. Linsi l' bîje a d'vu r'counwate què l' solèy ît l' pus foûrt dès deûs.",Homme,586.9423258736781,1707.5538334254413,10.816584531143054,82.7822997946612,0
495,La Roche-en-Ardenne,Belgique,5.576409,50.181335,https://atlas.lisn.upsaclay.fr/sounds/La_Roche-en-Ardenne.mp3,"Li bîje èt l' solo s' margayint tofèr, chaconke acèrtineût k'il èsteût pus fwart ki l'ôte. Cwand il ont vèyou on robaleû k'ariveût, rafûlé dins s' paltot, il ont topé la ki l' prumî k'arivreût a lî fé rtirer, ça sèreût cila l' pus fwart. Ça fêt ki l'êr di bîje s' a mètou a chofler tant k'èle pleût, mins â pus' k'èle chofleût, â pus' ki l' robaleû rsèreût s' paltot âtoû d' lu. Al fin, lî a bin falou abandner l'îdèye d' lî fé rtirer. Adon, l' solo s'a mètou a toker èt, après on momint, li robaleû, tot rèchandi, rsètcha s' paltot. C'è-st-insi ki l' bîje a bin dvou ricnoche ki l'solo èsteût l' pus fwart dès deûs.",Homme,1135.902530212975,1471.9587987753303,9.65893223819302,83.27346338124572,0
496,Labaroche,France,7.19442,48.11155,https://atlas.lisn.upsaclay.fr/sounds/Labaroche.mp3,"Lè bich èko lo slo sé tchikanan, tchèki mèyntnau k'él ir lo pu fo, kat é vèyenn inn vouyèdjou k'vnau dwa rauw, èrondi da so mantéy. É s'èkodenn po dir ké séy k'djoyrau, lo perméy, dé fèr tiri bè so mantéy o vouyèdjou srau spi iñak lo pu fo. Tsu sla lè bich sé bote è sofè dé tortot sè foch mè è pu k'èl sofau, è pu k'lo vouyèdjou sarau so mantéy è lè rond dé lu è, è lè fi, lè bich èbandne dé vlu li fèr tiri bè. Alaur lo slo èanntche è luji è o bou d'inn moma, lo vouyèdjou, rèchaufi, tire bè so mantéy. S'a diña k'falauw k'lè bich érknachess k'lo slo ir lo pu fo dé douss.",Homme,797.5662810595319,1597.4489981082302,10.99009582477755,77.79122518822724,0
497,Laboule,France,4.169077,44.58693,https://atlas.lisn.upsaclay.fr/sounds/Laboule.mp3,"La bisa e le solelh se disputavon, chascun 'fortissant que z-èra le mai fòrt, quand veguèron un voiajaire que s'avançava, envolopat dins son mantèl. Se botèron d'acòrd qu'aquel qu'arribariá le pormèir de faire baujar son mantèl au voiajaire seriá 'spiat coma le mai fòrt. Alòr la bisa se botèt de bofar de tota sa fòrça, mas mai bofava, mai le voiajaire sarrava son mantèl autorn de z-elh, e a la fin, la bisa renoncèt de li faire baujar. Dau còp, le solelh comencèt de 'sclarar e au bot d'un moment, le voiajaire, 'schaufat, enlevèt son mantèl. Coma 'quò, la bisa deuguèt reconistre que le solelh z-èra le mai fòrt de los dos.",Homme,907.5400114862452,1312.8729332992204,12.786611909650926,71.99518138261465,0
498,Lajoux,Suisse,7.134459,47.278363,https://atlas.lisn.upsaclay.fr/sounds/Lajoux.mp3,"Lai bije èt le s'raye s' tchaimayïnt, tchétçhun aichuraint qu'èl était l' pus foûe, tiaind qu'èls aint vu ïn viaidgeou qu' s'aippretchait, envirtolè dains son mainté. Ès sont tchois d'aiccoûe que ç'tu qu'airriv'rait l' permie è faire è rôtaie son mainté â viaidgeou s'rait ravoétie c'ment l' pus foûe. Dâli, lai bije s'ât botè è tirie de tote sai foûeche mains pus èlle tirait, pus l' viaidgeou sèrrait son mainté âtoué d' lu èt pe en lai fïn, lai bije è aibaind'nè d' le lu faire è rôtaie. Dâli le s'raye è ècmencie de r'yure èt â bout d'ènne boussiatte, le viaidgeou, rétchâdè, è rôtè son mainté. Dïnche, lai bije è daivu r'coégnâtre qu' le s'raye était l' pus foûe des dous.",Femme,678.8170789114804,1543.118113342363,10.195119780971936,80.4245516769336,0
499,Lalizolle,Croissant,3.00139,46.157027,https://atlas.lisn.upsaclay.fr/sounds/Lalizolle.mp3,"La bisa e le solelh se disputavan. Chascun disiá qu'aul èra le pus fòrt. Quand elhs vegeton un voiajor que veniá, bien plijat dins son manteu, elhs son tombats d'acòrd : le promier que fariá dostar le manteu dau voiajor seriá vejut c'ma le pus fòrt. Alòrs la bisa s'es metuda a bofar dambe tota sa fòrça ; moai 'la bofava, moai le voiajor se sarrava dins son manteu e a la fin la bisa renoncièt de li foaire dostar. Alòrs le solelh a c'mmençat a raiar e au bot d'un m'ment, le voiajor, eschandit, a dostat son manteau. C'ma aquò la bisa a dut reconeistre que le solelh èra le pus fòrt daus dos.",Femme,627.9204064325044,1500.4639662960335,11.547987679671458,76.3529158110883,0
500,Lamstedt,Deutschland_OF,9.097010152281158,53.63354042605425,https://atlas.lisn.upsaclay.fr/sounds/Lamstedt.mp3,"Enmol harrn sik de noorden Wind un de Sünn in'e Plünnen, wecke vun de beid de Starkere wöör, as en Wannerer jüm in de Mööt kööm, de in en warm Mantel hüllt wöör. Se woren sik enig, dat de de Starkere ween schull, de den Wannerer dorto bringen kunn, sien Mantel uttotehn. De noorden Wind weer düchtig an 't Puusten, man je mehr he puust hett, desto faster hüll sik de Wannerer in sien Mantel. Toletzt geev de noorden Wind den Wettstriet op. Nu füng de Sünn an, de Luft mit jüm ehre fründlich Strahlen warm to maken un al na en poor Ogenblicken toog de Wannerer sien Mantel ut. Do müss de noorden Wind togeven, dat de Sünn vun jüm de Starkere wöör.",Femme,622.091221085619,1259.8782297193131,10.09347022587269,84.2082340862423,0
501,Landrichamps,France,4.829644,50.089604,https://atlas.lisn.upsaclay.fr/sounds/Landrichamps.mp3,"L' bije èt l' solia s' chamayint pou vèy l' ké k' astèt l' pus fwârt, cwand il ont vèyu in vwèyadjeû ki rotèt sul vôye, rèssèrè dans s' mantia. Il ont tchèyu d' acwârd pou sawè l' ké ki srèt l' prèmi capabe a fwêre satchî s' pèlrine au vwèyadjeû srèt vèyu come lu pus fwârt. Dabôrd, l' bîje choufla byin fwârt, mês pus èle chouflèt, pus l' ome rèssèrèt s' mantia sur lwi èt pou fini, l' bije a lèyî tchèy. Alôr ël solia a cmanci a rouji. Après kéké tins, l' vwèyadjeû a lêsi tchêre s' mantia, èt l' bije a rconu kë l' solia astèt l' pus fwârt.",Homme,650.9304740424276,1262.7537439589257,10.144277891854895,82.97253935660507,0
502,Langemark-Poelkapelle,Belgique,2.920345,50.913737,https://atlas.lisn.upsaclay.fr/sounds/Langemark-Poelkapelle.mp3,"De nooërderwind en de zunne woarn an 't discuteren over wie van unders tweeën dat er de sterkste was. Just op dat moment arriveert er doar e voyageur die een woarme frak an had. En ze kwamen overeeën. Dn eeësten die die voyageur zin frak kost doen ofdoen, dn dienen was de sterksten. De nooërderwind begust doar met al zin macht te bloazn, mor hoe harder datten blies, hoe meeër dat die voyageur zin frak toetrok. Ten lange leste moest de nooërderwind 't upgeevn. Dorachter begust de zunne vulle force te straaln. En wuk gebeurt er? De voyageur doet rechtuut zin frak of. En de nooörderwind moest wel toegeevn dat de zunne de sterkste van unders tweeën was.",Femme,633.1852812938245,1580.8458429305358,11.390937713894592,83.40494866529774,0
503,Lanklaar,Belgique,5.726093967047174,51.01884637720305,https://atlas.lisn.upsaclay.fr/sounds/Lanklaar.mp3,"De nvoorderwèndj en de zon woore ereuver aan 't disketere wae de sterkste waas van hun twieë. Zjus op dat moment kwaem ene reiziger aan dae waas gekleid èn ne werme jas en ze kweeme euverein det dae dae wot d'rèn zou lökke dae reiziger z'ne jas te doên oêttrèkke, de sterkste zou geacht weere. De noorderwèndj begos toen oet alle macht te blooëze me wei heller datter blooës deste dichter trok dae reiziger z'ne jas um zich heen. En te langen lèste goof de noorderwèndj het op. Daonao begon de zon sjterrek te straole en hei op trok de reiziger dadelek z'ne jas oêt. De noorderwèndj mos dus wel bekènne dat de zon van hun twieë de sterkste waas.",Femme,631.5288206494992,743.6472727875218,11.393237508555783,79.45043121149898,0
504,Lannion,France,-3.4667,48.7333,https://atlas.lisn.upsaclay.fr/sounds/Lannion.mp3,"Tabut a oa savet etre an avel-viz hag an heol, pep hini o lakaat da wir e oa an tu kreñv gantañ, pa weljont ur beajour o tostaat, gwisket mat gant ur porpant. Sevel a rejont a-du evit ma vefe degemeret ar c'hreñvañ an hini a zeufe a-benn da lakaat ar beajour da ziwiskañ e borpant. Neuze, e krogas an avel-viz da c'hwezhañ par ma c'helle, ha seul greñvoc'h e c'hwezhe seul vuioc'h e starde ar beajour e borpant, ken e tilezas an avel-viz, en diwezh, ar c'hoant e tilemfe ar paotr e borpant. Neuze e krogas an heol da barañ ha goude ur pennad, ar beajour, tommaet dezhañ, a ziwiskas e borpant. Setu e rankas an avel-viz kouzantiñ e oa an heol ar c'hreñvañ eus an daou.",Femme,546.650682990533,743.6787071187637,12.117084188911706,84.28854209445585,0
505,Lantsch,Suisse,9.563236,46.685343,https://atlas.lisn.upsaclay.fr/sounds/CH_Nordwind_Lantsch.mp3,"Il vent digl nord ed igl suglegl — Ineada sadavan igl vent digl nord ed igl suglegl tgenoin dad els tgi seia pi fearm, dantant tg’in viandant gneva per voia, plaea ainten in mantel tgod. Els èn gnis paroina tgi scu’gl pi fearm dess valair quel tgi sfoarza igl viandant da trer or igl seas mantel. Igl vent digl nord ò zuflo cun totta foarza, ma daple tg’el zuflava, daple tg’igl viandant sa plaeva aint igl seas mantel. Finalmainz ò’l igl vent digl nord stui ceder. Ossa ò’l igl suglegl cugls seas radis mievels stgaldo l’aria e gio dalaunga ò’l igl viandant trez or igl seas mantel. Qua ò’l igl vent digl nord stui dar tiers tg’igl suglegl seia igl pi fearm dad els duas.",Femme,738.13181203681,1332.3929114145371,1.754031485284052,84.94392197125258,1
506,Lasbek,Deutschland,10.366666793823242,53.73333358764648,https://atlas.lisn.upsaclay.fr/sounds/Lasbek.mp3,"Do weer mol een Tiet, as sik Noordwind un Sünn streden hebbt, keen von de beiden nu kräftiger weer. Een Wanderer keem vörbi, de sik een warm Mantel antrocken harr. Se wörrn sik einig, dat dejenige de Kräftigere wesen schull, de de Wanderer dorto bringen wörr, sien Mantel uttotrecken. De Noordwind füng an to puusten so dull as he kunn, aver je düller he puusten dee, ümso faster hüll de Wanderer sien Matel. So kunn de Noordwind nix anners moken, als optogeben. Nu weer de Sünn an de Reeg un füng an de Luft optowarmen mit ehr fründlich Lüchten un dat duerte gor nich lang, da tröck de Wanderer sien Mantel ut. Do müss de Noordwind insehen, dat de Sünn de Kräftigere von de beiden weer.",Homme,803.6480299589128,1481.0770659433974,9.945290896646133,82.98971937029431,0
507,Lasne,Belgique,4.481896,50.685467,https://atlas.lisn.upsaclay.fr/sounds/Lasne.mp3,"Èl bîje èt l' solia ès disputën' : èl ké k'èsteut l' pus foûrt ? Il ont veû on bribeû k' ariveut. Il asteut abiyi come pou daler au Pôle Nôrd, avë 'ne grosse frake su s' dos ; on n' vwèyèt pus k' ses?îs ki lumën' au traviè del bawète ki dmëreut.Les deûs compéres ont dit : ""Non di djë ! Vla tout çk' i nos faut pou nos dèpartadji. Èl pus foûrt sra l' cé ki fra rsatchi l' frake a l'ome"". Èl bîje dit : ""Lèchiz m' ! C'est mi ki va cominchi"". Èy èle së met a soufler, soufler, soufler… Èt l' bîje soufleut, soufleut. Èt pou fini, l'ome, i s' racrapoteut dins s' frake. Èt i satcheut dsu, èt i satcheut dsu... èt pou fini, èl bîje, èle soufleut toudi dë pës?an pës foûrt. Mès l'ome, i satcheut su s' frake, et pou fini, l' bîje, elle a du abandoner, pask'èlle asteut scranse. Adon l' solia a dit : ""Lèchiz m' ! Du va arindji l' afêre"". Èl solia a cominchi a lûre, a lûre, mès toudi dë pus an pus foûrt et pou fini, nosse gayârd, i suweut èt i suweut, et i suweut. Èt pwis il a tiré s' frake ; i l' a foutu a spale. Adon l' solia s'a rtourné su l' bîje et a dit : ""Wèyez ! C'est quand minme mi l' pus foûrt"".",Homme,659.4847199864323,1486.6637437863994,10.816584531143054,82.7822997946612,0
508,Latgalian,EU,26.52071,55.870129,https://atlas.lisn.upsaclay.fr/sounds/Daugavpils_Latgalian.mp3,"Zīmeļu viējs I sauļa streidjājās par tū, kuryjs nu obym yr stypruokijs, kod goruōm guoja kaids syltāmieteļī sazağiērbīs ceļiņīks. Jī sarunuoja,ka stypruokijs byus tys, kuryjs pyrmyjs ļiks ceļiņīkam nūjimţ miēteļi. Tod nu pyuţa zīmeļu viējs nu vysa spāka, bet jū stypruok jys pyuţa, jū cīšuok ceļiņīks īzatyna sovuo mieleļī, I vysubeidzūt zīmeļu viējs pazadevja. Tod izspeidjāja sauļa I tiuļeņ ceļiņīks mieteļi nūjāmja. I tai zīmeļu viējam beja juoatzeist, ka sauļa beja stypruoka par jū.",Femme,486.0278184316953,526.2128330284559,6.513538672142369,87.32083504449008,0
509,Lauterbrunnen,Suisse,7.908809593962804,46.59434739839264,https://atlas.lisn.upsaclay.fr/sounds/CH_Nordwind_Lauterbrunnen.mp3,Lauterbrunnen,Homme,707.3189731788425,1584.2119064535343,3.0790349075975363,81.68218343600273,1
510,Lavau,France,2.9897,47.5962,https://atlas.lisn.upsaclay.fr/sounds/Lavau.mp3,"L'abisouée pis l'soleil i distchutaint, châtien i disait qu'il'tait l'pus drut quante c'ée qu'il on aparçu un trôleue qui m'nait, enloupé dans son mantiau. I s'sont accordés pou die que l'ceu qu'érivrait el promier à yi fée oûter son hébit, i s'rait r'gardé comme el pus drut. D'un coup, v'là qu'l'abisouée a souffelle à décorner lée bœufs, pis... pus qu'a souffelle, pus que l'train-niau i frome son mantiau autour de lui... Tan et si bin qu'à fine force, l'abisouée a r'nonce à yi fée oûter. Arriée, el soleil i s'met à clairdie pis chauffer si bin si bel qu'el train-neux il oûte sa gan-nèche ! Du coup, l'abisouée a l'a bin été forcée ed die qu'el soleil il'tait l'pus drut dée deux.",Homme,563.0143468439977,1525.577324126636,11.84138945927447,79.3129363449692,0
511,Le Grand-Bourg,Croissant,1.645116,46.16059,https://atlas.lisn.upsaclay.fr/sounds/Le_Grand-Bourg.mp3,"La bise e le solelh se disputevan, chascun assurevan qu'eu ère le pus fòrt. Quand ilhs vegetan un voiageur que s'avancève, envelopat dins son mantel, ilhs tombetan d'acòrd que queu-qui qu'arriverí le premier a faire ostar son mantel au voiageur, eu serí gaitat come le plus fòrt. Alòr, la bise se metet a soflar de tote sa fòrce, mès plus ale sofleve, plus le voiageur sarreve son mantel autorn de se, e a la fin, la bise renoncet a le li faire ostar. Alòr le solelh a començat a brilhar, e au bot d'un moment, le voiageur, reschaufat, ostet son mantel. Ainsi, la bise deget reconeistre que le solelh ère le plus fòrt de los dos.",Femme,649.8939805292047,1315.5021683105326,11.309767282683094,79.20607802874744,0
512,Le Jorat,Suisse,6.7333,46.55,https://atlas.lisn.upsaclay.fr/sounds/Le_Jorat.mp3,"La Bise et lo Selâo lâo tsecagnîvant, tsacon deseint que l'îre lo pllie foo, tandu que l'ant yu n'on voyadzâo que vegnâi, einvortolyî dein son mantî. Sant tsesî d'accoo : clli que porrâ, lo premî, fére à trére son mantî âi voyadzâo, sarâ tegnu po lo pllie pucheint. Adan, la Bise s'è einmodâïe à soclliâ avoué granta fooce. Mâ, pllie ye soclliâve, mé lo voyadzâo serrâve son mantî aleinto de lî, que, po finî, la Bise l'a botsî de lo lâi fére doutâ. Adan, lo Selâo s'è eimbantsî à brelyî et, aprî n'on momenet, lo voyadzâo, tot retsaudâ, l'a tsampâ vîà son mantî. Adan, la Bise l'a bin du accètâ que Djan Rosset fusse lo pllie foo dâi doû.",Femme,520.2970534594576,864.6557545945434,8.539671457905543,76.9775564681725,0
513,Le Rœulx,Belgique,4.154627,50.488819,https://atlas.lisn.upsaclay.fr/sounds/Le_Roeulx.mp3,"C'ît margaye intrè l' vint d' bîse èyèt l' solèy pou savoû qui ç' qu'astoût l' pus foûrt, quand-i ont vu in routeû qui s'avançoût, infardèlè dèvins s' pal'tot. Is s'ont mis d'acoûrd què l' preumî-n qui f'roût r'saquî s' pal'tot ô routeû, ça s'roût li l' pus foûrt. Adon, èl vint d' bîse s'a mis a souflér tous sès pus foûrts, mès, ô pus'  qu'i soufloût, èu ô pus' què l' routeû èrsèroût s' pal'tot alintoûr dè li. Ô d' bout dou conte, èl vint d' bîse a r'noncî a lyi fé r'saquî. Adon, èl solèy a comonchî a blakî, èyèt, après in-anvé, l' routeû, rinscandi, a r'saquî s' pal'tot. L'insi, èl vint d' bîse a d'vu r'counwate què l' solèy ît l' pus foûrt dès deûs.",Homme,592.3644052501683,1383.2047886089233,10.816584531143054,82.7822997946612,0
514,Le Saint,France,-3.561879,48.089957,https://atlas.lisn.upsaclay.fr/sounds/Le_Saint.mp3,"An avel viz hag an heol 'n em chikane, pep hini o tifenn e oa eñv ar c'hreñvañ, pa neuint gwelet ur beajour o tegouezhañ, klozet en e vantell. En em glevet int da lâret e vefe kemeret evit ar c'hreñvañ an hini a errufe ar c'hentañ da lakaat ar beajour da chetañ e vantell. Neuzen eo kroget an avel-viz da c'hwezañ par ma c'halle, mes ar muiañ a c'hwezhe, ha muioc'h en em gloze ar beajour en e vantell, hag a-benn ar fin, 'n neus ket gallet 'n avel viz lakaat anezhañ da chetañ 'nezhi. Neuzen eo kroget an heol da lugerniñ hag a-benn ur pennad, daet tomm d'ar beajour, en neus hemañ chetet e vantell. Chetu eo bet ret d'an avel-viz anzav e oa, eus an daou, an heol ar c'hreñvañ.",Homme,537.1759176452741,780.680245674761,12.45852156057495,83.67416153319644,0
515,Le Val-d'Ajol,France,6.4836,47.9258,https://atlas.lisn.upsaclay.fr/sounds/Le_Val-d'Ajol.mp3,"Lè bihhe peu lé s'rouille sé chèmaillïnt, chaicün ehhurant qu'èl étâ lé pu fouôt, quand èl ont vu ïn wouèyègeoux qu'erriva, ébigouna dans sé manté. È s'bôttérent d'eccouaûd tu lâs doux qué lé sute qué jouêrâ lé preumeye dé faire bôtte fieu lé manté y wouèyègeoux sérâ réwouètié c'ment lé pu fouôt. Alors lè bihhe s'bôtté è tîré dé taûte sè fouôhhe, mâ pu qu'èl tîra pu qué lé wouèyègeoux r'serra sé manté autouaû dé lu, peu è lè fïn, lè bihhe èbandné dé li faire enleva. Alors lé s'rouille ékmensé è lure, peu, y bout d'ïn moment, lé wouèyègeoux, réhhauffâ, bôtté fieu sé manté. Dîna, lè bihhe é dû réknohhe qué lé s'rouille éta lé pu fouôt dâs doux.",Femme,542.7012836489419,746.6208725696952,10.561156741957564,80.96200547570157,0
516,Leer,Deutschland_OF,7.467990424240011,53.235206238514486,https://atlas.lisn.upsaclay.fr/sounds/Leer.mp3,"De Noordwind un de Sünn streden sük, well wall de Starkste van beiden was, as en Loper de in en dicke Joppe inpackt was, de Padd längskwamm. Se kwammen övereens, dat de för de Starkste gelten sull, well de Loper sien Joppe uttrecken kunn. De Noordwind puustete so fell as he kunn, aber je feller he puustete, desto faster truck de Loper sien Joppe an sük. Uplest gafft de Noordwind to. Nu warmde de Sünn de Luft mit hör bliede Strahlen up un all na kört Tied truck de Loper sien Joppe ut. Do muss de Noordwind togeben, dat de Sünn de Starkste van beiden was.",Femme,524.1126422336343,474.59954427199966,10.469390828199863,83.95501711156741,0
517,Léglise,Belgique,5.539229,49.799834,https://atlas.lisn.upsaclay.fr/sounds/Leglise.mp3,"La bîje èt lu slo su chicanièt. Îk come l' ôte crwayét k' il astét l' pus fôrt. Il ant veû kèkîk k' arivét, visti d' ène frake. Lu cé ki parvinrè a l' dusvisti, ça srè li l' pus fôrt. Après, il ant tapé dans les mins come deûs martchands d' vatche. Et c' est la bîje ki cmince a choufler. Èle choufule tant k' èle put. Dupus' k' èle choufèle, dupus' ku ç' djan la s' ratortchîe dins sa frake. Èle choufèle tant k' al fî, èle n' a put pus ; èle èst dranèye. Asteûre, c' est lu slo ki cmince a tokè. Asteûre, nost ome atrape ene chuée. Alônrs', nost ome tape sa frake voûye. La bîje dwat bin rcunuchi ku l' solé astét l' pus fôrt.",Homme,927.8786811970004,1803.7231879699195,9.65893223819302,83.27346338124572,0
518,Lemuy,France,5.9764,46.8958,https://atlas.lisn.upsaclay.fr/sounds/Lemuy.mp3,"Lo biso et lou soulet s'gouardzèvant, tsèkion diant qu'L'ére lou pleu foua, kan El ant vu on viâdzeu qu's'èvindzèvo, r'vodri d'da son mantiau. L'ant trouwi enn'ocoua que c'lu qu'sèra lou prèmi ô fare dènati son mantiau u viâdzeu sèro argadi kma lou pleu foua. Adon, lo biso ot soffli de toto so fouaco mâ pleu El sofflèvo, pleu lou viâdzeu sarrèvou son mantiau su li et ô lo fin, lo biso ot abandouni ô li fare dènati. Adon lou soulet ot kmanci ot balli et u tsoon d'on ta, lou viâdzeu, rètsaudi, ot dènati son mantiau. Dainse, lo biso ot dèva recougniotro qu'lou soulet érou lou pleu foua dèt do.",Homme,690.3150765179568,1146.5829134598473,9.728302532511977,81.52634496919919,0
519,Les Étilleux,France,0.8217948748449386,48.2329231366377,https://atlas.lisn.upsaclay.fr/sounds/Les_Etilleux.mp3,"Lâ foud' et l'soulé s'questionnins, tou dé acertainant qu'il été l' pu fo, quan n-il on apercieuvi neun horsain qu'o apperchait, atauré din sâ houbile. Il topirent quo l'promié vnu en d'cas d'faire arrouter sâ houbile au horsain s'ré sourgé comm' el' pu fo. Bédée, lâ foud' jonflit berdi-berda, ma pu ou radoublait, pu l'horsain framait sâ houbile sû ly ! et met'huis, lâ foudre a rfusai d'ly faire ataurer. Precimi, l'soulé béluettit et bentôt, l'horsain, écalé, a arroutai sâ houbile. Adoncques, lâ foud' a du aploner quo l'soulé été l' pu fo dé dé.",Homme,594.0911454297438,1224.299375700026,12.277939767282684,79.5131074606434,0
520,Les Hautes-Rivières,Belgique,4.8428,49.8844,https://atlas.lisn.upsaclay.fr/sounds/Les_Hautes-Rivieres.mp3,"El vôt glacé d'ivêr èt l' soley ès disputint, tchècun soutnont qu'il ètat l' pus fôrt, quand il ant vû un voyadzeû qui s'avançat, mussî dos sa mantô. Il ètint d'acôrd qu' el ceû qui arivrat l' prëmî a fêre ertirer sa mantô au voyadzeû srat rwêtî coume el pus fôrt. Alôrs el vôt glacé d'ivêr s'è mis a choufler dè toute sa fôrce, mais pus i chouflat, pu l' voyadzeu sêrat sa mantô âtoûr dè lou ; èt a la fin, l' vôt glacé d'ivêr n'è mi pu lî fêre ertirer. Alôrs el soley è coumossî a briyî èt ou dbout d'un momot, el voyadzeû, rètsâfé, è r'tiré sa mantô. Coume ça, el vôt glacé d'ivêr è du rcounwate qu'el soley ètat l' pus fôrt des deûs.",Homme,495.6860658382907,679.4633367490881,10.144277891854895,82.97253935660507,0
521,Lesneven,France,-4.31,48.57,https://atlas.lisn.upsaclay.fr/sounds/Lesneven.mp3,"Savet e oa tabut etre an avel hag an heol evit gouzout piv a oa an hini kreñvañ, p'o doa gwelet ur beajour o tont etrezo, ur mantell tro-dro dezhañ. Savet int a-du evit diskleriañ e vefe ar c'hreñvañ anezho an hini kentañ hag a c'hellfe lakaat ar beajour-se da dennañ e vantell. C'hwezhet en deus, neuze, an avel kement ha ma c'helle, met dre ma c'hwezhe kreñvoc'h kreñvañ, ar beajour a starde muioc'h-mui e vantell tro-dro dezhañ ; ken en deus an avel nac'het e vennozh, 'benn ar fin. Setu m'eo kroget an heol da barañ ha goude ur pennadig, ar beajour, tomm dezhañ en-dro, en deus tennet e vantell. Setu penaos en deus ranket an avel anzav e oa an heol an hini kreñvañ diouto.",Femme,472.67047930613876,571.5508837194712,12.679301848049281,83.97350444900752,0
522,Leuven,Belgique,4.702662,50.878925,https://atlas.lisn.upsaclay.fr/sounds/Leuven.mp3,"De nourderwind en de zon woore ont diskuteire ouver wie van enne twie de stêrkste was. Zjust up da momènt arriveit doo ne vwajazjeur, die geklied was in ne wêrme pardesie. Ze kwoome ouverien da den ieste die er zaa in likke da de vwajazjeur zenne pardessie zaa oeetdeun gekonsidereid zaa wedde as de stêrkste. De nourderwind begost tuen mei al zen fors te blooze, moo eu ètter dat em blies deste mier da de vwajazjeur zenne pardesie tue trok. Ten langen leste gaf de nourderwind er de broe on. Ternoo begost de zon zue èt te schoëne da doo up de vwajazjeur dirèkt zenne pardessie oeet dei. De nourderwind moest na wel bekinne da de zon van enne twie de stêrkste was.",Homme,615.2402880873116,1066.6515875503696,11.286673511293635,80.72642710472279,0
523,Libin,Belgique,5.256905,49.981507,https://atlas.lisn.upsaclay.fr/sounds/Libin.mp3,"La bîje èt l' solê su margayint: tchèkin djant k' il astot l' pus fwârt, cand il ont vèyu in voyadjeû ki s' avançot, rafardoûché dins s' mantê. Il ont tumé d' acwârd ku l' prèmî a fé tirer s' mantê au voyadjeû srot rwêté come lu pus fwârt. Alônrs, la bîje s' è mètu a choufler du toute sa fwâce, mês pus èle chouflot, pus l' voyadjeû sèrot s' mantê autoûr du li. Èt al fin, la bîje è rnoncé a lî fé tirer.  Alônrs, lu solê è cmincé a rloûre, èt au dbout d' in momint, lu voyadjeû, rastchaufé, è tiré s' mantê. Insi, la bîje è du rcounu ku l' solê astot l' pus fwârt du zês deûs.",Femme,571.4892334972774,1208.89508645154,10.144277891854895,82.97253935660507,0
524,Libramont-Chevigny,Belgique,5.374618,49.918495,https://atlas.lisn.upsaclay.fr/sounds/Libramont-Chevigny.mp3,"La bîje èt lu slo, il astint an trin du s' tchamayî pou vèy lu ké des deûs astét l' pus fwârt. A ç' moumint la, i vèyant un-n oume ariver avu une grosse cazake dussur loû. I s' mètant d' acörd ku l' cé ki va l' fwêre dusmoussî – du sa cazake - ça srot loû l' pus fwârt. C' est la bîje ki cmince. Èle su met a choufli a crèver dussu l' oume. Plus´ k' èle choufule, plus´ ku l' oume su ramousse, si bin k' al fin, la bîje est hodée. Ele su dit : « Dju n' sauro lî fwêre rutirer ». Asteure, c' est l' solé. I cmèce a lûre, èt i fêt crèvè d' tchöd. Ça fêt k' l' oume va s' dusmoussî du sa cazake. Alörs´ il è bin falu ku la bîje rucounuche ku lu slo astot l' pus fwârt des deûs.",Homme,666.9834793716109,1479.32888439381,9.65893223819302,83.27346338124572,0
525,Liège,Belgique,5.566667,50.633333,https://atlas.lisn.upsaclay.fr/sounds/Liege.mp3,"Rifondou walon Li bîhe èt l' solo s' quèr'lît : chake acèrtinéve qu'il èsteût l' pus fwért, qwand 'l ont vèyou on voyèdjeû rafûlé è s' mantê. I s' ont mètou d'acwérd qui l' ci qu'ariv'reût l' prumî a lî fé bodjî s' mantê, sèreût loukî come li pus fwért. Adon l' bîhe s'a mètou a sofler di s' pus reûd mins, å pus' qu'èle sofléve, å pus' qui l' voyèdjeû rèssèréve si mantê sor lu. Al fin dè compte, li bîhe rinonça a lî fé bodjî. Adon-pwis, li solo ataka a r'lûre èt, mons pô d' tins pus tård, li voyèdjeû, rèstchåfé, bodja s' mantê. C'è-st-adon qui l' bîhe diva rik'nohe qui l' solo èsteût l' pus fwért di leûs deûs.",Femme,577.4912378092754,1230.9960114704493,10.312929500342232,82.08999315537302,0
526,Liener,Deutschland_OF,7.74203661186451,52.82910180041297,https://atlas.lisn.upsaclay.fr/sounds/Liener.mp3,"Do harrn sik eesmal de Noordwind un de Südwind doröver in de Klatten, wecker van ehr beiden woll de Starkste was, as dor en Wannersmann langes kööm, de sik in en warmen Mantel wickelt harr. Se kömen övereen, dat de de Starkste was, de dat schaffen wüdd, den Wannersmann sienen Mantel oftonehmen. Un glieks wiesde de Noordwind wat he kunn. He puusede un puusede so gewaltig as he man kunn. Man ümso mehr he puusen döö, ümso faster wickelde sik de Wannersmann in sienen Mantel. So geev he dat toleste dann to. Nu füng de Sünn an möök de Lucht mit ehr fründlich Strohlen sachte warm un warmer. Duurde gor nich lange un de Wannersmann trück gau sienen Mantel ut. Jo, un do mössde de Noordwind ja insehn, dat de Sünne de Starkste van ehr beiden was.",Homme,577.2967194705158,1448.1649058428773,10.469390828199863,83.95501711156741,0
527,Lierneux,Belgique,5.794704,50.285028,https://atlas.lisn.upsaclay.fr/sounds/Lierneux.mp3,"Lu bîjhe èt l' solo estint tofêr è margaye. I fât-st ètinde ki chake des deûs acertinéve ku c'esteût lu lu pus fwêrt des deûs. Toudi 'nn' è-st-i k'i vèyint on voyadjeû k'avancihéve, rafûlé è s' paltot. I fourît d'acwêrd ku l' cî ki parvinreût a fé boudjer s' mantê â roteû, c'est lu ki sèreût louké come lu pus fwêrt des deûs. Adon, lu bîjhe s'ènonda a sofler a tote arèdje. Mins, pus sofléve-t èle, pus l'ome su rafûléve-t i è s' paltot. Et po fini, li bîjhe tapa djus du sayer du l' fé s' dumousser. Ça fêt ku l' solo su mèta a rglati, èt on moumint dné, li voyadjeû, tot rèhandi, wèsta su paltot. Todi 'nn' è-st-i ku lu bîjhe duva bin rucnohe ku l' solo esteût lu pus stokesse du zels deûs.",Homme,540.2928951680353,1061.1791716665111,10.312929500342232,82.08999315537302,0
528,Lignières,France,2.1667,46.75,https://atlas.lisn.upsaclay.fr/sounds/Lignieres.mp3,"La bise anc l' soulé i' s'armandin, v'lin tous deux êt' el pus fort quand qu'ils l'ont vu un courandier qui m'nait tout enverloppé dans sa limousine. Tous deusses, il' l'ont dit que cell' la là qui f'rait tumber sa limousine, ça s'rait l'pus fort. Ça fait que l'vent fré i s'est mis à bouffer tant qu'i' pouvait, mais tant pus qu' ça bouffait, tant pus qu' l' courandier i' serrait sa limousine autour de lui ! si ben qu'l' vent fré il a pu voulu y faire enlever. Sus' coup d' temps là, le soulé a rayé et au bout d'un moument, l' courandier l'a attrapé la chaud et pis... pis l'a ôté sa limousine. Ça fait que le vent... l'a ben été obligé d'arcounnait'e que l' soulé l'était l'pus malin des deux !",Femme,639.8582588902132,1064.0945952859174,12.713613963039014,77.9068514715948,0
529,Lilhac,France,0.812,43.286,https://atlas.lisn.upsaclay.fr/sounds/Lilhac.mp3,"La bisa e eth solelh que's piconhavan. Que's piconhavan entà saber qui èra eth mes hòrt deths dus. Quan vedèren a passar un voiatjur tot enropat dins son manto. Que son tombats d'acòrdi que, seria reconegut coma eth mes hòrt, aqueth qu'arribariá a her tirar au voiatjur eth seu manto. Alavetz, la bisa que's botèc a bohar de tota la sua fòrça, mes, mes bohava, mes eth voiatjur s'assarrava dins son manto e, a la fin, la bisa renoncièc a l'ac her tirar. Alavetz, eth solelh que's botèc a lusir, e l'aute s'arrajava, e au cap d'un moment, eth voiatjur, rescauhat, se tirèc eth manto. Atau, la bisa qu'avèc a arreconéguer qu'eth solelh èra eth mes hòrt deths dus.",Femme,655.7184114769575,1440.3524335678421,14.844353182751538,74.1788295687885,0
530,Lille,France,3.06411,50.63736,https://atlas.lisn.upsaclay.fr/sounds/Lille.mp3,"L'vint d'amont pi l'solel is calaudotte. Chacun i dijot qu'ch'étot li l'pu fort, pi à un momint is ont vu un voyageu qu'i s'avanchot, infardélé din sin mantiau. Is s'ont mis d'acord qu'echti-là qu'i arivrot el premier à faire dessaker sin mantiau au voyageu i srot ravétié come el pu fort. Alorse, el vint d'amont i s'a mis à soufler ed tout sin pu fort, mais au pu qu'i souflot, au pu qu'el voyageu i arsérot sin mantiau autour ed li, pi pou finir, el vint d'amont i a arnonché à li faire dessaker. Alorse el solel il a keminché à briller, pi au bout d'un momint el voyageu, qu'i étot récaufé, il a arsaké sin mantiau. Ch'est come cho qu'el vint d'amont i a dû arconnaite qu'el solel il étot el pu fort ed tous les deus.",Femme,617.6019974241168,1165.1280782646165,11.345092402464067,82.34185489390828,0
531,Limburgian,EU,5.871149,50.998552,https://atlas.lisn.upsaclay.fr/sounds/Sittard_Limburgian.mp3,"De noordewèndj en de zón ware zich aan 't sjtechele wae van hun twee 't sjterkste waor. Sjus op dat momènt koum dao eine reiziger aan dae eine werme mantjel droug. Ze sjprouke aaf: wae 't es eesjte vaerdig kreeg dat de reiziger ziene jas oetdeig, dae haw gewónne. Toen begoosj de noordewèndj zo hel te blaoze wie hae koosj. Mer wie helder dat d'r blous, wie meer de reiziger ziene mantjel óm zich haer trok; en op 't lètste gouf de noordewèndj 't op. En noe begoosj de zón mit volle krach te sjiene en geliek deig de reiziger ziene mantjel oet. De noordewèndj moosj noe waal toegaeve dat de zón de sjterkste waas van hun twee.",Homme,1046.2961418587163,1566.2868722530625,11.393237508555783,79.45043121149898,0
532,Limoise,France,3.05,46.6833,https://atlas.lisn.upsaclay.fr/sounds/Limoise.mp3,"L'vent fou et l'souleil étiont en baraille, chacun disant qu'il'l'tait l'pus fort, quanté qu'ils z'ont vu un gens d'étrange que v'nait enverloppé dans un capuchon. Ils s'sont accordés que çui qui saurait l'p'rmier à faire ôter sa capuche à c'te gars d'nainyeu s'rait argardé coumme l'pus fort. Alors le vent fou s'est mis à bouffer de toute sa force, mais pus y soufflait, plus l'gars d'étrange s'enverloppait dans sa piau d'chieuvr' et à la fin l'vent a r'noncé à li faire ôter. Alors l'souleil s'eut mis à briller et de fait l'gars chauffé à blanc a ôté sa capuche. Ordonc, l'vent fou a dû ar'counait' que l'souleil l'tait l'pus grou des deux.",Femme,697.6359077828148,1546.8557379973754,12.175927446954141,77.88110198494182,0
533,Lindern,Deutschland_OF,7.779664242916897,52.84526126737612,https://atlas.lisn.upsaclay.fr/sounds/Lindern.mp3,"Vör lange Tiet harrn de Noordwind un de Sünne Striet, wecker woll de Stärkere was, as ein Wanderer mit ein worm Mantel vörbikööm. Se wören sük enig, dat de de Stärkere is, wecker den Wanderer dwingen kunn, sien Mantel uttautrecken. De Noordwind puustede so nietske as he kunn, man die Wanderer trück sien Mantel immer faster. Tau'n Schluss gööv de Noordwind up. Nu strahlte de Sünne so heit, dat de Wanderer no kotte Tiet sien Mantel uttrück. Un de Noordwind mösste taugeven, dat de Sünne stärker was.",Femme,621.9460155023328,1447.480647997503,10.469390828199863,83.95501711156741,0
534,Linz,Autriche,14.286096,48.305361,https://atlas.lisn.upsaclay.fr/sounds/Linz_Bavarian.mp3,"Amoi hom si da Nordwind und d Sun gstriden wer von eana da stärkere warat. Ois a waundara, der in am warmen Mantl ghült wor, am Weg daher kumma is. Sie san si einig gwoarn, dass derjenige da Stärkere sei, der den Waundara zwinga würd sein Mantl auszuziagn. Da Nordwind had blosn mit oller Mocht, aber je mehr er blosen hot, desto fester hot er sich i sein Mantl einikroit. Af amol hat da Nordwind aufgeben. Dann hot di Sun mit viel Luft und ihren storken Stroin auf den Wandere hi gstrohlt und nach wenigen Augenblicken hot da Wandera sei Mantl ausgzogen. Do hot da Nordwind zuageben miassn, dass di Sun von enera beiden da stärkere wor.",Homme,832.6255072732416,1307.6287391530532,8.400485968514717,82.9100205338809,0
535,Lisboa,Portugal,-9.130353,38.718245,https://atlas.lisn.upsaclay.fr/sounds/Lisboa.mp3,"O vento norte e o sol discutiam qual dos dois era o mais forte, quando sucedeu passar um viajante envolto numa capa. Ao vê-lo, põem-se de acordo em como aquele que primeiro conseguisse obrigar o viajante a tirar a capa seria considerado o mais forte. O vento norte começou a soprar com muita fúria, mas quanto mais soprava, mais o viajante se aconchegava à sua capa, até que o vento norte desistiu. O sol brilhou então com todo o esplendor, e imediatamente o viajante tirou a capa. O vento norte teve assim de reconhecer a superioridade do sol.",Femme,713.0818268341294,1545.230079906362,16.95088295687885,81.51620123203286,0
536,Llangennech,GB,-4.084584,51.696689,https://atlas.lisn.upsaclay.fr/sounds/Llangennech_Welsh.mp3,"Roedd Gwynt y Gogledd a'r Haul yn dadlau pa un oedd gryfaf, pan ddaeth teithiwr heibio wedi'i lapio mewn clogyn cynnes. Fe gytunon nhw mai'r un cyntaf i lwyddo i gael y teithiwr i dynnu'i glogyn fyddai'n cael ei ystyried fel y cryfaf o'r ddau. Yna chwythodd Gwynt y Gogledd mor galed ag y gallai, ond po fwyaf y chwythai mwyaf tynn y byddai'r teithiwr yn lapio'i glogyn o'i amgylch; ac o'r diwedd rhoddodd Gwynt y Gogledd y gorau i'r ymgais. Yna disgleiriodd yr Haul yn gynnes, ac ar unwaith tynnodd y teithiwr ei glogyn. Ac felly bu'n rhaid i Wynt y Gogledd gyfaddef mai'r Haul oedd y cryfaf o'r ddau.",Femme,852.7902216902195,1220.4328439774845,11.900547570157427,85.46321013004791,0
537,Lleida,Espagne,0.621431,41.617582,https://atlas.lisn.upsaclay.fr/sounds/Lleida.mp3,"El mestral i el sol es disputaven, sostenint cada u que ell era el més fort, quan de sobte, van veure un viatger que s'acostava embolicat en una gran capa. Van convenir que el qui primer faria que el viatger es tragués la capa seria tingut pel més fort. El mestral es va posar a bufar amb tota la seva fúria; però com més bufava, més s'abrigava el viatger amb la capa; a la fi, va deixar córrer fer-l'hi treure. Llavors el sol va començar a brillar, i al cap d'un moment, el viatger, ben escalfat, es va treure la capa. Així, el mestral va haver de confessar que el sol era el més fort.",Femme,826.6623918778565,1628.8973323518724,15.932847364818617,68.18160164271048,0
538,Llucmajor,Espagne,2.897426,39.483518,https://atlas.lisn.upsaclay.fr/sounds/Llucmajor.mp3,"Sa tramuntana i es sol se barallaven defensant cada un que ell era es mes fort, quan de sobte, varen veure un estrany viatger que s'acostava, embolicat en una gran capa. Varen acordar que es primer que fes que es viatger se llevàs sa capa seria pres pes mes fort. sa tramuntana se va posar a bufar amb tota sa seva força, però com més bufava, s'home més se tapava es cos amb sa capa, llavors es sol va començar a brillar, i després d'una estona, es viatger, molt acalorat, se va treure sa capa. Així, sa tramuntana va reconèixer que es sol era es més fort.",Homme,668.6405041488891,1181.6152320263477,19.40520191649555,72.71897330595482,0
539,Lohne,Deutschland,8.266159371606674,52.64897461026826,https://atlas.lisn.upsaclay.fr/sounds/Lohne.mp3,"Vör Tieden, do kabbelden sik Noordwind un de Sünne, harrn Striet mitnänner, wecker van beiden woll de Överhand harr, at ein Wannerer, de inwickelt in sienen warmen Mantel, up'n Weg kommaudig dorherkööm. Se kömen överein, dat de, de Överhand hebben schall, wecker den Wannerer dortau dwingen wüdd, sienen Mantel uttautrecken. De Noordwind blasde em stramm weg mit mächtig vääl Knäpe intaumeute, aver je daner hei sik in't Tüüg schmeet, ümso faster hüllt de Wannerer sick sienen Mantel an't Lieve. Endlich geev de Noordwind up un na un was insichtig. Hei harr nix mehr tau verkopen. Nu warmde de Sünne mit ehre muckeligen Strahlen de Luft, un stantsfaut, na poor Ogenblicken, trück de Wannerer sienen Mantel ut. Do möss de Nordwind lüttket bigeven un taugeven, dat, van ehr beiden, doch de Sünne de Överhand heff.",Femme,654.5280102215075,1065.3607054090137,10.608042436687201,81.7845311430527,0
540,Los Realejos,Espagne,-16.584451,28.385859,https://atlas.lisn.upsaclay.fr/sounds/Los_Realejos.mp3,"El viento norte y el sol discutían sobre cuál de ellos era el más fuerte, cuando pasó un extraño viajero envuelto en unas ropas muy abrigadas. Convinieron en que quien antes lograra obligar al transeúnte a quitarse el abrigo sería considerado más poderoso. El viento sopló con gran furia, pero cuanto más soplaba, más se ceñía el hombre su ropa al cuerpo. Entonces se dio por vencido, y el sol empezó a brillar con mucha fuerza. Inmediatamente el viajero se despojó de su abrigo, y así ya quedó claro que el sol tenía superioridad respecto del viento.",Homme,636.9893447334655,1479.7810406355493,20.78672826830938,76.71102669404517,0
541,Lousame,Espagne,-8.846807,42.771743,https://atlas.lisn.upsaclay.fr/sounds/Lousame.mp3,"O vento do norte e mais o sol discutian sobre cal deles era o máis fuerte, cando cadrou de pasar un viaxeiro envolto nunha ampla capa. Acordaron en que o que antes conseguise faserlle quitar a capa ó viaxeiro sería considerado o máis fuerte. O vento do norte soplou con moita forsa, e canto máis soplaba máis se envolvía o viaxeiro na súa capa, Ó final o vento do norte abandonou o seu empeño. Entonces o sol quentou con forsa e inmediatamente o viaxeiro sacou a capa. E daquela o vento do norte tuvo que reconoser a superioridá do sol.",Femme,611.082127065238,548.745290714272,14.077296372347707,82.57605065023957,0
542,Low Saxon,EU,9.517109,53.934816,https://atlas.lisn.upsaclay.fr/sounds/Itzehoe_Low_Saxon.mp3,"An een Dag vör lange Tiid keem't to'n Stried twüschen den Wind ut'n Noorn und de leebe Sünn. Dat gung um de Fraag, wokeen wull mehr Knöw harr, denn een Wandersmann in'n langen Mantel keem jüs vörbi, wokeen em dorto bringen kunn, sien langen Mantel uttotrekken. De Wind ut'n Noorn puust ganz düchtig. Man: je mehr he puust, umso faster trock de Wandersmann sien dicken Mantel üm sick. An'n End geew de Wind ut'n Noorn opp. Und denn warm' de Sünn de Luft – und de Wandersmann trock' den Mantel ut. Un de Wind müss togeben, dat de Sünn doch mehr Knöw harr.",Homme,605.6970421085009,1684.8207777574585,9.9439151266256,85.03110882956878,0
543,Löwenstedt,Deutschland_SH,9.166666984558104,54.61666488647461,https://atlas.lisn.upsaclay.fr/sounds/Lowenstedt01.mp3,"v01       v59     De Noornwind un de Sunn hem sik mol do'um streden, wer von de beiden starker weer as de anner. Do keem en Wannerer vörbi, de en warmen Mantel an harr. Se wurrn sik enig, dat dee vun de beiden as de Starkere gellen schull, de de Wannerer dorto kregen worr, sien Mantel uttotrecken. De Noornwind puuste mit all sien Knööv, aver so veel duller as wat he puusten dee, so veel faster schloog de Wannerer sien Mantel um. Toletzt geev de Nornwind dat op. Nu maakte de Sunn de Luft warm mit ehr fründliche Strohln un dat duerte gor nich lang, do truck de Wannerer sien Mantel ut. Do hett de Noornwind togeben musst, dat de Sunn vun de beiden de Starkere weer.      Dat weer to een Tiet do stre'en sik Noordwind un Sunn, wer von de beiden woll de meiste Kööv harr. As een Wannerer, de en warme Matel umharr, langs keem. Se wurrn sik enig, dat dejenige mehr Knööv hem schull, de de Wannerer dorto zwingen wörr, sien Mantel aftoleggen. De Noordwind puustete mit alle Macht, aver je duller he puuste, umso faster dee sik de Wannerer in sien Mantel verkrupen. Endli geev de Noordwind sien Kampf op. Nu warmte de Sunn de Luft mit ehr fündlichen Strohlen op un na en lütte Ogenblick al treck sik de Wannerer sien Mantel ut. Do musste de Noordwind togeben, dat de Sunn von de beiden mehr Knööv harr.",Femme,750.6472912271064,1607.490138055901,9.89690622861054,85.5415537303217,0
544,Ludiano,Suisse,8.970795,46.41901,https://atlas.lisn.upsaclay.fr/sounds/CH_Nordwind_Ludiano.mp3,"Ul vént e l sú — Un dé ul vént e l sú i éra drä́ a taċè lit, a discütt sör chi ca l’éra ul püssä́ fòrt tra da lú, quand i n véd vögn a rivè sciá, um furäst, um viagiadú, tött facc iént in um tabár. Ailóra i dói i va d’acòrdi ca ul püssä́ fòrt u saröss stacc quäll ch’u raissiva a fègh trè fò ul tabár al viagiadú. U sménza ul vént, ch’u partís in quarta e u tèċa a bufè sanza ramissiòn, tènt ch’u pudéva, ma bófa ca ta bófa, püssä́i ch’u bufèva, püssä́i ca quäll malarbétu u s fäséva iént in dru mantéll; iscé stu póru vént l’a ménɡ̇a pudǘ digla e ara fégn a gh’a tucú mulè l mazz e tirè i rém in bèrċa. Ailóra ul sú u s’a facc inès i mézz al cél, e da lé a um pú un viagiadú l’a smanzú a craní tènt ca gh’a tucú lassè fò ul tabár par mía cräpè dal cald, e ul vént l’a duvǘ iscé ricugnòss ca ul sú l’éra ul püssä́ fòrt.",Homme,593.6746861649906,1376.1076330443755,2.9805817932922656,84.00574264202601,1
545,Lugano,Suisse,8.952402,46.00468,https://atlas.lisn.upsaclay.fr/sounds/CH_Nordwind_Lugano.mp3,"Ul vént e ul suu — Un dí, ul vént e ul suu i a cuminciaa a tacá a lit. Vün al diséva che l’éva lü ul püssée fòrt, l’altru anca, e inscí, i è nai innanz un gran pèzz senza mai vegninn a vüna. A n datu mumént i a vist un viagiaduu che l vegnéva in sciá, fai dénta in un mantèll. Alura i a fai na scuméssa: „Se tí ta riéssat a fágh tirá gió ul mantèll al viagiaduu ta vinciat la scuméssa.“ Ul vént l’a cuminciaa a bofá cumè m matt ma cun püssée che l bofava, cun püssée che ul viagiaduu al sa faséva dént in dal mantèll. Par finí, ul vént l’a pientaa lí da bofá. Alura gh’è vegnüü föra ul suu, e intant ul viagiaduu al caminava, e al südava, finché a n a podéva pü dal cald e l’a tiraa föra ul mantèll. Alura ul vént l’a dovüü ricugnóss che ul suu l’éva püssée fòrt.",Femme,626.579014778286,1304.8185741935713,10.727207392197126,72.15430527036277,0
546,Luising,Allemagne,16.478925,47.013562,https://atlas.lisn.upsaclay.fr/sounds/Luising.mp3,"A'mui hob se da Nordwind end de sun gstrichen we vo sei zwoa oba da Stahkere warad. Eba a Frempa is met an worma Mantel eighibt daherkemma. Se zwei hobm se danna goainigt wan de Son da Stähkere is dann is a se end wann de Nordwind is a se da Stähkere. End se hobm hoilt hiaz versuacht ihr bestes zu gebm. Da Nordwind hot blos'n woas a imma hot blosn hot megn. End der Frempi hot si imma bessa sei Mantel eighibt. Auf uimoi hot de Nordwind aufgebn. Hiaz is de Son drei'gwen. End dann hat de gstroijt end de Son hot gmant wos nua het kennen. End schen im nexten Augenblick drauf hot se de Frempe muissn den Mantel o'ziagn, woas ofach z'worm is gwordn. End do hot da Nordwind min engseh'n des de Son de Stahkere is gwen.",Femme,718.4993826823776,1047.5526176221163,11.196030116358658,76.27757700205338,0
547,Lumbrein,Suisse,9.136701,46.68389,https://atlas.lisn.upsaclay.fr/sounds/CH_Nordwind_Lumbrein.mp3,"Inaga sedispitavan l'aura dado ed il sulegl, tgi dad es che seigi il pi ferm, cu ch'in viandont che veva en in mantel cauld ei gnius sperasvi. Es ein gni perina che quel seigi il pi ferm che possi sfurzar il viandont da trer o siu mantel. L'aura dado ha suflau ton sco quei ch'ella ha pudiu, aber pi fetg ch'ella suflava e pi ferm ch'il viandont sezugliava en siu mantel. Finalmein ha l'aura dado dau si il cumbat. Lu ha il sulegl scaldau l'aria cun ses radis emperneivels e migeivels, e bu gitg suenter ha il viandont tratg o siu mantel. Cheu ha l'aura dado stiu dar tier ch'il sulegl seigi il ferm dad es.",Femme,668.7466760095544,1366.663673477795,1.754031485284052,84.94392197125258,1
548,Lunden,Deutschland,9.016666412353516,54.33333206176758,https://atlas.lisn.upsaclay.fr/sounds/Lunden.mp3,"Moleens kregen Noordwind un Sünn sik dor gehörig över in de Wull, wokeen vun de beiden woll mehr Knööv harr as de Anner. Miteens keem se en Wannersmann in de Mööt. He weer inmummelt in en warmen Rockeloor. Gau weern se sik dor enig över, dat de för den Stärkeren gellen schull, de den Wannersmann dorto dwingen würr, sien Maddel uttotrecken. De Noordwind püüster all wat he kunn, man wat duller he sik in't Geschirr smeet, wat faster hüll de Wannersmann sik in sien Maddel in. Nix to moken, Noordwind geev op. Nu keem de fründliche Sünn mit ehr warmen Strahlen hervör. Dat duer man bloots en Flünkenslag, un de Wannersmann trock sien Maddel ut. Dat holp all nix. Noordwind müss togeven, dat de Sünn doch woll de Nääs vörn harr.",Homme,728.8230805614262,1416.4042447040947,10.245530458590006,85.69598220396989,0
549,Luzein,Suisse,9.813883,46.969882,https://atlas.lisn.upsaclay.fr/sounds/CH_Nordwind_St-Antoenien.mp3,"Nordluft und Sunä — Ämaal händ schì dr Nordluft und d Sunä gschtrìttä, wäär va ìna beed wool dr Schtèrcheri sìì, wa grad ä Bäärgschtììger, wo inä waarmä Mantel iinghüllt gsì ìsch, uf em Wääg häre choo ìsch. Schi sind schì äinig choo, dass därjeenig als dr Schtèrcheri gältä söll, wo dr Bäärgschtììger derzuä zwìnge wür, im schä Mantel abzziä. Dr Nordluft hed mit aller Macht gäblaasä, aber je mee är gäblaasä hed, desto feschter hed schì dr Bäargschtììger in schììnä Mantel iighüllt. Entli gìt dr Nordluft dr Champf uuf. Jetzä erwèrmet d Sunä d Luft mit ìrä fründlichä Schtraalä und scho na wenigä Augäblick hed dr Bäärgschtììger im schä Mantel abgäzogä. Da hed dr Nordwind müässä zuägää, dass d Sunä vo irnä beed di Schtèrcher gsì ìsch.",Femme,685.7605541223184,1497.1512121446344,2.674243668720055,83.4673853524983,1
550,Luzern,Suisse,8.303836,47.047708,https://atlas.lisn.upsaclay.fr/sounds/CH_Nordwind_Luzern.mp3,"Nòrdwend und Sonne — Äinisch hend sech de Nòrdwend und d Sonne gschtrette, wèèr vo ine bäide wool de Schtèrcheri seg. Do isch e Wanderer, wo ine waarme Mantel ghöllt gse esch, uf em Wäg äneglòffe. Si sind sech äinig woorde, dass dää für de Schtèrcheri gälte sö̀ll, wo de Wanderer zwinge wöörd, sine Mantel abznää. De Nòrdwend hed mit aller Macht plòòse, aber je mee er plòòse hed, dèschto fèschter hed sech de Wanderer i sine Mantel ghöllt. Ändlech hed de Nòrdwend de Kampf uufggää. Jetzt hed d Sonne d Loft mit irne fröndliche Schtraale gwèèrmt und scho nach wènige Augeblicke hed de Wanderer sine Mantel abzòge. Do hed de Nòrdwend müesse zuegää, dass d Sonne vo ine bäidne di Schtèrcheri gse esch.",Femme,798.8421714117609,1587.3565653647768,8.588788501026693,78.86977412731007,0
551,Maaseik,Belgique,5.744907,51.102403,https://atlas.lisn.upsaclay.fr/sounds/Maaseik.mp3,"De wènsj en de zón maakte rujzing, allebei dervan uuvertujgt dét hae de sterkste waas, tón ze eine reiziger zoege aankómme, mét zi-jne uuverjas aan. Ze woeëre het truuver eins dét degene dae de reiziger és ieërste zi-jne jas ôwtdieg, és de sterkste zou besjouwd wuuëre. Tón begos de noerderwénsj mèt hiel zi-jn krach te wejje, mer wi-j mier het wejde, wi-j mier de reiziger zi-jne jas uuverziechhieër trok en op het leste goef de noerderwénsj het op en mós hae hem ówttrèkke. Tón begos de zón te sji-jne en nao'n ti-jdsje trok de reiziger, opgewermd, zi-jne jas ôwt. Dus de noerderwénsj mót höbbe tôwgegieve det de zón de sterkste van de twieë waas.",Homme,682.9521119124789,1538.790083278709,11.393237508555783,79.45043121149898,0
552,machineri,Bolivia,-69.480565,-10.956346,https://atlas.lisn.upsaclay.fr/sounds/machineri.mp3,"Kachikleru kannipgaluyma gawa tkachi gingjekaka ginna wanna satute gichkolpotupa, wa satu kyagapgakleru giknogamtini kpoyreru_mkalu. Jemanshinikangkakna girgapakta gipoyre_mkalu poyangkaka jijrukletinnri wa kyagapgakleru wale gitagko gicholpotupa. Giyagni kachikleru kannipgaluyma gajpoka gichkopotu, Seyni kyagapgakleru pnute kashpotutlu gipoyre_mkalu, rusupta ginpotunanuko kannipgalu, giyagni tkachi yinuwaka gatajiwnaleta yochigley mananuko, gawa wale gemnu chinanu kyagapgakleru koshpoklu gipoyre_mkalu wale chinanu kachikleru kannipgaluyma gimatlu wanna pnuteya kakorisinnri wa tkachi.",Homme,652.7718152523013,803.7948673886731,26.090985626283366,78.6562970568104,1
553,Madrid,Espagne,-3.711344,40.412326,https://atlas.lisn.upsaclay.fr/sounds/Madrid.mp3,"El Viento Norte y el Sol porfiaban sobre cuál de ellos era el más fuerte, cuando acertó a pasar un viajero envuelto en ancha capa. Convinieron en que quien antes lograra obligar al viajero a quitarse la capa sería considerado más poderoso. El Viento Norte sopló con gran furia, pero cuanto más soplaba, más se arrebujaba en su capa el viajero, por fin el Viento Norte abandonó la empresa. Entonces brilló el Sol con ardor, e inmediatamente se despojó de su capa el viajero. Por lo que el Viento Norte hubo de reconocer la superioridad del Sol.",Homme,631.0734780796653,987.0730966441843,14.2278507871321,64.35989048596852,0
554,Maienfeld,Suisse,9.528831,47.006176,https://atlas.lisn.upsaclay.fr/sounds/CH_Nordwind_Maienfeld.mp3,"Der Ùnderlùft ùnd d Sùna — Amòòl hen der Ùnderlùft ùnd d Sùna gschtrìtta, wèèr vo ina beidna schtèrher sèi. Dò isch a Wanderer ìmana waarma Mantel verbeikoo. Der Wind ùnd d Sùna sìnd sìch äinig koo, si welandi luaga, wèèr vo ina de Wanderer zeerscht derzua brìngi, das er sina Mantel abzüühi. Dèè sèi der Schtèrher. Zeerscht hèt der Ùnderlùft mìt aller Kraft aagfange blòòsa, aber je mee das er plòòsa hèt, deschto enger hèt der Wanderer sina Mantel zuazòòga. Am Ìnd hèt der Wìnd uufggee. Denn ìsch d Sùna draa gsii ùnd hèt gschùùna ùnd d Lùft mit iarna Schtraala ggwèrmt. Scho nòch kurzer Ziit hèt der Wanderer sina Mantel abzòòga. Dò hèt der Ùnderlùft zuagìì müasa, das d Sùna schtèrher sèi als èèr.",Homme,785.7315842953493,1328.1881385701254,5.374346338124572,82.93171800136894,0
555,Maillane,France,4.7833,43.833,https://atlas.lisn.upsaclay.fr/sounds/Maillane.mp3,"La bisa e lo solèu s'escharpavan, chascun afortissent qu'èra lo mai fòrt, quora an vist un voiatjor que s'avançava, agolopat dins son mantèu. Son tombats d'acòrd qu'aqueu qu'arrivariá lo promier a faire levar son mantèu au voiatjor, sariá regardat coma lo mai fòrt. Alòr la bisa s'es messa a bofar tant que podiá, mai au mai bofava, au mai lo voiatjor sarrava son mantèu autorn d'eu. E a la fin, la bisa a renonciat a i faire levar. Alòr lo solèu a començat de brilhar, e au bot d'un moment, lo voiatjor, escaufat, a levat son mantèu. Ansin, la bisa a degut reconèisser que lo solèu èra lo mai fòrt dei dos.",Homme,535.8546392881082,1428.5752968781105,14.814852840520192,68.52699520876112,0
556,Málaga,Espagne,-4.425216,36.721491,https://atlas.lisn.upsaclay.fr/sounds/Malaga.mp3,"El viento norte y el sol estaban discutiendo sobre cuál de ellos era el más fuerte. Cuando vieron a un viajero avanzando, envuelto en su capa, acordaron que el primero de ellos que consiguiera que el viajero se quitara la capa sería considerado el más poderoso. El viento sopló con gran furia, pero cuanto más soplaba, más se ceñía el hombre su ropa al cuerpo. Entonces el sol comenzó a brillar con mucha fuerza y después de un tiempo el viajero, calentado, se quitó la capa. Por lo tanto, el viento debió aceptar que el sol era el más fuerte de los dos.",Femme,636.4649293157911,1261.3546003278434,18.770362765229294,73.07722792607802,0
557,Maldingen,Belgique,6.031886,50.233512,https://atlas.lisn.upsaclay.fr/sounds/Maldingen.mp3,"De Nordwond on d'Sonn woren sech eng keer ant stregden, wen van hinnen wahl de Starekste wirr. Jest on dä Moment kum e Wanderer iwer de Weisch, dän en decken Mantel an hat. Sie engischten sesch, dat däjineje de Starekste ass, dän de Wanderer zwongen kenn, senge Mantel auszedon. De Nordwond blus mat aller Kraft, ewer je mie hä blus, desto fester kuschelt de Wanderer sesch on senge Mantel on. Endlech juff de Nordwond de Kampf op. Elo erwieremt d'Sonn d'Luut mat hirre frendleche Strohlen, on noh e paar Aueblecker zusch de Wanderer sengen Mantel aus. Do mut de Nordwond zujän, dat d'Sonn van hinnen zwing de Starekste wor.",Femme,701.4139071408841,1501.963628700348,9.617672826830939,82.58827515400411,0
558,malgache (betsimisaraka),OIVoisin,49.39245,-18.148436,https://atlas.lisn.upsaclay.fr/sounds/malgache_betsimisaraka.mp3,"Niady ny Rivotra sy ny Masoandro nizaka zareo fa samy tegna matanjaka aby, raha nahita mpandeha lavitra nahe nagnantogna izay magnisy akanjo mafana. Dia nifagnaraka fa izay volongany mahefa mangala akanjo mafana ny mpandeha lavitra zakegna tegna matanjaka. Dia nifoka mafy tamin'ry tanjahany jiaby ny Rivotra nefa na de nahe nifoka aza izy, de voamaika ilay mpandeha lavitra nanery mafy ilay akanjo mafanany nagnodidigna anazy. Niafarany, dia niahagna ny Rivotra tsy hampangala ny akanjo mafana anilay mpandeha lavitra. Dia naronboka ny gengegna ny Masoandro izy koa hafaka fatoagna betsabetsaka, dia nafana ilay mpandeha lavitra dia nangala ny akanjo mafanany. Dia hizegny, no nahatonga ny Rivotra nagneky fa ny Masoandro dia tegna matanjaka aminjareo roa.",Femme,571.6353420263447,1157.797608760826,23.864613278576314,82.43199178644764,0
559,malgache (imerina),OIVoisin,47.512463,-18.890745,https://atlas.lisn.upsaclay.fr/sounds/malgache.mp3,"Ny Rivotra sy ny Masoandro dia niresaka, fa indray andro any dia hisy amin' izy roa no samy mafy, rehefa nandeha hanefa dia tojo mpivahiny anakiray (sy mpandalo anakiray), izy ireo. Io mpivahiny (na mpandalo io) dia nanao akanjo matevina. Rehefa nandeha izy ireo  dia no tenenen' ilay Rivotra fa izy no mahery, dia samy niady hevitra teo, rehefa avy eo, dia ny Rivotra no niteny fa izy no mafy, satria izy no afaka manala ny akanjon' ilay mpandeha. Rehefa nandeha anefa ny andro, dia nitsoka mafy ny Rivotra nitsoka teny hiany. Saingy indrisy, fa tsy nahala ny akanjony, satria no tazomin' ilay mpandeha ny hakanjony. Rehefa nafana anefa ny andro, dia nanala ny akanjony hiany ny mpandeha. Ary dia niteny mafy ilay Masoandro hoe: izao no mahery, satria izao no nahavita nanala ny akanjony.",Homme,720.1291947909754,1231.2811735657492,16.689890485968515,85.81830253251198,0
560,"Malicorne-sur-
Sarthe",France,-0.0833,47.8167,https://atlas.lisn.upsaclay.fr/sounds/Malicorne-sur-Sarthe.mp3,"Le vent et l'soulei y s'disputaient, chacun pour sûr qu'il l'tait l'pu fort, quand qu'y ont vu un voyageu' qui s'acheminait ben embourré dans son palteau. Ils l'taient ben d'aquédent pour que c'ty là qu'arriverait le premier à faire oûter son palteau au voyageu', y s'rait ergardé comme le pu fo'. Du coup, le vent s'est mis à souffier ben dru, mais tant pu qu'y souffiait, tant pu que l'voyageu' y s'serrait l'palteau su' côrp, et pour n'en d'fini, l'vent a abdiqué à iy faire oûter. Du coup, l'soulei a c'mencé à rayer, et au bout d'eune denrée d'temps, le voyageu', réchaudi, a fini par oûter son palteau. Comme quai, le vent a ben dû admett' que l'soulei c'était quante-même le pu fo' des deux !",Femme,532.7863353710015,1143.0071756487903,12.38965092402464,79.74196440793976,0
561,Malmedy,Belgique,6.029721,50.424996,https://atlas.lisn.upsaclay.fr/sounds/Malmedy.mp3,"Lu bîhe èt lu solo su cuhagnît, forbatant onk l' ôte k' il èsteût lu pus fwart, cwand k' il ont vèyou on voyèdjeûr k' avancihéve vèr zèls, èwalpé duvins s' mantê. Il ont toumé d' acward ku ci ki parvinreût lu prumîr à fé tirer s' mantê â voyèdjeûr sèreût considèré come èstant lu pus fwart. Adon, lu bîhe s' a mètou à sofler du totes sès fwaces, mès pus´ sofléve-t-èle, pus´ lu voyèdjeûr sèréve-t-i su mantê âtoû d' lu tant k' à l' fin do compte, lu bîhe a r'noncî à li fé tirer. Adon lu solo su mèta à lûre èt, après on moumint, lu voyèdjeûr, rèhandi, a tiré s' mantê. Insi lu bîhe a duv'lou ruc'nohe ku l' solo èsteût l' pus fwart dès deûs´.",Homme,828.8464808019764,1605.9926904674069,9.366509240246407,83.56731690622861,0
562,mamara,Africa,-5.668555468254489,11.316119137588752,https://atlas.lisn.upsaclay.fr/sounds/mamara.mp3,"kafeɲiŋi di caŋɲii li je kafila suru, pu beshi nigin nigin ma we u ɲɛ sefoo wu. ɔ pu pa kushɛ wa ɲa wu na ma wiirifadeŋ ɲɛ wu na, pu bɛ yi na na wemu bu ja kushɛ u wiirifadeŋ ki wolo wu na, we foo wu ɲɛ sefoo wu. lee ce ge, a kafeɲiŋi di toro na jii, na jii ki see beshi ni ga ba ki na jii seeni mɛ, kushɛ u ma ganhana wu wiirifadeŋ ki kileni na dɔnni u yɛ na. lee kadugu, kafeɲiŋi di pa yere. ɔ caŋɲii li di ɲukɔn na foro na ganha na ya ɔ tɛrɛ wa pa nɔn, kafugu di bɛlɛ kushɛ wu na, wu di wu wiirifadeŋ ki wolo. a lena, kafeɲiŋi di sɔɔn na caŋɲii li ɲɛ sefoo wu.",Homme,570.5457176590797,879.5680297645696,27.32917180013689,54.4441478439425,1
563,Man Island,GB,-4.483703,54.15181,https://atlas.lisn.upsaclay.fr/sounds/Manx_Gaelic.mp3,"Va'n Gheay Hwoaie as y Ghrian resooney ry-cheilley quoi jeu va'n fer stroshey, tra haink troailtagh nyn aare as eh ceau cloagey blah. Ren ad coardail dy nee yn derrey yeh jeu oddagh hoshiaght cur er y troailtagh y cloagey echey y chur jeh veagh coontit ny stroshey na'n jeh elley. Eisht heid y Gheay Hwoaie cho lajer as dod eh, agh myr smoo v'eh sheidey, wheesh shen s'chenney va'n troailtagh tayrn y cloagey echey mygeayrt-y-mysh; fy-yerrey hoal hug eh seose yn eab echey. Eisht ren y Ghrian soilshean dy blah, as chelleeragh hug y troailtagh jeh y cloagey echey. As myr shen v'eh er y Gheay Hwoaie goaill rish dy nee yn Ghrian va'n fer stroshey jeh'n jees jeu.",Homme,803.9944110833072,1773.0682162062735,11.387583846680355,84.75644763860369,0
564,mangarévien,PF,-134.96899,-23.12088,https://atlas.lisn.upsaclay.fr/sounds/mangarevien.mp3,": E tatokotoko ana te pōroro me te rā, ma te kara'itika tikita'i koi to rāua te me tao'iga 'akatoa roa ake, i kite atu nei ki a matateretere i 'akapei koia mai, ma te pui'ia ki tōna mato. Tū 'akapeperei rāua koi tena mata'ura'ura ka 'unu'i to te matateretere mato, ka 'akanana ai ko ai te me tao'iga 'akatoa roa ake. 'A koroio ara, vovo te pōroro ma te tao'iga 'akatoa, mea rā, nui ake te pōroro me vovovovo, nui 'ua te matateretere me kuru potaka io potaka ake tona mato ki ana, 'e i te 'aka'opega, ku titiripu te pōroro me 'unu'i koia tena. Reka i 'akamata 'ua te rā me kovi'i, e 'a konoga muri i'o, no te ma'ana, ku 'unu'i te matateretere ki tona mato. Me penei te pōroro i 'akatika ai ko te rā noti te me tao'iga 'akatoa roa ake.",Femme,560.1254743956126,1033.5462953171532,24.306543463381246,79.34186173853526,0
565,Mannheim,Allemagne,8.467183,49.483391,https://atlas.lisn.upsaclay.fr/sounds/Mannheim.mp3,"Ämol hawwe sisch de Nordwind un die Sunn gstridde, wer vunene de Stärgere wär. Do is en Wandersmann doher kumme, wo en warmer Mandel aaghabt hot. Sie sin sisch äänisch worre, dass der de Stärgere wär, wo den Wandersmann dezubringe däät, soin Mandel auszuziehe. De Nordwind hot geblose so stark, wie er gekännt hat, awwer je mehr wie er geblose hot, um so feschter hot sisch der Wandersmann in soin Mandel oigewiggelt. Do hat de Nordwind dann schließlisch kabiduliert. Jetzert hot die Sunn die Luft mit ihre freundlische Strahle warm gemacht, un schun nooch e paar Aacheblick hot der Wandersmann soin Mandel ausgezooche. Do hot de Nordwind zugewwe misse, dass die Sunn de Stärgere vunene war.",Homme,697.720364864554,1526.7547908641852,11.015030800821355,78.38386721423683,0
566,manouche,LNT_Europe,7.070753201160212,49.10746227459216,https://atlas.lisn.upsaclay.fr/sounds/sinto.mp3,"I čum un i zùna dikan le kun hi o zorledar. Pale dikan le o našebaskro, ǆals glan un vels mit i orge glan pre. Un i zùna dikas ap leske, penas: kan dikam kun lela eršte veg. Pale mišto kan tu kre, ame pale imar glan mit i màntla. Un i zùna penas pale: hal tu štrofemen. I čum dikels li un pudrels li, un dikels li kane purdels li [...]. Un ‘breškro, kan ǆas kan imar màntla; leske his pale i zùna zorledar. Ap les hi zo'ldar ap leste. Pal dikels i zùna, kon šajnrels; kun lel kan i màntla eršto veg, jop hi zorl'dar. Pal dikas i zùna ke jop hi zorl'dar eme, un jop kun lels, pal his dox, o kham, i zùna...",Homme,670.1814397719255,1086.6890577491322,10.777166324435319,80.10129363449693,0
567,Mantova,Italia,10.791359,45.158215,https://atlas.lisn.upsaclay.fr/sounds/Mantova.mp3,"'La tramuntana e 'l sul i discütéva an dì sü chi fos di dü al püsé fort, i ved en viandant che al passava invojà nel sö mantèl. Allora i si mis d'accord chi prim ad lor al fos riuscì a far cavàr al mantel al viandant al sarés astà ritenü al püsé fort. La tramuntana 'l'ha cumincià a buffàr con tüta la so forsa, ma pü la buffava, pü al viandant al s'invojava nal sö mantèl. Tant'è che a la fin al pòver vent al lasa lì. Allora al sul al cominciò a brilà con tüt al sö calór e sübit al viandant as cavà al mantèl. Atsé la tramuntana la fü custreta a riconòsar che al sul l'era püsé fort.",Femme,573.8640121244143,864.436130339702,15.563634496919919,70.03545516769336,0
568,Manx Gaelic,EU,-4.483703,54.15181,https://atlas.lisn.upsaclay.fr/sounds/Manx_Gaelic.mp3,"Va'n Gheay Hwoaie as y Ghrian resooney ry-cheilley quoi jeu va'n fer stroshey, tra haink troailtagh nyn aare as eh ceau cloagey blah. Ren ad coardail dy nee yn derrey yeh jeu oddagh hoshiaght cur er y troailtagh y cloagey echey y chur jeh veagh coontit ny stroshey na'n jeh elley. Eisht heid y Gheay Hwoaie cho lajer as dod eh, agh myr smoo v'eh sheidey, wheesh shen s'chenney va'n troailtagh tayrn y cloagey echey mygeayrt-y-mysh; fy-yerrey hoal hug eh seose yn eab echey. Eisht ren y Ghrian soilshean dy blah, as chelleeragh hug y troailtagh jeh y cloagey echey. As myr shen v'eh er y Gheay Hwoaie goaill rish dy nee yn Ghrian va'n fer stroshey jeh'n jees jeu.",Homme,803.9944110833072,1773.0682162062735,11.387583846680355,84.75644763860369,0
569,mapuche,AG,-72.380057,-40.224801,https://atlas.lisn.upsaclay.fr/sounds/mapudungun.mp3,"Piku kürüf engu antü n'otukawmekelu tuchi ñi doy newenngen, ruparumi kiñe wentru makuñtulelu. Fey mew feypiwingu: tuchi nentuñmafile ñi makuñ feytichi wentru fey doy newenngerkey pinngey. Fey mew fütra newentu tripay ti piku kürüf; welu tiyechi wentru fey doy ümpülhuwi ñi makuñ mew. Femlu ti wentru fey ti piku kürüf rupay. Fey mew ti antü wülüfüy ñi alof tripan.",Homme,527.0744980053609,1334.2512904670127,11.235085557837097,75.85490759753594,0
570,Marche-en-Famenne,Belgique,5.343352,50.226763,https://atlas.lisn.upsaclay.fr/sounds/Marche-en-Famenne.mp3,"La bîje et l' solê s' kèrint mizére. ""To n' våt ddja nin on stron"" alint i, onk èt l' ônte. ""Waite on pônk ci-la sol route come il e-st agayôlé avou s' vîye cazake. ""C' estéve li domestike del Cinse do Bwès. ""Deus dmèys ki c' est mi ki va lî fé boudjer s' cazake li prëmî, paski c' est mi l' pus fwârt. Sayans nos deûs!"" Do Gros Bouchon, l' grande êr atake a choflè sol domestike. Pus k' èle chofléve, pus ki l' domestike si rastrindéve dins s' cazake. Al fin, l' grande êr a leyi ouve. Adon l' solê, ki s' éve catché, a rivnou. Il a cmincè a tchaufer po rèchandi nosse domestike. Ça fêt ki l' domestike crèvéve di tchônd, et il a boudjé s' cazake. Ça fêt ki l' bîje a dvou payer ses dmèys.",Homme,696.4416191257063,1416.0070598582454,9.65893223819302,83.27346338124572,0
571,Marchin,Belgique,5.226198,50.479241,https://atlas.lisn.upsaclay.fr/sounds/Marchin.mp3,"C'èstût co margaye inte bîje et solo. ""C'èst mi k'èst l' pus fwêrt"", assènîn'-t i, mâvas. A ç' moumint la ariva-st on bribeûs, on vî paltot so s' dos. ""Dji wadje, di-st-i l' solo, ki vos n'arivrez nin a l' dismoussî pus vite ki mi"". ""Tapez-l' la !"" di-st èle li bîje, tot tindant s' min. Adon l' bîje si mèta-st a sofler, sofler, sofler, a s'ènnè hirer les poumons. Mågré çoula, l'ome tinéve bon èt k' sètchîve si paltot todi pus sèré disconte di lu. Al fin dè conte, discoradjêye, li bîje tapa djus. Adon, l' solo s' mèta-t-a r'glati, èt rihondiha l' bribeûs. Mons pô d' tins, l'ome kiminça-st a souwer a gotes èt, tot sonkènêwe, wèsta s' paltot. Nosse bîje fourit bin oblidjêye di rik'noke ki ç' côp châl, èlle aveût trové s' mêsse.",Homme,646.731378945919,1258.7043745569576,10.65015742642026,82.43041067761807,0
572,Marie,France,7.137209,44.032121,https://atlas.lisn.upsaclay.fr/sounds/Marie.mp3,"La cisampa e lo solelh se debequinhavan, cadun segur d'èstre lo mai fòrt, quoura an vist un viatjaire qu'arribava tapat dins lo sieu mantèl. Son aguts d'acòrdi que lo premier que li farà levar lo mantèl, al viatjaire, serà vist coma lo mai fòrt. Alora la cisampa s'es messa a soflar tant que poiá, mas au mai soflava, au mai lo viatjaire se tapava e finalament a criat seba. Alora, lo solelh s'es mes a lúser e gaire de temps après, lo viatjaire eschaudat a levat lo sieu mantèl. Emb aquò la cisampa es bèn agüa oublitjaa de reconèisser que lo solelh èra lo mai fòrt deis dos.",Homme,591.818763813021,1269.6845389949021,9.792026009582477,68.41307323750856,0
573,Marnay,Croissant,4.923463,46.700237,https://atlas.lisn.upsaclay.fr/sounds/Marnay.mp3,"La bise apeu l' soûla s'engueulint, chécun sout'not qu'étot soi l' pus fôrt, mâs v'là t-y-pas qu'ô l'ont vu un camp-volant qui s'évançot, envouilli dans son mantiau. O s' sont écourdés pour dire que c'tune qu'érriv'rot l' premer à fâre sorti son mantiau à c' gars-là, y s'rot r'couniu cmoua quoi y'étot soi l' pus fôrt ! Alors la bise s'ot mis à souffler tant qu'à prou, mâs, à pus qu'il soufflot, à pus qu' l' train-ne savate sarrôt son mantiau autor de soi, apeu, à la fin, la bise a r'nonci à l'y fâre dôter. Alors le soûla a cmouaschi à brilli, tout pour d'un coup, le drôle a sorti son mantiau. Cmoua çan, y'a ben follu qu' la bise r'couniesche qu'étot brâmant le soûla l' pus fôrt de z-ou deux.",Femme,564.3475846670905,798.8205918090844,12.153025325119781,78.63503764544832,0
574,Marne,Deutschland_SH,9.016666412353516,53.95000076293945,https://atlas.lisn.upsaclay.fr/sounds/Marne.mp3,"Dat is lang her, do geroden Noornwind un de Sünn in Striet, wokeen wull starker weer. Jüst keem een Mann to Foot vörbi, de harr een feinen warmen Mantel an. Noornwind un Sünn weern gau enig: de schull düssen Striet winnen, de den Kerl so wiet kreeg, dat he sien Mantel uttrecken dee. De Wind leeg los un puus un puus as dull as he kunn. Overs de Wannersmann verkroop sik jümmers noch duller in sien Mantel. Noornwind keem an sien End un geev op. Nu leeg de Sünn los. Ehrn fründliche Strohlen moken de Luft so warm, dat de Kerl foorts sien Mantel uttrock. Noornwind graleer de Sünn to so veel Knööv.",Femme,828.0332051479666,1441.910375559219,10.45728952772074,85.07072553045859,0
575,marquisien ('eo 'enana mei 'Ua Pou),PF,-140.048819,-9.361143,https://atlas.lisn.upsaclay.fr/sounds/marquisien_('eo_enana).mp3,"E titotohe a'a Tiu me 'Oumati no te hakati'atohu 'o ai te mea 'i'i ake i 'oto 'o 'āua, 'i tō 'āua kite'īa 'i titahi 'enana papauo e hakatata a'a me tō ia kahu uhi pū. I hakahei 'āua te mea tōmua ana'oa i hakako'e'o 'i te kahu uhi pū 'o hua 'enana papauo, 'o ia tei ti'ohi'īa me he mea 'i'i ake. E aha 'ā, 'ua puhi Tiu paonā 'o te 'i'i, mea 'ā, totahi atu tō ia puhi, totahi atu te 'enana papauo 'i te hakatita tō ia kahu uhi pū ma 'uka 'o ia. 'I te pao'īa, 'ua hua hope Tiu, ko'e nui e hakako'e'o haka'ua 'i te kahu uhi pū. E aha 'ā, i ha'amata ai 'Oumati 'i te pupu'a, i tihe ai te ava, i ve'ave'a ai hua 'enana papauo me tō ia taki atu 'i tō ia kahu uhi pū. Ati'i nei te hakati'atohu 'a Tiu, 'o 'Oumati te mea 'i'i ake 'i 'oto 'o 'āua.",Femme,536.839482516876,786.1418701467221,27.025222450376454,75.78815879534565,1
576,marquisien ('eo 'enana mei Nuku Hiva),PF,-140.10271,-8.911872,https://atlas.lisn.upsaclay.fr/sounds/marquisien_('eo_'enana_mei_Nuku_Hiva).mp3,"'Ua titotohe Metaki Kama'i'i me 'Oumati no te ha'ati'atohu 'o ai te mea 'i'i atu 'i 'oto 'o 'āua, 'i tō 'āua 'ite'īa 'i titahi 'enana he'e e ha'atata a'a me tō ia kahu uhi pū. 'Ua ha'ahei 'āua te mea tōmua e ha'ako'e'o 'i te kahu uhi pū 'o te 'enana he'e, 'o ia tei ti'ohi'īa me he mea 'i'i atu. 'A tahi, 'ua puhi ha'a'i'i Metaki Kama'i'i, mea 'ā, totahi atu tō ia puhi, totahi atu te 'enana he'e te ha'atita 'i tō ia kahu uhi pū ma 'uka 'o ia. 'I te paonā, 'ua hua hope Metaki Kama'i'i, ko'e e ha'ako'e'o haka'ua 'i hua kahu. 'I mu'i iho, 'ua ha'amata 'Oumati 'i te pupu'a i tihe ai te ava, mahanahana ai te 'enana he'e me tō ia taki atu 'i te kahu uhi pū. Ati'i a'a, 'ua ha'ati'atohu Metaki Kama'i'i, 'o 'Oumati te mea 'i'i atu 'i 'oto 'o 'āua.",Femme,588.6272065100553,773.749165124743,26.842991101984943,76.78205338809035,1
577,marquisien ('eo 'enata),PF,-139.039049,-9.80466,https://atlas.lisn.upsaclay.fr/sounds/marquisien_('eo_'enata).mp3,"'U totofai Metani me 'Oumati no te ti'ohi 'o ai te mea 'i'i a'e 'i vavena 'o 'āua, 'a tahi 'ā, 'ua 'ite 'āua i titahi 'enata vovo uhitia me te kahu ve'ave'a e ha'atata nei io 'āua. 'U ha'ahei 'āua, te 'enata 'i'i 'i vavena 'o 'āua, na ia e taki 'i te kahu ve'ave'a 'o te 'enata vovo. Noa atu te puhi 'o Metani ha'apao te 'i'i, totahi atu hua 'enata vovo nei te ha'atita 'i tō ia kahu, a'o'e i tiheka'a 'i te ha'apaonā. 'Ohia 'ā, 'u ha'apupu'a 'o 'Oumati 'i tō ia tau hihi. No te ve'ave'a oko nui, 'ua taki te 'enata vovo 'i tō ia kahu. 'E 'ua ha'ati'atohu te metani, 'o 'Oumati te mea 'i'i a'e 'i vavena 'o 'āua.",Femme,578.9765056529665,878.3264038822956,26.692915811088294,78.07526351813827,1
578,Marseille,France,5.37,43.2964,https://atlas.lisn.upsaclay.fr/sounds/Marseille3.mp3,"Graphie classiqueUn còp, lo mistrau e lo soleu s'agantavan. Chascun afortissiá qu'èra lo pus fòrt, quora veguèron arribar un voaiajor tapat coma Sant Jòrgi. Tombèron d'acòrd qu'aqueu qu'arribariá lo promier a li faire levar son vièstit seriá regardat coma lo pus fòrt. Lo mistrau, alòr, ti li mandèt una brafoniá que ti dieu qu'aquò. Mai au mai bofava, au mai lo tipo s'agolopava dins son mantèu. E fin finala lo mistrau renoncièt a l'i faire levar. Alòr lo soleu comencèt de dardalhar de plus bèla e, au bot d'un moment, lo paure mesquin, rescaufat, si levèt lo mantèu. Ansin, lo mistrau fuguèt d'esquina e reconoissèt que lo soleu èra lo pus fòrt dei dos.",Homme,754.987428546958,1236.4805857906633,15.351211498973305,68.8535318275154,0
579,Matha,France,-0.3167,45.8667,https://atlas.lisn.upsaclay.fr/sounds/Matha.mp3,"Le vent d'bis' et l'soulail s'aguigniant à cause qu'y creyiant êt' chacun d'zeu coûté l'pu finassou. Au mêm' moument voure qu'o passe un voéyâjheur affubyé d'un pan'tot, y s'accordant-à dire que thieul'là qu'arriv'rait à z'y fair' cheir son pan'tot l'peur'mier, s'ra l'pu groû. Aussitout, l'vent d'bise coumencit' à buffer, à buffer. Pu fret qu'un yâ, l'gars-lî s'cotissait dans son pan'tot. O-l'a duré in moument sans qu'le voéyâjheur chanjhiss' sa pousition et à fine force, l'vent d'bis' finit peur feire thiu su pointe. O l'est à thieu moument qu' l'soulail-li s'metti-t- à achâler tout son pyen temps. O-l'a duré in moument et tot d'in côt, thieu pauv' voéyâjheur tou soulayé fu-t-obighé d'outer son pan'tot. L'vent d' bise-lî rousti r'queuneussut qu'ol'était bin l'soulail l'pu fort d'enteur' zeux deux.",Homme,694.9310680038052,1530.1330925512052,13.87639972621492,78.35692676249144,0
580,Maurrin,France,-0.3726374767764724,43.82431578565594,https://atlas.lisn.upsaclay.fr/sounds/Maurrin.mp3,"Lo vent e lo só que's disputèvan, enté saber quin èra lo mei hòrt, quan an vist un viatjaire qui s'avancèva, envelopat dens son manto. Que son tombats d'acòrd que lo qui lo purmèr lu haré sortir lo manto au viatjaire que seré espiat com lo mei hòrt. Lavetz, lo vent que's mèt a soflar de tota sa fòrça, e mei que bohèva, mei lo viatjaire que's serrèva dens lo mantèth, e a la fin, lo vent qu'a abandonat a l'i har deishar. Lavetz, lo só qu'a començat a lusir e au cap d'un moment, lo viatjaire, rescauhat, qu'a sortit lo manto. Atau, lo vent qu'a dut reconéisher que lo só qu'èra lo mei hòrt deus dus.",Femme,711.1114004550338,1319.1312122557438,14.671108829568789,78.55342231348392,0
581,maya yucateco,Mexico,-89.21365110066486,20.77301623052008,https://atlas.lisn.upsaclay.fr/sounds/maya_yucateco.mp3,"Xamanka'an yéetel K'iine', tu tutukchi'o' máakalmáak jach mu'uk'a'an, ti' lelo' ka máan juntúul xíinxilbáal máak yéetel u xteep'. Ka tu ya'alo'ob máax tánil ku beetik u lúubul u xteep', leti' jach u mu'uk'anil. Xamanka'an túune' káajil u xóob chich yéetel tuláakal u k'uuxil, chéen ba'ale' xíinxilbal máako' ka tu tep'ubáaj ma'alob, náak u yóol xamanka'ane' ka xu'ul u xóob. K'iin túune' ka juulnaj yéetel tuláakal u muuk', séebanile' xiinxilbáal máake' ka tu lu'usa u xteep'. Beyo', xamanka'ane' tu chímpoltaj k'iin.",Homme,737.9677162382976,1607.7133743272666,27.069253935660505,73.6314442162902,1
582,Mayet,France,0.273385,47.76028,https://atlas.lisn.upsaclay.fr/sounds/Mayet.mp3,"La soufflée et eul soulai i se chicorai cor la goule à savouèr qui qu'c'est le plus bastant des deux, quand qu'is-ont vu un compagnon qui vn'ant tout quioté dans sa flaupe. Les v'là d'aquédent, que ct'i là qui mettrait bardadau la floppe au compagnon, ça serait c'ti'là qui s'rait le plus bastant. Si bin qu' la soufflée elle a mis une grande secouée tout c'qu'elle a pu, ac't'heure le compagnon se quiotait cor pus dans sa flaupe. Si bin qu'elle en a défini de c't'ouvraige là. De par le fait eul soulai a mis un coup de chaûd. Si bin que le compagnon, i'na déviré sa flaupe. Du coup, la soufflée n'est d'avis qu'eul soulai ça t'i'étant le pus fô des deux.",Homme,718.7563560574289,1224.5044066319847,12.38965092402464,79.74196440793976,0
583,Meänkieli,EU,23.520243,66.859239,https://atlas.lisn.upsaclay.fr/sounds/Aapua_Meankieli.mp3,"Pohjastuuli ja aurinko kiistelit siittä kumpiko heistä oli voimakhain, ko yks mies marsi tulheen lämmin rokki päälä. Net päätit ette se joka ensinä sai miehen ottamhaan pois rokin oli voimakhain heistä. Pohjastuuli puhalsi aivan voiman takkaa, mutta mitä enämpi se puhalsi, sen lujemasti mies veti rokkia kiini; ja niin pohjastuuli viimisthääns joutu antamhaan ylös. Silloin aurinko tuli framile ja loisti niin lämpimästi ja miehleisesti ette miehelä oli pakko ottaa rokin pois. Ja niin pohjastuuli sai tunnustaa ette aurinko oli voimakhain heistä.",Femme,611.6128777287483,1044.7183981013916,0.6039356605065024,92.91837097878165,1
584,Mechelen,Belgique,4.4776445248008105,51.026239526589634,https://atlas.lisn.upsaclay.fr/sounds/Mechelen.mp3,"De noordenwind en de zon waren erover aan het redetwisten wie de sterkste was van hun beiden. Juist op dat moment kwam er een reiziger aan, die gehuld was in een warme mantel. Ze kwamen overeen dat degene die het eerst erin zou slagen de reiziger zijn mantel te doen uittrekken de sterkste zou worden geacht. De noordenwind begon toen uit alle macht te blazen, maar hoe harder ie blies, deste dichter trok de reiziger zijn mantel om zich heen; en ten lange leste gaf de noordenwind het op. Daarna begon de zon krachtig te stralen, en hierop trok de reiziger onmiddellijk zijn mantel uit. De noordenwind moest dus wel bekennen dat de zon van hun beiden de sterkste was.",Homme,903.1986741350363,1721.2938726605078,11.3452977412731,81.51530458590007,0
585,Meerssen,Belgique,5.752303,50.885097,https://atlas.lisn.upsaclay.fr/sounds/Meerssen.mp3,"De noordewind en de zon zaote zich te vreigele wae van hun tjweje de sjterkste waor. Zjus op dat momint kaom 'ne reiziger aan dae 'ne werme euverjas aan hauw. Ze woorte 't dreuver ins tot wae es jerste drin zouw sjlage um de reiziger z'nen euverjas te laote oetdoon, es de sjterkste besjoewd zou weure. De noordewind begos toen oet allemach te bloze, mèh wie helder heer blees, wie vaster de reiziger d'n euverjas um zich heer trok. Oeteindelik gaof de noordewind 't op. Daonao begos de zon hjel hèl te sjtraole en toen doog de reiziger oonmiddellek z'nen euverjas oet. De noordewind mos dus waal bekinne tot van hun tjweje de zon de sjterkste waor.",Homme,545.3480923271619,1432.3589918827743,11.393237508555783,79.45043121149898,0
586,Meilen,Suisse,8.645945,47.26961,https://atlas.lisn.upsaclay.fr/sounds/CH_Nordwind_Meilen.mp3,"De Biiswind und d Sune — Emaal händ de Biiswind und d Sune gschtritte, wèèr vo bäidne das ächt de Schtèrcher seig. Da chunnt en Maa dethèèr, won en ticke Mantel aagha hät. Do sinds rö̀ö̀tig woorde, dass dèè de Schtèrcher seig, wo dè Maa dezue bringi, dass er sin Mantel abziei. De Biiswind hät aafè blaase so fescht das er hät chöne, aber de Maa hät nur de Mantel änger gnaa. Do hät d Sune aafè schiine. Immer wèèrmer, bis de Maa de Mantel abzoge hät. Do hät de Biiswind müese zuegèè, das d Sunn schtèrcher seig weder èèr.",Homme,896.2362513003351,1648.1943594735126,9.93703627652293,81.94296372347706,0
587,Meldorf,Deutschland,9.06666660308838,54.09999847412109,https://atlas.lisn.upsaclay.fr/sounds/Meldorf42.mp3,"v42       v57     Noornwind un Sünn kregen sik eens in de Hoor. Se streden wokeen denn wull de meiste Kraft hall. Do keem een Kerl to Foot vörbi. He harr een warme Jopp an. Noornwind un Sünn keem gau övereen nu den Striet to End to bringen: De Starkste schull de ween, de dat hinkreg, dat düsse Minsch sien warme Jopp uttrecken dee. Noornwind leggt ok glieks los un puus so dull as he kunn. Overs de Kerl verkroop sik jümmers mehr in sien Jopp bit Noornwind an't End weer. Nu legg de Sünn los un mook mit ehrn warme Strohlen de Luft so richti scheun warm. Dat weer den Kerl to dull un stracks trock he sien warme Jopp ut. De Sünn hall den Striet wunn un Noornwind graleer ehr to so veel Kraft.     Eenmol, do streden sik Noordwind un Sünn, wer von de beiden wohl de Stärkere weer, as een Wanderer, de in ein warm Mantel hüllt wöör, den Weg langkeem. Se wörrn sik einig, dat dejenige as de Stärkere gelln schull, de den Wanderer dwingen wörr, den Mantel aftonehmen. De Noordwind bloost mit alle Macht, overs je düller he blosen dee, desto faster hüll sik de Wanderer in sien Mantel in. Endlich geev de Noordwind den Kampf op. Nu warmt de Sünn de Luft mit ehre fründlichen Strohlen und nu wenige Ogenblicke trock de Wanderer sien Mantel ut. Do muss de Nordwind togeben, dat de Sünn von beiden de Stärkere weer.",Homme,997.2632735582815,1655.4338643671965,9.9439151266256,85.03110882956878,0
588,Melle,Croissant,-0.139882,46.223646,https://atlas.lisn.upsaclay.fr/sounds/Melle.mp3,"Le vent de bîse et le souleil se gringnassiont, chacun assèrtenant l'âtre que l'était le pu fort, quinte l'ont vu un rabalou çhi s'apeurchait encatiné dans sa vareuse. Le timbiriont vite d'accord per dire que çha çh'arriverait le permer à faire outer la vareuse ou rabalou serait çha çhi serait vu queume le pu fort. Alors, le vent de bîse se mettit à buffer de toute sa force, mais mé le buffait, mé le rabalou sârait sa vareuse sus li et à deré, le vent de bîse se varllit à li faère outer. Alors, le souleil a quemouincé à berticller et ou bout d'un moument, le rabalou achalé a outé sa vareuse. De minme, le vent de bîse a dû requeneûtre que le souleil était le pu fort dau deux.",Homme,631.4230050550638,1093.8738267112763,13.485229295003421,77.9026830937714,0
589,Menton,France,7.507997,43.779912,https://atlas.lisn.upsaclay.fr/sounds/Menton.mp3,"graphie classiquegraphie mistralienneA bisa e ro sorelh se garrolhavan, cadaen assegurent qu'èra elo ro pus fòrt, quor'an vist un viatjator que venia, enfropat ent'o sen mantel. An convengut qu'o primo que faria levar-se o mantel ent'o viatjator seria considerat com'o pus fòrt. Alora, a bisa s'ese metua a sofiar dame tot'a soa fòrça, mas pus sofiava pus ro viatjator strenhia ro sen mantel au giro d'elo, e per finir, la bisa a renonciat da far-ro levar. Alora lo sorelh s'ese metut a lusir, e d'aquí pauc, o viatjator, rescaudat, a levat o sen mantel. Aishí, a bisa a degut reconósher qu'o sorelh èra ro pus fòrt de tot u dos.  A bisa e rou sourelh se garroulhàvan, cadaen assegurent qu'era elou rou pu fouart, coura an vist un viajatoù que venìa, enfroupà ent'ou sen manté. An counvengù qu'ou primou que farìa levà-se ou manté ent'ou viajatoù serìa counsiderà coum'ou pu fouart. Aloura, a bisa s'ese metùa à soufià dame tout'a soua fouarça, mà pu soufiava pu rou viajatoù stregnìa rou sen manté au girou d'elou, e pèr finì, ra bisa a renouncià de fà-rou levà. Aloura rou sourelh s'ese metù à lusì, e d'aquì poc, ou viajatoù, rescaudà, a levà ou sen manté. Aishì, ra bisa a doushù recounoushe qu'ou sourelh era rou pu fouart de tout u dou.",Femme,647.6139840915915,1352.6998505749214,12.37700205338809,68.99560574948666,0
590,Menton,Occitanie,7.507997,43.779912,https://atlas.lisn.upsaclay.fr/sounds/Menton.mp3,"graphie classiquegraphie mistralienneA bisa e ro sorelh se garrolhavan, cadaen assegurent qu'èra elo ro pus fòrt, quor'an vist un viatjator que venia, enfropat ent'o sen mantel. An convengut qu'o primo que faria levar-se o mantel ent'o viatjator seria considerat com'o pus fòrt. Alora, a bisa s'ese metua a sofiar dame tot'a soa fòrça, mas pus sofiava pus ro viatjator strenhia ro sen mantel au giro d'elo, e per finir, la bisa a renonciat da far-ro levar. Alora lo sorelh s'ese metut a lusir, e d'aquí pauc, o viatjator, rescaudat, a levat o sen mantel. Aishí, a bisa a degut reconósher qu'o sorelh èra ro pus fòrt de tot u dos.  A bisa e rou sourelh se garroulhàvan, cadaen assegurent qu'era elou rou pu fouart, coura an vist un viajatoù que venìa, enfroupà ent'ou sen manté. An counvengù qu'ou primou que farìa levà-se ou manté ent'ou viajatoù serìa counsiderà coum'ou pu fouart. Aloura, a bisa s'ese metùa à soufià dame tout'a soua fouarça, mà pu soufiava pu rou viajatoù stregnìa rou sen manté au girou d'elou, e pèr finì, ra bisa a renouncià de fà-rou levà. Aloura rou sourelh s'ese metù à lusì, e d'aquì poc, ou viajatoù, rescaudà, a levà ou sen manté. Aishì, ra bisa a doushù recounoushe qu'ou sourelh era rou pu fouart de tout u dou.",Femme,647.6139840915915,1352.6998505749214,12.37700205338809,68.99560574948666,0
591,Menznau,Suisse,8.039358,47.083453,https://atlas.lisn.upsaclay.fr/sounds/CH_Nordwind_Menznau.mp3,"Èinisch hènd seech de Nòrdwend ond d Sonne gschtrette, wäär vo eene bèidne woou de Schtèrcher seig, won e Wanderer, wo in e waarme Mantu ghöut gsee esch, a eene vèrbiiglòffe n esch. Si hènd seech gèiniget, dass dääjeenig as de Schtèrcher sö̀u gäute, wo de Wanderer cha zwenge, sine Mantu abzzie. De Nòrdwend hèd met aller Macht plòòse, abèr je mee äär plòòse hèd, dèsto fèschter hèd seech de Wanderer i sine Mantu ghöut. Schlossändlech hèd de Nòrdwend de Kampf ufggää. Dèè hèd d Sonne d Loft mèt eerne fröndlèche Schtraalen erwèèrmt, ond scho nòch weenigen Òugebleck hèd de Wanderer sine Mantu abzòge. Dò hèd de Nòrdwend mösse zuegää, dass d Sonne vo eene bèidne de Schtèrcher gsee esch.",Homme,794.1161356056477,1440.496806152388,8.588788501026693,78.86977412731007,0
592,Merdrignac,France,-2.41402,48.19167,https://atlas.lisn.upsaclay.fr/sounds/Merdrignac.mp3,"Le vent fret e le soulai taen a s'entr-battr tous deûz a savaïr qhi q'i taet le pus fôt. E den le méme secant il avizite un veyaïjou qi taet qi cheminae de lou bout, hanë d'un paltaod. I se metite d'assent qe le sien q'ariverae le permier a fere tirer son paltaod ao bounoume-la serae ergardë come le pus fôt. Aloure, le vent fret parti a bufer, bufe qi n'bufe. Sia meins dame pus q'i bufae, pus qe le veyaïjouz, li, s'entourtae den son paltaod e dame pour en f'ni, le vent fret minz son renonci a le depiaoter. Dede 'la, le soulai li qemencit a raire e aprés un p'tit de temp, le veyaïjouz, rachalë, se decaplit. C'ét de méme qe le vent fret dû erconetr qe le soulai, b'ame 'la taet li le pus fôt des deûz.",Femme,742.1638030221328,1449.4638055159369,12.451088295687885,81.79050650239562,0
593,Mesocco,Suisse,9.229449624905866,46.39410156614653,https://atlas.lisn.upsaclay.fr/sounds/CH_Nordwind_Mesocco.mp3,"La breva e el sou. I tacava lita un dì la breva e el sou. Un el pretendeva da vèss pisse fort del alter. Quant i a vist un viagiadó che el veniva inanz, vultu dent in un mantél. I dó che tacava lita i a decidù che él saria stacc pisse fort chel che saria riuscit a fach trà fora el mantél. La breva l a cuminciou a bufà fort fort, ma pisse che la bufava, pisse el viagiadó el se strengeva in del mantél, tant che a la fin la povera breva l a desistù dal so prupòsit. El sou alora al s a mustrou in ciel, e subit dopu el viagiadó, che el sentiva calt, l a tracc fora el mantél. E iscì la breva l è staccia ublighèda a ricugnoss che el sou l èra pisse fort.",Femme,691.3446728421641,1483.7823999067145,1.754031485284052,84.94392197125258,1
594,"Messey-
sur-Grosne",France,4.7447,46.643,https://atlas.lisn.upsaclay.fr/sounds/Messey-sur-Grosne.mp3,"La bïlle a peu le soulô s'jeurint. I dyint tos les deux qu'ís z'eutint le plus fœut, quand vl'à qu'i voyau un voyageur qu' s'évancé, engonci dans son mantiau. I sont conv'nis que c'tune qu'erriveré avant l'aut à fâ dôter le mantiau au voyageur i's'ré le plus fœu. Alors, la bïlle s'eût mis à soffler de tôtes ses forces. Mâ plus all' sofflé plus le voyageur sarré son mantiau cont lune. A la fin, la bïlle a cédé. Alors le soulo a c'moci à lure à peu un moment après le voyageur qu's'euté réchandu, a dôté son mantiau. C'ment çan, la bïlle a dû recounieutre que des deux yeuté le soulo qu'euté le plus fœu.",Femme,699.6058574904861,882.2496202507834,12.153025325119781,78.63503764544832,0
595,Meux,Belgique,4.800224,50.551522,https://atlas.lisn.upsaclay.fr/sounds/Meux.mp3,"Li bîje èt l' solia s' dispètronîn', chaque di zèls v'leut qu'il èsteut l' pus fwârt quand il ont aporçu on voyadjeû qui s'avancicheut tot rèfaud'lé dins s' pardèssus. La d'su, il ont tchèyu d accôrd po qui l' cia qu'arivereut l' prumî à li fé r'satchî s' pardèssus sèreut waîtî come li pus fwârt. Adon, l' bîje à soflé di s' pus fwârt. Mins, au pus est-ç' qui sofleut au pus ç' qui l' voyadjeû r'sèreut s' pardèssus autou d' li. Tant èst, qu'à l' fén, li bîje a r'noncî à' li fé r'satchî. C'è-st-adon qui l' solia s'a mètu à r'glati èt après on momint, li voyadjeû, bén r'chandi, a r'satchî s' pardèssus. C'èst come ça qui l'bije a d'vu r'conèche qui l' solia èsteut l' pus fwârt dès deûs",Femme,651.1166733143747,1159.7920167497323,10.65015742642026,82.43041067761807,0
596,Meyzieu,France,5.004812,45.76731,https://atlas.lisn.upsaclay.fr/sounds/Meyzieu.mp3,"La bise et lo seloly se disputâvont, châcun disiêt qu'oul étiêt lo plus fôrt, quand ils viront un voyagior que s'avanciâve, tot envelopâ diens son mantiô. Ils se sont betâ d'acôrd que lo pèrmiér que lui ferêt enlevar son mantiô serêt lo plus fôrt des dus. Adonc la bise se bèt a sofllar de tota sa fôrce, mas plus ale sofllâve, plus lo voyagior resserrâve son mantiô outorn de lui, et la bise a fini par renonciér. Adonc lo seloly fêt brilyér ses rayons, et lo voyagior, rechôdâ, at enlevâ son mantiô. D'ense, la bise a recognu que lo seloly étiêt lo plus fôrt.",Homme,716.4778576239406,1610.4850136663263,12.609418206707735,76.05473648186174,0
597,Midelt,Maroc,-4.739485,32.688904,https://atlas.lisn.upsaclay.fr/sounds/Midelt.mp3,"ⵢⴰⵏ ⵡⴰⵙ, ⵜⵎⵅⴰⵍⴰⴼ ⵜⴰⴼⵓⵢⵜ ⵏⵜⵜⴰⵜ ⴷ ⵓⵣⵡⵓ ⵎⵉ ⴷⴷⵉⴳⵙⵏ ⴰⵢⴷ ⵢⵓⴳⵔⴻⵏ ⵡⴰⵢⵜ ⴳ ⵍⵊⴻⵀⴷ, ⵏⵏⴰⵖⵏ, ⴳ ⵉⵏⵉⵖⵉ ⵏⵙⵏ, ⵀⴰⵏ ⵢⴰⵏ ⵓⵔⵢⴰⵣ ⵉⴷⴷⴰⴷ, ⵉⵍⵙⴷ ⴰⵣⴻⵏⵏⴰⵔ ⵏⴰⵎⵉ ⵜⵜⵉⵏⵉⵏ ⴰⴱⵏⵏⵓⴷ,ⵀⴰⵜ ⵉⴷⴷⴰⴷ ⴳ ⵓⴱⵔⵉⴷ, ⵓⵖⵓⵍⵏ ⵎⵙⴰⵙⴰⵏ, ⵉⵎⵙⴰⵙⴰ ⵓⵣⵡⵓ ⴷ ⵜⴰⴼⵓⵢⵜ. ⵏⵏⴰⵏ ⵓⵏⵏⴰ ⵉⵣⵡⴰⵔⵏ, ⵓⵏⴰ ⵢⵉⵡⴹⴻⵏ ⴰⵔⴷⴰⵙ ⵉⴽⴽⵙ ⴰⵣⴻⵏⵏⴰⵔ ⵉ ⵓⵔⵢⴰⵣ ⵉⵏⵏ ⵀⴰⵜ ⵏⵜⵜⴰ ⴰⵢⴷ ⵉⵚⵃⴰⵏ , ⵏⵜⵜⴰ ⴰⵢⴷ ⵉⵇⵡⴰⵏ ⴷ ⵏⵜⵜⴰ ⴰⵢⴷ ⵉⵊⴻⵀⴷⴻⵏ. ⵉⵡⴰ ⵉⴱⴷⵓ ⵓⵣⵡⵓ, ⵉⴱⴷⵓ ⵓⵣⵡⵓ ⴰⵔ ⵉⵜⵚⵓⴹ ⵙ ⵍⵊⴻⵀⴷ ⴰⴷ ⵉⴽⴽⵙ ⴰⵣⴻⵏⵏⴰⵔ ⵉ ⵓⵔⵢⴰⵣ ⵖⵉⴼ ⵜⴰⴷⴰⵡⵜ ⵏⵏⵙ, ⴽⵓⴷ ⵉⵜⵚⵓⴹ ⵓⵣⵡⵓ ⵉⵜⵛⴻⴱⴱⴰⵔ ⵓⵔⵢⴰⵣ ⴳ ⵓⵣⴻⵏⵏⴰⵔ ⵏⵏⵙ, ⴰⵔ ⵉⵜⵚⵓⴹ ⵓⵣⵡⵓ, ⴰⵔ ⵉⵜⵚⵓⴹ ⵓⵣⵡⵓ, ⴰⵔ ⵉⵜⵚⵓⴹ ⵓⵣⵡⵓ, ⵓⵔ ⵉⵖⵉⵢ ⴰⴷⴰⵙ ⵉⴽⴽⵙ. ⴽⵓⴷ ⵉⵜⵚⵓⴹ, ⵉⵏⵇⵇⴰ ⵓⵚⵎⵎⵉⵟ ⴰⵔⵢⴰⵣ, ⵉⵜⵜⴰⵎⵣ ⴳ ⵓⵣⴻⵏⵏⴰⵔ ⵏⵏⵙ ⵢⵉⴳⵢ ⴰⴷⴰⵙ ⵉⵔⵣⴻⵎ. ⵉⵡⴰ ⴰⵔ ⵉⵜⵚⵓⴹ ⵙⴰⴼⵉ ⵢⴰⵏ ⵛⵡⵉⵢ ⵉⵡⵃⴻⵍ ⵓⵣⵡⵓ ⵉⵏⵏⴰⵙ ⵙⴰⴼⵉ ⵓⵔ ⵖⵉⵢⵖ ⴰⴷⴰⴽ ⴽⴽⵙⴻⵖ ⴰⵣⴻⵏⵏⴰⵔ. ⵜⴱⴷⵓ ⵜⴰⴼⵓⵢⵜ, ⵜⴱⴷⵓ ⵜⴰⴼⵓⵢⵜ ⵙ ⵜⵜⴰⵡⴻⵍ ⵙ ⵜⵜⴰⵡⴻⵍ ⴰⵔ ⵜⵙⵙⴻⵔⵖⴰ ⴰⵔⴷⵉ ⵜⵜⴰⵍⵉ ⵜⴰⴼⵓⵢⵜ ⴰⵔⴷⵉ ⵜⵜⴰⵍⵉ ⵜⴰⴼⵓⵢⵜ ⴰⵔ ⵜⵙⵙⴻⵔⵖⴰ ⵍⵃⴰⵍ ⵛⵡⵉ ⵢⴰⵖ ⵡⴰⴼⴰ ⴳ ⵜⵎⴰⵣⵉⵔⵜ ⵙ ⵍⵃⵎⴰ, ⵢⵉⴽⵢ ⵓⵔⵢⴰⵣ ⴷ ⵍⵃⵎⴰ ⵉⴽⴽⴰⴷ ⴰⴳⵏⵙⵓ ⵏⵏⵙ ⴷ ⴱⵔⵔⴰ ⵏⵙⵙ ⵉⴽⴽⵙ ⴰⵣⴻⵏⵏⴰⵔ ⴰⴷ ⵉⵙⵓⵏⴼⵓ. ⵜⵏⵏⴰⵙ ⵜⴰⴼⵓⵢⵜ ⵚⴰⴼⵉ ⵀⴰⵢ ⵔⵔⵉⵖⴽ, ⴰⵣⵡⵓ ⵉⵏⵏⴰⵙ ⵜⵔⵔⵉⵜⵉ, ⵉⴷⴷⵓ ⵉⴱⵔⴷⴰⵏ ⵏⵏⵙ.",Homme,674.1185714764946,1123.4951578381933,14.156817248459959,50.821635865845316,0
598,Mieming,Deutschland,10.969336,47.307856,https://atlas.lisn.upsaclay.fr/sounds/North_Tyrolean.mp3,"Es hom sig amol da Nordwind und die Sunn' gstritt'n, wer da Stärkere war, wia a Wanderer, der in am warmen Mantel g'hüllt war, z'Weig kemmen isch. Dei sein sig einig g'wordn, dass der da Stärkere sein sollt, der in Wanderer zwingen tat, in Mantel weg z'tian. Da Nordwind hat mit aller Macht blaßn, aber um so mehr er blaßn hat, desto feschter hat sich da Wanderer innen Mantel eing'hüllt. Entlig hat da Nordwind in Kampf augeb'm. Iatz hat die Sonn' mit di freindlig'n Strahl'n die Luft au'gwärmt und glei danoch hat da Wanderer in Mant'l auszog'n. Da Nordwind hat zuageb'n miaßn, dass die Sunn' da Stärkere war.",Homme,515.268443942101,537.6135034599376,6.654380561259411,82.1407460643395,0
599,Mirabel-et-Blacons,France,5.106318,44.708602,https://atlas.lisn.upsaclay.fr/sounds/Mirabel-et-Blacons.mp3,"La bisa e lo solelh se charpinhavan, chascun asseürava qu'èra lo mai fòrt. Es adonc que veguèran un viatjaor que s'avançava, pleiat dins son mantèl. Se son acordats qu'aquèlo que capitariá lo promier de li far garar lo mantèl sariá avisat coma lo mai fòrt. Alòr la bisa se botèt a bofar tant que poviá mès au mai bofava, au mai lo viatjaor sarrava son mantèl còntra ièlo e fin finala la bisa renoncièt de li lo far garar. Alòr lo solelh comencèt de dardalhar e au bot d'un moment, lo viatjaor, reschaufat, garèt son mantèl. Ansin la bisa deupiguèt reconéisser que lo solelh èra lo mai fòrt daus dos.",Homme,561.886337873587,1019.8999423980005,12.932888432580425,72.40496919917865,0
600,Miranda do Douro,Portugal,-6.274104,41.495349,https://atlas.lisn.upsaclay.fr/sounds/Miranda_do_Douro.mp3,"L aire de riba i l sol çcutien qual de ls dous era l más fuorte, quando calhou a passar un biajante anrebulhado nua capa. Al bé-lo, pónen-se d'acuordo an cumo l purmeiro que fusse capaç de oubrigar l biajante a tirar la capa serie l más fuorte. L aire de riba ampeçou a assoprar cun muita fuorça, mas quanto más assopraba, más l biajante s'agasalhaba cun la capa, até que l aire de riba zistiu. L sol relhumbrou anton cun todo l sou splendor, i ato cuntino l biajante tirou la capa. L aire de riba tubo assi de reconhecer la superioridade de l sol.",Homme,649.5342185428717,1385.6809950511597,13.267214236824094,70.84302532511978,0
601,mixteco,Mexico,-98.2019837826326,19.040039989083272,https://atlas.lisn.upsaclay.fr/sounds/mixteco.mp3,"In kivi, tatyi vada xi iantyii kuaa-ia sa'a ña ana tyii ga ndee inixi. Datu'a ni xini ia ni ya'a in neivi xika ityi kua'an te ndixi ne iin du'nu ndee. Te tatyi xi iantyii ni ndetnu'u ia ana di'na kida xi neivi ma dita ne du'nu ndee ndixi ne. Tatyi ni kesa'a ia ni kana kua'a ia te neivi ma vi'i ga ni na kudukun tnuu ne du'nu ndee datu'a ni kudadi. Tatyi koo ni kundee ga ini ia. Te ni kesa'a sakasan ka'ni xi iantyii. Neivi yukan ni kesa'a ne ni tava ne du'nu ndee ndixi ne sa'a ma tatyi ni nakuni ia ña iantyii tyiiga ndee ini xi.",Femme,702.5328160997949,1741.55967257354,17.34296372347707,62.01270362765229,0
602,Moerbeke,Belgique,3.885481,50.774026,https://atlas.lisn.upsaclay.fr/sounds/Geraardsbergen_Moerbeke.mp3,"Die twee waren mee één aan 't discuteren aan 't bakkeleien eigenlijk wie van de twee dat er nu eigenlijk de strafste was. Maar ze kwamper nie aan uit. En just tèèn passeert er ne man mee ne dikke frak aan. En ze zeggen tegen één awè kijkt dienen die nu 't eerste gedaan krijgt dat diene man zijne frak uitspeelt da is de strafsten. En den noorderwind begint te blazen en te blazen, hij blaasdege zo neig as dat hij koest; maar hoe meer dat hij blaasdege vaneigensn hoe meer da diene man zijn frak toetrok. Ja, op den duur moest de noorderwind wè zeggen ah ja 't ga nie hé 't ga nie hé. Maa tèèn begoest de zonne te schijnen, en hoe meer da ze scheen hoe, warmer dat de man kreeg, en hij trok direct zijne frak uit. Voilà, de noorderwind moest tèèn eigenlijk wel toegeven da de zonne straffer was asn hij.",Femme,700.0197004183686,1116.165954457174,11.335845311430527,82.48269678302533,0
603,Moeso-Romanian,EU,20.145853,44.551988,https://atlas.lisn.upsaclay.fr/sounds/Piroman_Moeso-Romanian.mp3,"Северни vânt şï soareli ântr-o zï s-a certat. Şï tot a vrut să araţi că el maj ţapă şï maj tari. Cânt a văzut путникu cari a umblat pe drum umbluiat 'n капутu lui să araţă снага a lui. S-a договориt să 'nţiapi, să jaţi, cari poati mai multi, să скинiască капутu de pă мушкарцă, şï atunci să şti cari e maj ţapă. Првu vântu a 'nceput să baţă cu снага lui toată, cum a скинia капутu de pă om али cât a bătut mai mult, atât путникu mai mult a strâns капутu şï la крај vântu sa lăsat de joc.",Homme,648.9805204453392,767.6506771300353,13.060260095824779,73.14714579055442,0
604,mojeño ignaciano,Bolivia,-65.639159,-14.991798,https://atlas.lisn.upsaclay.fr/sounds/mojeno_ignaciano.mp3,Muraca eñi achane sacu. Muraca tecaticawa. Titecapawa wana muraca. Tiyamapa tecaticawa. Chuchucapa ta sache tijaraipa wana.,Femme,810.0258038481201,1109.435370153443,26.237446954141003,76.46904859685147,1
605,mojeño trinitario,Bolivia,-64.902059,-14.832362,https://atlas.lisn.upsaclay.fr/sounds/mojeno_trinitario.mp3,"To wono ene to sache tkichojris'okkonri'iji tajicho najpuka no 'tumeponri'iji, muetavikporipuiji ma tpuiiririkra'i, makepkokpoo'i to attaji. Tkutkokompo techokokono, ma matiwo tyagpuegia to muepko'u ma tpuiririkra'i, ema 'tumepongienejicha. Takepo to tektikwo wono, tnekchoopo tochuko mrakagienejicha; etotsero to taemrakachopo tochusra, ma tpuiririkra'i makoñatsakgienejicha mraka to muepko'u, takepo to tektikwo wono tinajrikwopo. Takeptsero to sache tnekchoopo tijree'i mraka twanñiñikopo, to taejru'ira ma tpuiiririkra'i mave'po to muepko'u. Ene tos'iyri'i to tektikwo wono taemotpo to tatumewopno to sache.",Homme,540.6359108210004,593.236629042907,26.69832306639288,73.60810403832991,1
606,Moldovan Romanian,EU,27.60528601691641,47.15075699243916,https://atlas.lisn.upsaclay.fr/sounds/Moldovan_Romanian.mp3,"Crivățu' șî Soarili sî sfădeu șî fiicari sî făle că iel îi mai voinic. Văzând cî sî aprochie un drumeț îmbracat cu o hainî groasî, hotărîrî cî așiala cari a sî reușascî șial dintâi sî-l facî sî-ș scoatî haina, așiala a sî șii șial mai voinic dintri ii. Atunșia Crivățu' o înșeput sî sufli cât puté el di tari, da cu cât sufla mai mult, cu atâta drumețu' strângé mai tari haina pi iel. Pânî la urmî, Crivățu' n-o mai înșercat sî-i scoatî haina. Pi urmî, Soarili o înșeput sî strălușiascî șî, pi loc, drumețu', încălzându-sî, își lepădă haina. Așă, Crivățu' o trebuit sî-i deie drieptati cî Soarili îi mai voinic dîcât iel.",Femme,630.4838362534496,1272.4219277164225,11.089678302532512,71.77477070499658,0
607,Molfsee,Deutschland_SH,10.06666660308838,54.26666641235352,https://atlas.lisn.upsaclay.fr/sounds/Molfsee.mp3,"Vör een lange Tiet hett sik de Noordwind und de Sünn doröver kappelt wer von de beiden woll den meisten Knööv hett. Dor keem en Wandersmann, de recht een dicke Jack an harr, den Weg hindool. De beiden würrn sich gau enig, dat dejenige de Stärkere ween schull, de dat schafft, wenn de Wandersmann siene dicken Plünn afleggen deit. De Noordwind leggt sik tüchtig in Tüüch un puus mit alle Macht doch je mehr he puusen düng umso faster wickel sik de Wandersmann in siene Klamotten in. Nur een Tiet geev de Noordwind sien Kampf op un de Sünn de kann nun mit ehr fründlichen Strohlen de Luft upwarmen. Dat duert nie lang un de Wandersmann teckt sien Kladarsch ut. Dor mösst de Noordwind togeben, dat de Sünn denn doch de meisten Knööv hett.",Homme,944.9861832677252,1908.8472457773662,10.025852156057494,85.17136892539357,0
608,Mollkirch,France,7.3833,48.5,https://atlas.lisn.upsaclay.fr/sounds/Mollkirch.mp3,"Frieier hàn de Nordwend un d'Sonn' amòl metnànder g'handelt, fer ze wesse wer vo de zwei de Stärrigst esch, wu ne Spàziergànger em a worme Mantel ingeweckelt geije se komme esch. Sie sen d'accord wore dàss de erscht wu's ferti brengt em Spàziergànger de Mantel usmàchezien àls de Stärrigst gelt. De Nordwend het dànn met voller Kraft geblòse, awer wie meh daàs er geblòsen het, wie feschter het de Spàziergànger sech en de Màntel ingeweckelt. Andli het's dànn de Nordwend òfgaan. Dànn het d'Sonn' onfànge ze schine un d'Luft òfgewärmt, un schon bal het de Spaziergànger de Mantel usgezöje. So het de Nordwend zu mien gaan dàss d'Sonn' d'stärrigst esch.",Femme,574.6484917606645,1629.0976972344854,11.28151266255989,77.60385352498288,0
609,Mölln,Deutschland,10.691574,53.620532,https://atlas.lisn.upsaclay.fr/sounds/Molln.mp3,"Noordenwind un Sünn wollen eens weeten, wokeen vun jüm beiden woll de mehrsten Knööv harr. Do keem een Wannersmann vörbi, de harr een warm Mantel an. Se keem övereen, dat de wohl de mehrsten Knööv harr, de dat schaff, dat de Wannersmann sien Mantel uttrecken wörr. De Noordenwind puust all wat he kunn, man je mehr he blaas, je faster wickelt sik de Wannersmann in sien Mantel in. Toletzt geev de Noordenwind op. Nu keem de Sünn an de Reeg. Se maakt de Luft warm mit ehre fründlichen Strahlen un bald trock de Wannersmann sien Mantel ut. Dor müsst de Noordenwind togeeven, dat de Sün de mehrste Kraasch harr vun se beiden.",Femme,735.7904307478705,1282.8710146172298,9.945290896646133,82.98971937029431,0
610,Momas,France,-0.4333,43.45,https://atlas.lisn.upsaclay.fr/sounds/Momas.mp3,"La bisa e lo sorelh que's pelejavan, cadun assegurant qu'èra lo mei hòrt. Quan vedón un viatjador qui n'anava, amantolat hens lo son manto, que's hiquèn d'avís. Lo purmèr que s'i escadore entà'u har tirar que seré espiat com lo mei hòrt. Alavetz, la bisa que's hiquè a bohar en s'i hant a mort, mès mei e bohava, mei lo viatjador e's trossava hens lo son manto. Per la fin, qu'arrenonciè. Alavetz, lo sorelh que comencè a arrajar, e au cap d'un moment, lo viatjador, escalorit, que's tirè lo manto. Atau, la bisa qu'avó a reconéisher que lo sorelh qu'èra lo mei hòrt.",Homme,610.3638994498923,1317.357979624007,14.613340177960302,77.99464065708419,0
611,Monacia-d'Aullène,France,9.012222,41.514444,https://atlas.lisn.upsaclay.fr/sounds/Monacia-d'Aullene.mp3,"U muntagnolu è u soli si litigavani, ughjugnu assicurendu ch'ellu era u più forti, quandu ani vistu un viaghjadori chì s'avanzava, ingutuppatu ind'u so manteddu. Si sò missi d'accunsentu è quiddu chì ghjunghjaria u prima à fà caccià u so manteddu à u viaghjadori saria fighjulatu cum'è u più forti. Allora, u muntagnolu s'hè missu à suffià di tutti i so forzi. È più suffiaia, più u viaghjadori stringhjia u so manteddu intornu ad eddu è à a fini, u muntagnolu hà rinunciatu à faddilu caccià. Allora u soli hà cuminciatu à lucia è dopu à un certu mumentu, u viaghjadori, riscaldatu, hà cacciatu u so manteddu. Tandu, u muntagnolu hè statu ubligatu à ricunnoscia chì u soli era u più forti di i dui.",Homme,543.0644294092075,623.2306227833178,18.542991101984942,74.64395619438741,0
612,Monaco,France,7.429301,43.741609,https://atlas.lisn.upsaclay.fr/sounds/Monaco.mp3,"A tramuntana e u suriyu se ne stavun cicutandu, cadûn dijendu che era u ciû forte, qandu an vistu ün viagiatù che se ne stava vegnendu, ben frupau ünt'ün belu grossu mantelu. Se sun mëssi d'acordi che chëlu che riescëssa u primu a ghe fà levà u mantelu, a stu viagiatù, serëssa cunsiderau cuma u ciû forte. Alura, a tramuntana s'è mëssa a sciuscià cun gran força ma, ciû sciusciava e ciû u viagiatù se ne strenzëva ben ben u mantelu e ün fin finale, a tramuntana à lasciau perde. Alura, u suriyu à cumençau a dardayà e ün pocu dopu, u viagiatù, rescaudau, s'è levau u mantelu. È cuscì che a tramuntana à devüu recunusce che u ciû forte d'i dui, era u suriyu.",Femme,650.393694382728,1369.4269436030813,17.64041067761807,73.70547570157426,0
613,Moncoutant-sur-Sèvre,Croissant,-0.587776,46.723366,https://atlas.lisn.upsaclay.fr/sounds/Moncoutant-sur-Sevre.mp3,"Le vent de galèrne pi le soulall étiant après se digoénaè. L'èïn queme l'aotre disét qu'ol ét ét lli le pu fôrt. A tio moument, ll'ont vu in' ouayajhev qui s'avonçét bé encatini dan seïn paletot. Le s'avant mis d'assent que tio-la qui ferét llétàe le paletot au ouayajhev le premàe, o serét lli qui serét jugi le pu fôrt. Alure, le vent de galèrne a pris a bufaè tont ét pu. Pu que le bufét, pu que le ouayajhev tenét sin' paletot bé saralli sev lli. O fèt qu'a deraè, le vent de galèrne en a fét ine laèsse. Alure, le soulall a quemèïnci a trelusaè et pi in' moument après, le ouayajhev, le s'avét rechali, ll'at lléti sin' paletot, si bè que le vent de galèrne at bé éti oblligi de requeneutre que le soulall étét le pu fôrt d'entr'eux deux.",Femme,694.4839873679076,1557.7694017734898,13.207440109514032,78.47384668035592,0
614,Mönkeberg,Deutschland,10.1876235,54.34839,https://atlas.lisn.upsaclay.fr/sounds/Monkeberg.mp3,"Vör lange Tiet hett sik de Sünn mit de Noordenwind streden, wokeen von de beiden mehr Knööv hett. Do keem en Wannersmann dorto, de en warm Mantel antrocken harr. Sünn un Noordenwind sind sik enig worrn, dat de as de Starkere gellen schull, de den Wannersmann dwingen wörr den Mantel uttotrecken. De Noordenwind hett mit alle Macht blosen, man je mehr he blosen dee, ümso faster hett sik de Wannersmann in en Mantel hüllt. Am Enn geev de Noordenwind den Kampf op. Nu weer de Sünn an de Reeg un hett de Luft warmt mit ehr fründliche Strohlen un al no kotte Tiet hett de Wannersmann den Mantel uttrocken. Do müss de Noordenwind togeben, dat de Sünn mehr Knööv harr as he.",Homme,647.6240509720604,1247.9735933462362,10.025852156057494,85.17136892539357,0
615,Mons,Belgique,3.950119,50.454245,https://atlas.lisn.upsaclay.fr/sounds/Mons.mp3,"El vint d'bise éyé l'soleye aviont ène bisbrouye ; chaqué n'un strivoit qu'il étoit l'pus fort, quand i l'ont vu arriver ein voyâgeur infardélé dins s'paletot. I s'sont mis d'accord : el prumier qu'arriv'roit à décider el voyâgeur dé r'saquer s'paletot s'roit considéré el pus fort. D'abord el vint d'bise s'a mis à chuff'ler d'tout ses pus fort mais, pus qu'i chuff'loit, pus qué l'voyâgeur s'intourpinoit dins s'paletot. Pou fini, el vint d'bise s'in rindu à li fèere r'saquer s'paletot. D'abord, el soleye a comminché à briller, éyé au d'bout d'ein momint, el voyâgeur, rinscauffé, a r'saqué s'paletot. C't'ainsi qué l'vint d'bise a d'vu r'counoite qué l'soleye étoit l'pus fort des deux !",Homme,691.7700925033104,1284.7633153298698,11.122498288843257,82.38370294318959,0
616,"Mont-Saint-
Guibert",Belgique,4.611762,50.634726,https://atlas.lisn.upsaclay.fr/sounds/Mont-Saint-Guibert.mp3,"Li bijhe eyet l' solea s' bretine, tchaconk acertinant k' il esteuve li pus foirt, cwand il ont voeyu l' voyaedjeu avancî, ewalpé dins s' paltot. I s' ont metou d' acoird kel cénk k' arivreuve li prumî a fé oister s' paltot å voyaedjeu sreut rmetou come li pus foirt. Adon l' bijhe s' a metou a shofler di tote foice mins dpus k' ele shofléve, dipus kel voyaedjeu seréve si paltot åtoû d' lu et, al difén, l' bijhe a rnoncî a l' lyi fé oister. Ça fwait kel solea a-st ataké a rlure et après on moumint, l' voyaedjeu, restchåfé, a oisté s' paltot. C' est insi kel bijhe a dvou rconexhe kel solea esteuve li pus foirt di zels deus.",Homme,830.5164311862757,1586.6764134638624,10.816584531143054,82.7822997946612,0
617,Montblanc,France,3.367448,43.39734,https://atlas.lisn.upsaclay.fr/sounds/Montblanc.mp3,"La cisampa e lo solelh se carcanhavon, cadun afortissent qu'èra el lo mai-mai, quora veguèron un viatjaire que se sarrava emmantelat. S'acordèron que lo que capitariá a faire tombar lo mantèl al viatjaire seriá gueitat coma lo mai fòrt. Alara la bisa se botèt a bufar tant que pusquèt, mas mai bufava, mai lo viatjaire quichava lo mantèl a son entorn. La bisa renoncièt a o ié faire levar. Alara lo solelh se metèt a lusir e passat pertot, lo viatjaire, escalorit, tirèt lo mantèl. Aital la bisa se forcèt de reconèisser qu'èra lo solelh lo mai fòrt de los dos.",Homme,851.6845788287897,1476.939368052148,14.183230663928816,73.62930869267625,0
618,Montchevrier,Croissant,1.738772,46.487075,https://atlas.lisn.upsaclay.fr/sounds/Montchevrier.mp3,"L' ch'tit vent frè èt pus l' soulei' s' disputiont, yen èt l'aout' d'siont qu'é y'étiont l' pus fort, quanté y'avont apeurçu un vouèyageu' qu' m'nè encapuchouné dans son palto. É sont m'nus d'accord qu' ceul'la qu'arriv'rè l' premier à fér' tchiter son palto au vouèyageû' s'rè argardé coumm'  l' pus fort. A tcha moument, l' ch'tit vent frè s'é mis à souffier tant qu'a z'a pu, mè pus a souffiè, pus l' vouèyageu' serrè son palto su' li, qu'à la fin, l' ch'tit vent frè a abandounné d'yi fér' ôter. È ben l' soulei' a c'mencé à cougner èt pus au bout d'un moument, l' vouèyageu', ravigoté, s'é dépioté d' son palto. È ben coumm' ça l' ch'tit vent frè, a z'a ben été obligé d' r'counait' qu' l' soulei' até ben l' pus fort d' z'eux deux.",Femme,607.6007610630639,1025.4957841064702,12.38302532511978,77.88772073921972,0
619,Montecilfone,Italia,14.838309,41.905472,https://atlas.lisn.upsaclay.fr/sounds/Montecilfone.mp3,"Vareia e diù zëjen lite psè dish diën kush ishi mi forti. Kur pan ke vii një lëti ma një palto torna torna u vughën d'acordu ke ai tche bëntè i zinri paltoin i pari, vingioi. U vughe te frii vareia fort fort, ma me frii e me lëtiu bertohshi torna paltoit. Allora vareia duiti te thoi kè bori. U vughe te ngrohi diù fort fort, e lëtiu zonri paltoin psè dërsii. Akshtù vareia duiti të rëkunushiri kè vingiojti diù.",Femme,635.8017702928832,1055.2827598315307,17.86492813141684,68.20845995893224,0
620,Montgaillard,France,1.6,43.9167,https://atlas.lisn.upsaclay.fr/sounds/Montgaillard.mp3,"Lo sorelh e la bisa se capinhavan, cadun sosteniá qu'èra lo pus fòrt, quand vegèron un voiatjor que s'aprochava, estropat dins un mantèl. Se metèron d'acòrdi que lo prumièr qu'arribariá a far quitar lo mantèl al voiatjor seriá reputat lo pus fòrt. Alavetz, la bisa se metèt a bufar, bufa que bufaràs, mès mai bufava, mai lo voiatjor se sarrava lo mantèl sus el e, a la fin, la bisa quitèt de lo li voler far tombar. Alavetz, lo sorelh comencèt de lusir e, al cap d'un moment, lo voiatjor, escaudurat, quitèt lo mantèl. Atal, la bisa divèt reconéisser que lo sorelh èra lo pus fòrt de totis dos.",Homme,511.16193977927355,867.6700410651506,13.731047227926078,76.35994524298427,0
621,Montgaillard / Montgalhard,Occitanie,1.6,43.9167,https://atlas.lisn.upsaclay.fr/sounds/Montgaillard.mp3,"Lo sorelh e la bisa se capinhavan, cadun sosteniá qu'èra lo pus fòrt, quand vegèron un voiatjor que s'aprochava, estropat dins un mantèl. Se metèron d'acòrdi que lo prumièr qu'arribariá a far quitar lo mantèl al voiatjor seriá reputat lo pus fòrt. Alavetz, la bisa se metèt a bufar, bufa que bufaràs, mès mai bufava, mai lo voiatjor se sarrava lo mantèl sus el e, a la fin, la bisa quitèt de lo li voler far tombar. Alavetz, lo sorelh comencèt de lusir e, al cap d'un moment, lo voiatjor, escaudurat, quitèt lo mantèl. Atal, la bisa divèt reconéisser que lo sorelh èra lo pus fòrt de totis dos.",Homme,511.16193977927355,867.6700410651506,13.731047227926078,76.35994524298427,0
622,Montpellier,France,3.8776,43.6,https://atlas.lisn.upsaclay.fr/sounds/Montpellier.mp3,"La cisampa e lo solelh s'atissavan, cadun afortissent qu'èra lo mai fòrt, quand vegèron un viatjaire que s'avançava, tot emmantelat. Se metèron d'acòrd que lo qu'arribariá lo primièr de faire quitar son mantèu au viatjaire, seriá lo mai fòrt. Alara, la cisampa se metèt a bufar, a bufar de tota sa fòrça, mès dau mai bofava, dau mai lo viatjaire sarrava son mantèu contra eu e a la fin, la bisa renoncièt de l'i faire quitar. Alara lo solelh comencèt a brilhar e al cap d'un moment, lo viatjaire, tot rescaufat, quitèt son mantèu. Atau, la cisampa deguèt ben reconéisser que lo solelh èra lo mai fòrt dels dos.",Homme,604.4659972229921,1312.116992792388,16.132149212867898,70.97642026009582,0
623,Montrésor,France,1.200034,47.155531,https://atlas.lisn.upsaclay.fr/sounds/Montresor.mp3,"Le vent fraitte et le souleille y s'achticoté, à qui qui s'ra ti l'pus fort, alo quand qui y ont vu un voÿageux qui s'amenoit, enrtorné dans ses affutiaux. Y i ont tumbé d'accior qué celuite qu'advoindroit l'permier à y fai ôuter son affutiau d'voÿageux i s'rait ergadé coumme l'pus fort. Et, le vent s'y a mis à souffer d'tioute seus forces mais pus qui i souffé, pus qué l'voÿageux il armonté son affutiau jusqu'ou z'oureilles et qu'au bout d'yun moument, l'voÿageux, erchauffé, y ly a outé ses affutiaux. V'la donc coumment le vent fraitte y du bin arcounnette qué le souleille y a été le pus fort.",Femme,522.2443356250743,799.9228623437011,12.919171800136892,77.6196167008898,0
624,Montreuil-sur-Brêche,France,2.272032,49.508144,https://atlas.lisn.upsaclay.fr/sounds/Montreuil-sur-Breche.mp3,"Ech vè pi ch'solé satchueume insanne, savoir echti qu'éteut ch'pu fort. À momè lo, is ont apérchu un horsain s'triboulant su ch'cmin, sn'habillure fait d'un grand capieu et puis d'un bieu paltot. Is sont tcheuts d'accord insanne : echti qu'i poureu l'preume faire artirer sin paltot à cht'honme i sreu erbéyé comme ech pu dru. À momè lo, ech vè il o cminché à roufler aveuc éne forche du diabe, ch'virvandeu o rabluché sin paltot su s'poétrègne. Éch vè o arté es forche vu qu'echl horsain i n'avait poént déssotché es casaque ni sin capieu. Aladon ech solé il o cminché à donner, pi aprés un tchot momè, ch'vivandeune, bien récauffé, o démuché sn'habit. Cha fait qu'ech vè o trouvé qu'ech solé était ch'pu fort ed chés deux.",Homme,688.1749933960557,1530.1578573771094,11.467665982203968,81.36120465434634,0
625,Montrollet,France,0.8975,45.9836,https://atlas.lisn.upsaclay.fr/sounds/Montrollet.mp3,"Lo vent e lo solelh se disputaven, chascun assurant qu'eu arí lo pus fòrt, quand ilhs viten un voiatjor que s'avançava, plejat dins son manteu. Ilhs tombeten d'acòrd que queu que 'riberí lo prumier a far tirar son manteu au voiatjor serí visat coma lo pus fòrt. Alòrs, lo vent se metet a bufar de totas sas fòrças, mas mai eu bufava, mai lo voiatjor sarrava son manteu autorn de se, e a la fin, lo vent renoncet a lo li far tirar. Alòrs, lo solelh se metet a raiar, e au bot d'un moment, lo voiatjor, eschaurat, desfit son manteu. Entau, lo vent deuguet coneitre que lo solelh arí lo pus fòrt d'entr'ilhs dos.",Femme,648.742500371793,1193.3581263318179,13.041629021218343,77.9623613963039,0
626,"Montsauche-
les-Settons",France,4.025,47.216,https://atlas.lisn.upsaclay.fr/sounds/Montsauche-les-Settons.mp3,"Lai bige peus l'soulei s'pisagaint, chaicun diant qu'el étot l'pus fôrt, quand qu'el' ont vu un voèyaigeou que s'aippeurchot, enroûté dan son mantiau. È' s'sont mettus d'aiccord que çu qu'airriverot l'premer ài fére oûter son mantiau au voèyaigeou serot ergaidé coume l'pus fort. Ailors, lai bige s'ot mettue ài soffier de tote sai force mas pus qu'elle sofflot pus que l'voègeou sarrot son mantiau autor de lu chi bin qu'ài lai fin, lai bige ernoncé ài y fére oûter. Ailors le soulei ài coumencé ài briller peus au bout d'un moument, le voégeaou résauffé ai oûté son matiau. Ç'ot coumme çai que lai bige ai dû ercounaite que l'soulei étot l'pus fort des deux.",Homme,617.4052103606349,1189.1826118682438,11.535256673511293,79.86459274469541,0
627,Moravian,EU,17.444249,49.459915,https://atlas.lisn.upsaclay.fr/sounds/Prerov_Moravian.mp3,"Severák a Slunko se hádali, keré z nich je silňéší. Z teho uviděli pocestnýho, jak ide zachumlané do plášča. Tož se dohodli, že za silňéšího budó pokládať teho, keré první dovede, aby si pocestné vyslekl plášč. V tém začal Seveřák fókať vší siló, ale čém víc fókal, tém víc se pocestné zachumlával do svojeho plášča. Konečně se Severák zdal marnýho úsilí. Potém začlo Slunko svítit a hřáť a za neakó dobu pocestné, kerýmu bylo vedro, shodil plášč. Tak musel Severák uznať, že Slunko je silňéší.",Homme,653.7750001121109,1298.3290469486299,8.889575633127995,80.77303216974674,0
628,moré,Bolivia,-64.918433,-12.094697,https://atlas.lisn.upsaclay.fr/sounds/more.mp3,"Fuyani kure mapwito ataywa ayiki wakoran xit tikim ra ro apiwa ya rati wenko itenwa. Yana kure tam Mayn yara uruti timaka ko apwinka yanima. Yari fuyani apwinsa Futi raman ayikin tikim apiwa,yara xe fuyani nima. Yanima mapwito primarakin nakiyima. Sisawa itenwa fuyani koxayma ayiki mapwito.",Femme,743.999406276306,1056.2154259727959,27.561197809719374,72.84501711156743,1
629,Morpeth,GB,-1.687352,55.168431,https://atlas.lisn.upsaclay.fr/sounds/Morpeth_Northumbrian.mp3,"The North Wind and the Sun wor mekkin thor jaas gan as t'whee wes the stranga when a little aad wizzened chep happt in a muckle geet muffler come on the scene. ""Aye noo, here's me chance"" says the wind. ""Aam ganna show ye whee's gaffer here. If aa can git that little bugger t' tek off ees muffler and mevvie even ees ganzie, wad ye agree that aam the stranga?"" ""Aa daur say,"" says the sun. ""Divvent rax yor sinnions."" So the North Wind sets eesel away and blaas and blaas and blaas as hard as ee could. It put ye in mind o the wulf and the three little gissy pigs. Aye but the harder the wind blew the tighter went the muffler roond the gadgie's neck - var nigh chowked im an ee nivvor once thowt aboot tekkin off ees ganzie. At lang last the North Wind give ower. By, ee wes in the huff, ee wes, lad. ""Cleor the decks,"" says the sun. ""Aa'll show ye hoo t gan on."" An ee shone and shone and filled the whole plyce wiv a happy glow, Ye wad just think Newcastle had won a corner! As for the gadgie, ees off wi the muffler in nee time and afore lang ees off wi the ganzie n aall. Ee even lowsed ees gallasus. ""Reet,"" says the sun.""Whees gaffer then?"" But the wind sayed nowt. Ee'd buggered off t somewhere fresh. Just a wind bag ye knaa.",Femme,679.4888741435306,1367.9330695158567,9.119760438056126,87.83828884325804,0
630,Mortroux,Croissant,1.913987,46.396909,https://atlas.lisn.upsaclay.fr/sounds/Mortroux.mp3,"Le vent dau nòrd e le solèlh se disputoven, chascon disant qu'o z-ère le pus fòrt, quand os vegüeren un voiajuer que s'avançòve, envelopat dins son mantiau. Os tomberen d'acòrd que  quau-qüi qu'arriverí le premier a foaire ostar son mantiau au voiajuer serí argardat còme le pus fòrt. Còme quò, le vent dau nòrd se metèt a soflhar de tote sa fòrce mès pus o soflhòve, pus le voiajuer sarròve son mantiau autorn de lu e a la fin, le vent a renonçat a lhi foaire ostar. Còme quò le solèlh comencèt a brilhar e au bot d'un moment, le voiajuer, reschaufat, ostèt son mantiau. Le vent degüèt reconèistre que le solèlh ère le pus fòrt de laus deus.",Femme,717.7948704245362,1089.207058329336,12.38302532511978,77.88772073921972,0
631,mosetén,Bolivia,-67.42707986762642,-15.513072162173613,https://atlas.lisn.upsaclay.fr/sounds/moseten.mp3,"Tyi'mɨ' khaty' fara'ñityi'in tsɨn tyɨn, jirity khaty jɨ'nity ka' dyadyam' fer jity bui'. Jirity khaty soñi' jiyi' pɨr tyity tyɨm mɨ'. Jɨdya'ka' yi in chhïchïk dyadyam' fer ji', mɨra' bijoij tyi'. Tyi'mɨ' tsɨn tyashi' phɨjyi' khaty anik fer fɨj:yi anik' fɨjyi', dyadyam' mɨ' tyäp jetye mɨ' pɨr tyity mɨ', jam' mɨ' jejkhete mɨ' phɨr phɨrtyity mɨ' pheñi mɨ' tyi'mɨ'. Tsɨn ki' khaty mɨ' khity chhɨnyi' anikaty fer anik chhɨm'yi mɨkej yɨ. Judyeya mɨ' soñi rej mɨ' chhon'jetye pɨr tyïty me'khaty. Tsɨn bijoij.",Femme,653.8595909063424,1543.566805239241,22.70917864476386,78.50812457221082,0
632,Moulay Bouazza,Maroc,-6.198166,33.226308,https://atlas.lisn.upsaclay.fr/sounds/Moulay_Bouazza.mp3,"ⵉⵍⵍⴰ ⵡⴰⴹⵓ ⴷ ⵜⴰⴼⵓⴽⵜ ⵎⴷⴻⴹⴹⴰⵏ. ⴽⵓⵢⴰⵜⵛ ⴷ ⵉⴽⵙⵏ ⴷⴰ ⵉⵜⵜⵉⵏⵉ ⵏⴽⴽⵉⵏ ⴰ ⵉⵇⵙⵃⴰⵏ. ⴰⵍⵍⵉⵖ ⴰⵇⵉⵎⵉⵏ ⴽⵯⵛⴰⵏ ⴰⵍⵍⵉⵖ ⵄⵛⴰⵏ, ⵉ ⵊⵓⵊ ⴷⴷⵉ ⵉⴷⴷⴰ ⵖ ⵓⴱⵔⵉⴷ ⵉⵔⵙⴰ ⴰⵇⴱⴱⵓ. ⵎⵜⴰⴼⴰⵇⵏ ⵎⴰⵖ ⵏⵉⴽⵙ ⵡⵉⵏ ⴳⵉⵙⵏ ⵓⵏⵉⴳⵙⵏ ⵏⵉⵖⴳⵏ ⵙⴱⴱⴰ ⵉⵢⵓⵊⴷⵉ ⵖⵉⴽⴽⵙ ⴰⵇⴱⴱⵓ, ⵏⵜⵜⴰ ⴰⴳⴰⵏ ⵉⵇⵙⵃⴰⵏ. ⵉⴱⴷⴰ ⵡⴰⴹⵓ ⵏⵜⵜⴰⵏ ⴰⵎⵣⵡⴰⵔⵓ. ⴰⵔ ⵉⵜⵜⵚⵓⴹ ⵎⵊⵉⵃ ⴰⴽⴰ ⴷⵉⴽⴽⵙ ⵣⵄⵎⴰ ⵓⵏⵊⴷⵉ ⴰⵇⴱⴱⵓ ⴰⵙ ⵉⴳ ⵙⵙⴰⴱⴰⴱ ⵢⵓⵊⴷⵉ ⴰⵔ ⵉⴷⵉⴽⴽⵙ ⴰⵇⴱⴱⵓ. ⴰⵔ ⵉⵜⵜⵙⵓⴹ ⵡⴰⴹⵓ. ⵉⵎⵉⵊ ⴰⵏⵊⴷⵉ ⵉⵏⵖⴰⵜ ⵓⵚⵎⵎⵉⴹ. ⴽⵓⴷ ⵉⵜⵜⵙⵓⴹ ⵡⴰⴹⵓ ⵙ ⵔⵊⵀⴷ. ⵉⵜⵏⵇ ⵓⵚⵎⵎⵉⴹ ; ⵉⵜⵃⴰⵔⴰⵙ ⵙ ⵓⵇⴱⴱⵓ ⵏⵙ ⵛⴰ ⵓⵔ ⵜ ⵉⴽⴽⵉⵙ. ⵍⵎⵓⵀⵉⵎ ⴰⵔ ⵉⵜⵜⵙⵓⴹ ⵡⴰⴹⵓ, ⴰⵔ ⵉⵜⵜⵙⵓⴹ ⵡⴰⴹⵓ. ⴰⵏⵊⴷⵉ ⵓⵔ ⵉⴽⴽⵉⵙ ⴰⵇⴱⴱⵓ. ⵖⴰⵙ ⴽⵓⵍ ⵉⵜⵜⵙⵓⴹ ⵡⴰⴹⵓ ⴰⵖ ⵉⵜⵜⵣⴰⵢⴰⴷ ⵏⵜⵜⴰ ⵉⵜⵃⴰⵔⴰⵙ ⵖ ⴰⵇⴱⴱⵓ ⵏⵙ. ⴰ ⵉⵔⵔⵓⵙ ⵎⵣⵢⴰⵏ ⴰⵙ ⵉⴷⴷⵉⵊ. ⵍⵎⵓⵀⵉⵎ ! ⴰ ⵉⵔⵔⵓⵙ ⵎⵣⵢⴰⵏ ⵚⴰⴼⵉ ! ⵡⴰⵊ ⵓⵔⵜ ⵉⴽⴽⵉⵙ. ⵍⵎⵓⵀⵉⵎ ⵉⵇⵉⵎⵉ ⵡⴰⴹⵓ ⴰⵔ ⵉⵜⵜⵙⵓⴹ ⴰⵔ ⵉⵜⵜⵙⵓⴹ ⴰⵍⵍⵉⵖ ⵉⵡⵃⴰⵍⵊ. ⵉⵙⵜⴰⵙⵍⵎ. ⵉⵏⵏⴰⵙ ⴰⵡⴷⴷⵉ ⵓⵔ ⵇⴷⴷⴰⵅ ⴰⴷⴳⴰⵖ ⵙⴱⴱⴰ ⵢⵓⵏⵊⴷⵉ ⴰⴷⵉⴽⴽⵙ ⴰⵇⴱⴱⵓ. ⵉⴷ ⵛⵡⵉⵢ ⵜⴱⴷⴰ ⵜⴰⴼⵓⴽⵜ. ⵉⴱⴷⴰ ⴹⴹⵓⵔ ⵏ ⵜⴰⴼⵓⴽⵜ. ⵜⵛⴰⴼⴰⵔ ⵜⴰⴼⵓⴽⵜ ⴼⵓ ⵓⵏⵊⴷⵉ ⵉⵔⵙⴰ ⴰⵇⴱⴱⵓ. ⵜⵓⵛⴰⵙ ⵍⵃⴰⵔⴰⵔⴰ ⵎⵣⵢⴰⵏ. ⵍⵎⵓⵀⵉⵎ ⴰⵍⵍⵉⵖ ⴰ ⵉⵙⵃⴰⴷ ⵓⵏⵊⴷⵉ, ⵉⴳⵔ ⵙ ⵓⵇⴱⴱⵓ. ⵄⴰⴷ ⵉⵄⵜⴰⵔⴼ ⵡⴰⴹⵓ ⴱⵉ ⴰⵏⵏⴰ ⵜⴰⴼⵓⴽⵜ ⴰⴳⴰⵏ ⴰⵇⵡⴰ ⴰⵢⵇⵙⵃⴰⵏ. ⴰⵢⴷ ⴰ ⵉⵍⵍⴰⵏ !",Homme,754.9580631637879,1352.1393023642954,19.43028062970568,51.55401095140315,0
633,Mouzaive,Belgique,4.968267,49.85503,https://atlas.lisn.upsaclay.fr/sounds/Mouzaive.mp3,"La bîje èt l' solè së disputint. Tchèkin vlot èsse lë plus fôrt. A ç' moumint la, is ont vu in vwayadjeû k' arivot, ratôrtchî dins s' paltot. Is s' ont mètu d' acôrd kë l' cî ki parvanrèt a lî fére tirer s' paltot, ça srot loû lë plus fôrt. A ç' moumint la, la bîje a cmacî a choufler toudi plus fôrt. Mês plus k' èle chouflot, plus kë l' vwayadjeû rëssêrot s' paltot autoûr dë loû. Si bin kë l' bîje èstèt hodêye. Èlle a bachî ses bras. A ç' moumint la, lë solê a cmacî a loûre. Lë vwayadjeû a yë tchôd, èt il a tiré s' paltot. Ça fwêt kë l' bîje astot oblidjîe dë rcounë kë l' solê astot lë plus fôrt.",Femme,697.7926991664019,1464.4865685607901,10.144277891854895,82.97253935660507,0
634,movima,Bolivia,-65.42774830870273,-13.7460488111823,https://atlas.lisn.upsaclay.fr/sounds/movima.mp3,"Us kujuymuj che kus tinno bakawa'is di' janne'as di' oye di'tej. Nasko tojelwa'us juyeni, jiwalena'us kaura di'tej do'we'us. Jayle jankwa'is, nas jara'nawa'us as do'we'us asko tojel di'tej che jularawe:le. Jayle kos kujuymuj jiwalena'us kos mere' powmuj, van us juyeni ewna'us kos do'we'us. Us tinno di'tejna'us OS chonlomaj kwajles, jayle kus juyeni, jara'nawa'us kos do'we'us. Us tinno jayle usko jularawe:le.",Homme,763.6318186591693,1208.3209218567736,27.5809787816564,70.55041752224504,1
635,Muhen,Suisse,8.056863,47.332137,https://atlas.lisn.upsaclay.fr/sounds/CH_Nordwind_Muhen.mp3,"Äinisch händ d Biisen ond d Sonne gschtrette, wèèr vo denä bäiden ächt de Schtèrcher seig, won e Wanderer, wo ine waarme Mantu iighöüt gsii esch, dehäärzlaufe choo isch. Si händ sich druuf chö̀nnen äinige, dass dèè de Schtèrcher seig, wo de Wanderer dezue brengi, de Mantu abzzie. D Biise hèt met auer Macht plòòse, aber je mee dass si plòòse hèt, omso mee hèt sech de Wanderer i si Mantu iighöüt. Äntli hèt d Biise de Kampf uufggèè. Jetzt hèt d Sonne d Loft mit irne fröntliche Schtraalen uufgwèèrmt ond scho nòch wenigen Augeblick hèt de Wanderer si Mantu abzòge. Dòò hèt d Biise müesse zuegèè, dass d Sonne vo bäidne di schtèrcher gsii esch.",Homme,778.0296938735789,1386.560639219119,9.95460643394935,81.8411293634497,0
636,Münsterdorf,Deutschland_SH,9.538241151213706,53.90120493576519,https://atlas.lisn.upsaclay.fr/sounds/Munsterdorf.mp3,"Vör Tiden weren Noordwind un Sünn an Strieden, wer vun se beide wohl de Stärkere weer, as een Wandersmann den Weg vorbi keem. De weer in een warmen Mantel kleedt. De beiden harrn een Menen, dat de von se de Stärkere ween schull, de den Wanderer dorto bringt, dat he den Mantel afleggt. De Noordwind puust mit all sien Macht, aber he kunn pusten so veel as he wull, de Wanderer trock den Mantel blots fester um sick. Ton Sluss geev de Wind den Kamp op. Nu weer de Sünn an de Reeg. Se leet de Luft warm warrn un schickt de warmen Strohlen rünner na de Eer. Dat weren blots een paar Ogenblicke, dor trock de Wannersmann sien Mantel ut. De Noordwind mööt togeben, dat de Sünn de Stärkere vun se beide weer.",Femme,739.5071235249836,1587.0521922304938,9.9439151266256,85.03110882956878,0
637,Mürzzuschlag,Allemagne,15.677563,47.605342,https://atlas.lisn.upsaclay.fr/sounds/Murzzuschlag.mp3,"Der Wind und die Sun ho'm gsrittn und jeda hot gmuad er warad der Stärkere. Do hob'ms auf uimoi aan Fremd'n im Montl daher-kemman gsegn. Olle zwoa hom gmuad dos der da Stärkere war, der zerscht dem Fremdn dazua bringt, dass er 'n Montl ausziagt. Do hot da Wind au'gfangt muaz wuid zum waahn. Oba je mehr des a gwaaht hot umso mehr hot a 'n Montl zuwazoagn. Und zum End hot da Wind aufgebm zum waahn. Oft is die Sun aussikemman und hot 'n Fremdn noch aa Wauil aufgwamt. Do hot a kun Montl mehr braucht und hotn auszoagn. Jetzt hot da Wind gwisst dos de Sun da Stiakere is.",Homme,579.0367041933736,1302.033749078074,7.797905544147844,81.89715947980835,0
638,Mussidan,France,0.3656227173768296,45.03496800982276,https://atlas.lisn.upsaclay.fr/sounds/Mussidan.mp3,"La bisa e lo solelh se disputaven, chascun assurant qu'era lo pus fòrt. Quand an vist un voiatjaire que s'avançava, envelopat dins son manteu, ilhs son tombats d'acòrd que lo que arribariá lo prumier a far enlevar son manteu au voiatjaire siriá espiat coma lo plus fòrt. Alòrs, la bisa s'es botada a bufar de totas sas fòrças, mas mai ela bufava, mai lo voiatjaire sarrava son manteu autorn d'eu, e a la fin, la bisa a renonçat a li far enlevar. Alòrs, lo solelh a començat a raiar e au bot d'un moment, lo voiatjaire, eschaurat, a enlevaT son manteu. Entau, la bisa a dut reconeistre que lo solelh era lo pus fòrt dels dos.",Femme,711.1911444767136,1216.4837211484764,14.060205338809034,75.7496167008898,0
639,Müstair,Suisse,10.44,46.625,https://atlas.lisn.upsaclay.fr/sounds/CH_Nordwind_Muestair.mp3,"Vent da nord i sulai. Üna jada sa dispittean il vent da nord e’l sulai, chi dad es duoi chi’d es plü ferm; intaunt gnia ün viandant, plajà in ün mantel chad. Ès sun gnids perüna, cha’l plü ferm dess esser quel chi riva da far trar ora il mantel al viandant. Il vent da nord trea cun totta forza, ma plü cha’l trea e plü cha’l viandant sa plajea in ses mantel. Finalmaing ha il vent da nord dat sü il cumbat. Intaunt s-chaldea il sulai l’aria cun ses razs amabels, e schon do paca pezza ha il viandant trat ora ses mantel. Ischè ha il vent da nord stü dar pro, cha’l sulai d’era plü ferm co el.",Homme,634.9024591327632,1153.4707379035963,2.552580424366872,80.97360027378507,1
640,Nador,Maroc,-2.942004,35.16924,https://atlas.lisn.upsaclay.fr/sounds/Nador.mp3,ⵜⴼⵓⵛⵜ ⴷ ⵓⵙⵎⵎⵉⴹ ⵜⵓⵖⴰⵜⵏ ⵜⵎⴻⵏⵖⴰⵏ ⴽⵓⵔ ⵉⵊⵊⴻⵏ ⵉⵇⵇⴰ ⵏⴻⵛ ⵉⵖⴰ ⵉⴷⵊⴰ ⴰⵔⵉⵃⴻⵇ. ⵅⴰⴽ ⵉⵊⵊⴻⵏ ⵏ ⵔⵡⴰⵇⵜ ⵥⵉⵏ ⵉⵊⵊⴻⵏ ⵏ ⵡⴰⵔⵢⴰⵣ ⵢⵓⵙⵉⴷ ⵣⵉ ⵔⴰⴳⴳⵡⴰⵊ ⵢⴰ ⵢⴰⴹ ⴰⵙⴻⵔⵀⴰⵎ. ⵜⴼⵓⵛⵜ ⴷ ⵓⵙⵎⵎⵉⴹ ⵎⵙⵙⴼⵀⴰⵎⴻⵏ ⵅ ⵎⴰⵏⴰⵢⴰ. ⵏⵏⴰⵏ ⵡⵏⵏⵉ ⵉⵣⵎⵎⴰⵏ ⴰⴷ ⵉⴽⴽⴻⵙ ⴰⵙⵔⵀⴰⵎ ⵉ ⵡⴰⵔⵢⴰⵣ ⴷ ⵏⵜⵜⴰ ⵉⴳⴷ ⵉⴷⵊⴰⵏ ⵏⵉⵛⴰⵏ. ⵉⴱⴷⴰ ⴰⵙⵎⵎⵉⴹ ⵉⵜⵜⵇⵇⴻⵙ ⵅ ⵡⴰⵔⵢⴰⵣ ⵙ ⵊⵊⴻⵀⴷ. ⵎⴻⵔⵎⵉⵎⵎⴰ ⵉⵜⵜⵇⵇⴻⵙ ⴰⵙⵎⵎⵉⴹ ⵎⴻⵔⵎⵉⵎⵎⴰ ⵢⴰⵏⵉ ⴰⵔⵢⴰⵣ ⵉⵜⵜⵎⵓⵛⵎⵓⴼ ⴷⵉ ⴰⵙⵔⵀⴰⵎ ⵏⴻⵙ. ⵖⴰⵡⵔⴻⵎⴳⴳⴰ ⴰⵙⵎⵎⵉⴹ ⴷ ⵏⵜⵜⴰ ⵉⴱⴷⴰⵏ ⵜⵓⵙⵉⴷ ⵜⴼⵓⵛⵜ ⵜⴱⴷⴰ ⵜⵙⴻⵃⴻⵎⵎⴰ ⵍⵊⵓ. ⴰⵔⵢⴰⵣ ⵉⴱⴷⴰ ⵉⵜⴷⴷⴻⴷ ⵡⴰ ⵢⵓⵙⵉⴷ ⵔⴻⵃⵎⵓ ⵉⴽⴽⴻⵙ ⴰⵙⴻⵔⵀⴰⵎ ⵓⵄⴰⵡⵜⵜⴰⵏⵉ ⵎⵙⴰⴳⴳⵄⴻⵏ ⵜⴼⵓⵛⵜ ⴷ ⵓⵙⵎⵎⵉⴹ ⵓ ⵜⴼⵓⵛⵜ ⵏⵏⴰ ⵎⵉⵏ ⵉⵄⵏⴰ ⵡⵏⵏⵉⵖ ⴰⵢⴷⴷⵊⴰ ⵔⵃⴻⵇ. ⴰⵙⵎⵎⵉⴹ ⵉⵄⵜⴰⵔⴻⴼ ⴱⴻⵍⵍⵉ ⵏⵜⵜⴰ ⵉⵖⴰⴷⴷⵊⴰ ⵔⵃⴻⵇ.,Homme,643.7510533087657,1320.259098897957,19.37173853524983,64.31266255989048,0
641,Näfels,Suisse,9.069031,47.0971,https://atlas.lisn.upsaclay.fr/sounds/CH_Nordwind_Naefels.mp3,"D Biisen ùnd d Sùnne — D Biisen ùnd d Sùnne händ emaal drǜber gschtrìte, weer vù dene beede dì Schtèrcher sìg. Dänn ìsch e Wanderer derthäär chùù, won e waarme Tschoopen aagchaa hät. Daa sìnd sì sich äinig woorde, as dìe, wo der Wanderer derzùe brèèch, der Tschoopen abzzìe, dì Schtèrcher sìg. D Biise hät aagfange blaase, so fescht sì hät chänne. Aber je mee sì plaase hät, deschto engger hät sich der Wanderer i siin Tschoopen iipaggt. Schlìesslì hät d Biise müesen uufgìì. Dänn hät d Sùnnän aagfange ganz fescht schiinen und dr Wanderer hät glii der Tschoopen abzoge. Daa hät d Biisä müese zùegìì, as d Sùnne dì Schtèrcher sìg.",Homme,797.1897934916478,1470.9154774515655,5.374346338124572,82.93171800136894,0
642,naija,Africa,6.154918748885305,5.842171834987956,https://atlas.lisn.upsaclay.fr/sounds/naija.mp3,"Di north wind and di sun dey argue who strong pass. As dem dey argue, one person wey dey travel wey cover imself for cloth wey dey warm come. Di north wind and di sun con agree sey who go first make di person wey dey travel remove im cloth, na im strong pass. Di north wind con blow di traveller well well, but as e dey blow, di traveller dey dey cover imself well well so tey di north wind con give up. Den, di sun con begin dey shine. As e con hot, naim di traveller quickly remove im cloth. Na so north wind con confess sey sun na im strong pass.",Homme,782.4640307000532,1126.9304102323363,25.80221081451061,85.38392197125258,1
643,Najac,France,1.9833,44.2167,https://atlas.lisn.upsaclay.fr/sounds/Najac.mp3,"La cisampa e lo solelh se capinhavan ; cadun voliá èsser lo pus fòrt. Quand vegèron un viatjaire que s'avançava, plegat dins son mantèl, tombèron d'acòrdi que lo qu'arribariá lo prumièr a li far quitar son mantèl, al viatjaire, seriá agachat coma lo pus fòrt. Alèra, la cisampa s'es metuda a bufar, de tot son vans, mès dont mai bufava, dont mai lo viatjaire sarrava son mantèl al torn d'el e a la fin, la cisampa abandonèt de lo li far quitar. Alèra lo solelh, el, comencèt a lusir e al cap d'un moment, lo viatjaire, rescaufat, quitèt son mantèl. Aital, la cisampa deguèt reconéisser que lo solelh èra lo pus fòrt dels dos.",Homme,647.9893623683369,1295.2842649480967,13.731047227926078,76.35994524298427,0
644,Najac,Occitanie,1.9833,44.2167,https://atlas.lisn.upsaclay.fr/sounds/Najac.mp3,"La cisampa e lo solelh se capinhavan ; cadun voliá èsser lo pus fòrt. Quand vegèron un viatjaire que s'avançava, plegat dins son mantèl, tombèron d'acòrdi que lo qu'arribariá lo prumièr a li far quitar son mantèl, al viatjaire, seriá agachat coma lo pus fòrt. Alèra, la cisampa s'es metuda a bufar, de tot son vans, mès dont mai bufava, dont mai lo viatjaire sarrava son mantèl al torn d'el e a la fin, la cisampa abandonèt de lo li far quitar. Alèra lo solelh, el, comencèt a lusir e al cap d'un moment, lo viatjaire, rescaufat, quitèt son mantèl. Aital, la cisampa deguèt reconéisser que lo solelh èra lo pus fòrt dels dos.",Homme,647.9893623683369,1295.2842649480967,13.731047227926078,76.35994524298427,0
645,Namur,Belgique,4.865196,50.466354,https://atlas.lisn.upsaclay.fr/sounds/Namur.mp3,"Système Feller     Rifondant walon    Système Feller (Bouge)    C'èsteut mârgaye ètur li bîje èt l' solia. Chake di zèls v'leut awè raîson tot d'djant qu'il èsteut l' pus fwârt. Adon, il ont vèyu ariver on vwèyajeû rafûrlé dins s' paletot. Il ont faît mârtchi qui l'cia qui rèyussireut l' prumî à lî fé r'ssatchî s' paletot sèreut r'waîtî come li pus fwârt. Adon, li bîje s'a mètu à sofler tant qu'èle p'leut, mins, au d'pus qu'èle sofleut, au d'pus qu' nosse vwèyajeû sèreut s' paletot autoû d' li, èt po fini, li bîje a lèyî tchaîr lès brès. Adon, li solia a c'mincî à r'glati èt, one miète pus taurd, li vwèyajeû, bin r'chandi, a r'ssatchî s' paletot. Insi, li bîje a bin d'vu r'conèche qui l' solia èsteut l' pus fwârt dès deûs.  Li vint d' bijhe et l' solea si margayént, si tchaeke di zels dire ki c' est li l' pus foirt. So ç' trevén la, il ont veyou on voyaedjeu k' esteuve rotant, ewalpé dins s' cote. Il ont bouxhî djus : li prumî d' zels ambedeus ki stitchrè dins l' tiesse do voyaedjeu d' bouter s' cote djus, et k' l' ome si laireuve adire, c' est çti-la ki serè l' pus foirt. Aprume, li vint d' bijhe s' a metou a shofler di totes ses foices, mins todi pus k' i shofléve todi pus l' ome seréve si mantea åtoû d' lu, et po fini, li vint a leyî ouve. Adon, li solea a ataké a rglati et, pitchote a midjote, l' ome s' a tchåfé, et rtchåfé, et ristchåfe tu, disca tant k' il a tapé s' camizole djus. Sifwaitmint, li vint d' bijhe a rconoxhou ki l' solea esteuve li pus foirt did zels ambedeus. Savoz bin qu'on djoû l' vint èt l' solia s' dispètronin.n' ? Oyi, ça, i v'lin.n' sawè quî-ç' qu'èsteut l' pus fwârt dès deûs. Li vint ataque èt dîre : ""Dji vos va d'ner lès preûves qui l' pus fwârt, c'èst mi. Vos vèyoz l' vî ome vélà ? Dji vou bin wadjî qui djè lî va fé rôster s' paletot brâmint pus rade qui vos nè l' saurîz fé."" Do côp, v'là l' solia qui s' catche padrî lès nuwadjes èt l' vint qui c'mince à sofler, sofler ; i sofleut d' tot sès pus fwârt èt toûrner à sauvadje vint èt l'ome, li, i s' ravôtiyeut todi one miète dipus didins s' pèlisse. Al fin dès fins, li vint, qu'ènn'aveut s' sô, a lèyî ouve. Adon, l' solia s'a mètu à lûre, il a faît one clignète èt sorîre tot doûcemint au voyadjeû. Bin rade, l'ome s'a r'chandi, il a r'ssuwé s' front èt rôsté s' paletot. Li solia èsteut bin l' pus fwârt èt il a mostré insi au vint qu'i vaut brâmint mia yèsse doû come dèl laume qui d'yèsse arèdjî.",Homme,732.0122525327022,1530.4682641243007,10.65015742642026,82.43041067761807,0
646,Nassogne,Belgique,5.341295,50.128745,https://atlas.lisn.upsaclay.fr/sounds/Nassogne.mp3,"Li bîje èt l' solê si dispètrognint, paski tchake di zês djéve k'il èstéve li pus fwârt. A ç' momint la, il ont vèyu on voyèdjeû ki rotéve, ravôntchè dins s' mantê. Il ont toumè d'acwârd ki l'ci k'arivréve a lî fè tirè s' mantê li prèmî sréve riwêtè come li pus fwârt. Adon, li bîje s'a mètu a choflè di tote si fwace. Mês, pus k'èle chofléve, pus ki l' voyèdjeû si rafûléve dins s'mantê. Èt al fin, li bîje a lèyî ouve. Adon, li solê a cmincè a lûre. Èt après ça, li voyèdjeû èstéve rachandi, èt il a boudjè s' mantê. Adon li bîje a dvu ricnoche ki l' solê èstéve li pus fwârt di zèls deûs.",Femme,657.5302584230452,1324.3631381285645,9.65893223819302,83.27346338124572,0
647,Naves,France,3.11,46.1758,https://atlas.lisn.upsaclay.fr/sounds/Naves.mp3,"La bise e le solelh ios disputián, chascun assurant qu'al eriá le pus fòrt, quand ilhs an vejut un voiatjaor que s'avanciá, envelopat dins son manteu. Ilhs son tombats d'acòrd que queu qu'arrivariá le promier a fòire dostèr son manteu au voiatjaor seriá gaitat coma le pus fòrt. Alòr, la bise se metèt a bofèr de tote sa fòrce, mès pus 'le bofiá, pus le voiatjaor sarriá son manteu autorn de sò e a la fin, la bise a renonçat a li'l fòire dostèr. Alòr le solelh a començat a brilhèr e au bot d'un moment, le voiatjaor, reschandit, a dostat son manteu. Ansin la bise a duvut reconustre que le solelh eriá le pus fòrt daus dos.",Femme,699.9730010624797,1294.8297235757088,11.547987679671458,76.3529158110883,0
648,ndyuka,AG,-53.872169,5.643378,https://atlas.lisn.upsaclay.fr/sounds/ndyuka.mp3,"A winta anga a san be e kwali. Ibiiwan fu den be e taki seykeli taki na en na a moo taanga wan. Di den si wan koyman di lolo anga wan maanteli be e waka e kon. Den meke mofu taki a wan fu den di fosi o meke a koyman puu en maanteli, den o si en enke a moo taanga wan. Neen a winta bigin way taanga anga ala en hii kaakiti, ma o moo a be e way, o moo a koyman be e ali a maanteli fi en e fasi na en sikin neen te fu kaba, a winta gi abaa fu puu a maanteli fu a koyman neen sikin. Neen a san bigin ati neen baka wan momenti, a koyman kon waan neen a puu en maanteli. Na so, a winta kon si taki a san be de a moo taanga wan fu den tu man.",Homme,546.8052969182469,626.6109090226328,26.283456536618754,85.39624914442163,1
649,nêlêmwa,NCWF,164.2849,-20.55898,https://atlas.lisn.upsaclay.fr/sounds/nelemwa.mp3,"Dayaan ma At, hli pe-peva. Hooli cêê fo uga-n,hni pe-woxa hli. Hli arii âgu-fââlô ariik, xei kuut nat koot hââk. Hli pe-tâlâ hli, hooli jaxa-n mei udale koot-xi î âgû-fââlô. Hna shi hli e yeoli cêê fo uga-n. Mweli i thaaxapuxet fa Dayaan nani uga-n roven. Uya mwa kut Dayaan. Khaabuk i câye fagau-n, hni koot-xiye holeny âgu-fââlô. Nawe mwa Dayaan do i axe khabwe kâlek o i udale koot-xi âgu-fââlô. Mweli At xei coola uya thê At, yu udale mwa koot nani nuvaa-t. Mweli i shêlâ a dayaan khabwe At hooli cêê fo uga-n hna shi hli. [Tooven.]",Femme,629.6219525740004,993.5590081883504,25.0725325119781,74.65290212183436,1
650,nengone,NCWF,167.99801,-21.49056,https://atlas.lisn.upsaclay.fr/sounds/nengone.mp3,"[Ri eziene me hnadane,] yengu ne du ci icakoreti ko lakore nidi engetace bushengone, kedi me talelo kore ngome ci etano na kokoeon'ore koutre nubone. Na anetitini ke bushengone ko hore ngome co aukeni hore koutrei nore ngome ci etano melei bone kore engetace. Ile me hnane tace kei yengu, ka bone co hnane hmaloko kedi hore ngome ci etano me ci shici gurutaconelo ko re koutr, halei yengu me nuacile buti hore na uuni. Ilei du ma huane... huane co nerene : nerene ke bone caa, kedi ngome ci etano me uuni buti... hore koutre... hore koutre bon'. Huan'omelei, Yengu ci thidilu ne ci keditoone ko du kore engetace bushengone. [Inome walei ha athua.]",Homme,629.1159583144636,1314.4308910696575,24.64911704312115,78.32676249144421,0
651,Nesslau,Suisse,9.198658,47.225345,https://atlas.lisn.upsaclay.fr/sounds/CH_Nordwind_Nesslau.mp3,"De Schneeloft und d Sunn — De Schneeloft und d Sunn hènd emòl dröber gschtrette, wèèr vo ine beedne de Schtèrcher sig, dò isch grad en Wanderer im ene warme Mantel dehèèr chòò. Si hènd sich dènn ggäiniget, dass dèè als de Schtèrcher gälte sölli, wo de Wanderer als erschte dezue bringi, de Mantel abzzie. De Schneeloft hèt mit aller Chraft plòòse, aber je feschter das er plòòse hèt, umso feschter hèt sich de Wanderer i sin Mantel ghüllt. Schlussèntli hèt de Schneeluft de Kampf mösen ufgèè. Jetz hèt d Sunn d Loft mit irne fründliche Schtraale ufgwèrmt und s isch nöd lang ggange, dò hèt de Wanderer sin Mantel abzòge. Dòò hèt de Schneeloft möse zuegèè dass d Sunn schtèrcher seg als èèr.",Homme,802.1215499730079,1365.079296438482,5.374346338124572,82.93171800136894,0
652,Neuenhof,Suisse,8.328089,47.448871,https://atlas.lisn.upsaclay.fr/sounds/CH_Nordwind_Neuenhof.mp3,"De Nòòrdwind und d Sùnne — De Nòòrdwind und d Sùnne händ ämòl gschtrìtte, wèèr vo ine bäidne ächt de Schtèrcher sig. Wo s eso gschtrìtte händ, ìsch grad en Wanderer choo, wo en waarme Mantel aaghaa hät. Si händ sich druf ggäiniget, dass dèèjeenigi de Schtèrcher ìsch, wo de Wanderer zwingt, dass er sin Mantel uusziet. De Nòòrdwind hät plòòset wie verùckt, aber je mee èr plòòset hät, desto mee hät sich de Wanderer i sin Mantel ineghüllt. Äntlìch hät de Nòòrdwind de Kampf uufggèè. Jetzt hät d Sùnnen aagfange d Luft mit irne Schtraale ufzwèrme und scho nach churzer Ziit hät de Wanderer sin Mantel uuszoge. Dòò hät de Nòòrdwind mǜse zuegèè, dass d Sùnne di Schtèrcher isch.",Femme,687.9937176865272,1376.5117299373976,9.95460643394935,81.8411293634497,0
653,Neuenwalde,Deutschland_OF,8.685100423499016,53.677513006084,https://atlas.lisn.upsaclay.fr/sounds/Neuenwalde.mp3,"Annerletzt strieden sik Noordenwind un Sünn, kein von jem beiden woll de Stärkste weie, als en Wannersmann, de in en warmen Mantel inpackt weie, längs des Weges herkeem. Se wurden sich einig, dat dejenige for dem Starksten gelten schull, dat den Wannersmann twingen würde, sien Mantel aftonehmen. De Noordenwind bloos mit alle Mach, aber je mehr he bloos, desto faster hüllte sik de Wannersmann in sien Mantel in. Endlich geev de Noordenwind den Kampf op. Nun warm de Sünn de Luft mit ehren fründlichen Strohlen, un schon no wenigen Augenblicken, toog de Wannersmann sien Mantel ut. Dor mütt de Noordenwind togeben, dat de Sünn von jem beiden de Starkste weer.",Femme,591.4391241574747,1509.8050634245449,10.21996577686516,84.80695414099932,0
654,Neufchâteau,Belgique,5.43362,49.840745,https://atlas.lisn.upsaclay.fr/sounds/Neufchateau.mp3,"La bîje èt lu slo su tchicanièt, tchèkun achûrant ki c'êre lu lu pus fört, cand-t is-ant veû î voyadjeû ki s'amounét, tout ratortiè dès s' grand paltot. Is s'ant mètu d'acörd ku l' cé ki srét l' preumiè a fére tirè s' mantô ou vwayadjeû srét rucnuchi come lu pus fört des deûs. Alörs´, la bîje s' è mètu a choufli du toutes ses förces ; mês, pus k' èle chouflét, pus ki l' voyadjeû rassêrét s' paltot conte du lu. Èt pou fini, la bîje, toute dènortée, n' è pus volu lî fére tirè sa ratine. Alörs´ lu slo - biè binêje, lu - è cmincè a rlûre si tèlmèt fört k'après î momèt, lu vwayadjeû, tout rachandi - a chuée - è tirè s' paltot. Inla, la bîje - biè aradjée - è biè du rucnuchi ku lu slo astét lu pus fört des deûs.",Femme,731.6899083465295,1346.181221529861,9.65893223819302,83.27346338124572,0
655,"Neufchâtel-
en-
Saosnois",France,0.247,48.376,https://atlas.lisn.upsaclay.fr/sounds/Neufchatel-en-Saosnois.mp3,"La bise et l'soulei y s'étrivaient, l'un pû sûr que l'aute de s't'y là qui était l'pû feâu, quand qui z'ont z'ieuté un voyageux qui appoerché, ben tapi dans sa flôpe. Ys s'ont acantés poû que s'ti lâ qui s'rait l'précimi à gn'y faire aoûter sa flôpe, y s'rait chorgné comme 'l'pû feâu. Là, la bise est s'mis à souffier d'pû en pû feâu, mais pû qué souffiait  pû que l'voyageux y s'quiotait dans sa flôpe. Achâlée, la bise a roenoncie à gn'y faire aoûter. Alors l'soulei y kémâncé à beluéter d'pû en pû feâu, et là l'voyageux y's'prit ûne sué. Tant et si ben qu'il aoûty sa flôpe. Vantiers ben qu'la bise elle du demeshuy à désacoeu, qu'le soulei l'té l'pû feâu des deûx.",Homme,656.9548992550441,1399.6879317045305,11.572005475701575,81.45386721423682,0
656,"Neuilly-
en-Dun",France,2.7833,46.8,https://atlas.lisn.upsaclay.fr/sounds/Neuilly-en-Dun.mp3,"La bise et le soulail se jaspigniont, chaisquin asseurant queul étét le pus fourt. Quan è-z-y ont visu queul'in viyageor qui s'avinçét enverloupé, dins son mantiau, è-z-y sont ben toumbés d'accord queul çoli queul réeussirait le primier à far inlever son mantiau au viyageor srait agardé coume le pus fourt. Alours, la bise s'è mettue à bouffer do tote sa fource mouais pus alle bouffét, pus le viyageor sarrét son mantiau autou do li. Et à l'achabemint, la bise a renouncé à li far inlever. Alours, le soulail a coumincé à rayer et au bout d'in moumint, le viyageor, reuchauffé, a quitté son mantiau. Ansi la bise a devu recounaîte queul le soulai étét le pus fourt.",Homme,805.5504866032361,1319.3740228548786,12.424277891854894,78.40685831622176,0
657,Neuscharrel,Deutschland_OF,7.760699852148233,53.007339048386186,https://atlas.lisn.upsaclay.fr/sounds/Neuscharrel.mp3,"Sünne un Wind harrn sük in'e Fudden, well van de beiden dor an meisten in harr. Do kööm tau Faute een vörbi, warm inpackt in en dicken överrock. Glieks was ofmaakt, wecker üm sien överrock ut dwingen döö, schullde at Starkste gellen. De Wind gööv wat he kunn, je duller he bruusde ümso faster mümmelde de Kerl sük in. De Wind müss insehn, dat he nich up End kööm. Bliede strahlde nu de Sünne, up Stee was't warm un de Wandersmann trück sien' Mantel ut. ""De Sünne is mi över"", gööv de Wind tau.",Homme,678.069688006037,1302.2595656795386,10.469390828199863,83.95501711156741,0
658,Nice,France,7.25,43.7,https://atlas.lisn.upsaclay.fr/sounds/Nice.mp3,"La zísola e lo soleu si disputavan que cadun afortissia qu'èra lo pus fòrt, quora an vist un voaiajur que s'avançava, envolopat en lo sieu mantèu. Son tombats d'acòrdi qu'aqueu qu'arriberia lo premier a li faire levar lo mantèu seria regachat coma lo pus fòrt. Alora, la zísola s'es messa a bofar de tota la sieu vigoria, mas au mai soflava, au mai lo voaiajur tenia lo mantèu fòrt contra eu, e fin finala, la zísola a renonçat a lo li faire levar. Es aquì que lo soleu a començat a lúser e, au bot d'un moment, lo voaiajur, rescaufat, s'es levat lo mantèu. Emb aquò, la zísola a deugut reconóisser que lo soleu èra lo pus fòrt dei doi.",Femme,511.8450311569367,593.5583361651798,17.64041067761807,73.70547570157426,0
659,Nice / Niça,Occitanie,7.25,43.7,https://atlas.lisn.upsaclay.fr/sounds/Nice.mp3,"Graphie classique Graphie mistralienne La zísola e lo soleu si disputavan que cadun afortissia qu'èra lo pus fòrt, quora an vist un voaiajur que s'avançava, envolopat en lo sieu mantèu. Son tombats d'acòrdi qu'aqueu qu'arriberia lo premier a li faire levar lo mantèu seria regachat coma lo pus fòrt. Alora, la zísola s'es messa a bofar de tota la sieu vigoria, mas au mai soflava, au mai lo voaiajur tenia lo mantèu fòrt contra eu, e fin finala, la zísola a renonçat a lo li faire levar. Es aquì que lo soleu a començat a lúser e, au bot d'un moment, lo voaiajur, rescaufat, s'es levat lo mantèu. Emb aquò, la zísola a deugut reconóisser que lo soleu èra lo pus fòrt dei doi. Lou ziéu e lou soulèu si garouiavon, cadun assegurant estre lou mai fouòrt, coura an vist un viagiatour s'avesinant e arroupat en un mantèu. Si soun mes d'acordi qu'aquèu que lou proumié arriberà à faire levà lou siéu mantèu à n'aquèu viagiatour, serìa vist couma estent lou mai fouòrt. Aloura, lou ziéu s'es mes à sioulà de touti li siéu fouòrça, mà mai sublava e mai lou viagiatour s'enfouloupava en lou siéu mantèu e, en fin finala, lou ziéu s'en es encalat e a laissat perdre l'idèa de lou li faire levà. Aloura, lou soulèu a coumençat à luse e au bout d'un moumen, lou viagiatour, rescaufat, s'es levat lou mantèu. D'en aquela manièra, lou ziéu a deugut recounouisse que lou soulèu èra lou pu fouòrt dai doui.",Femme,511.8450311569367,593.5583361651798,17.64041067761807,73.70547570157426,0
660,Niebüll,Deutschland_SH,8.830625,54.787064,https://atlas.lisn.upsaclay.fr/sounds/Niebull.mp3,"Eenst streden sik Noordwind un Sünn, wer von de beiden de Stärkere weer, as 'n Wanderer, de en warm Mantel an harr, vörbi keem. Se wurrn sik enig, dat de de Stärkere sien schull, de de Wanderer dorto twingen wörr, sien Mantel uttotrecken. De Noordwind blooste mit all sien Macht, ober je mehr he bloste, je faster trock de Wanderer sien Mantel um sik. Endlich geev de Noordwind de Striederee op. Nu wärmte de Sünn mit fründliche Strohlen de Luft un no 'n poor Ogenblicke trock de Wanderer sien Mantel ut. Do muss de Noordwind togeben, dat de Sünn von de beiden de Stärkere weer.",Homme,688.5749863620414,1424.4765641266806,9.954058863791923,86.14945242984258,0
661,Nieul-le-Dolent,France,-1.507778,46.575833,https://atlas.lisn.upsaclay.fr/sounds/Nieul-le-Dolent.mp3,"L'ébisall pi le soulall étiant apràe de s'entrprendre, cha yin acértenant que l'étét le pu fort quant le voeyirant s'amenàe in voeyajheùr encatinai den sen abrjhalle. Le s'arimirant pr dire que le prmàe çhi ferét çhitàe sun mantea au voeyajheùr serét jujhai queme étant le pu fort. Alore, l'ébisall s'at mi a bufàe tant que le pevét mé tant mae le bufét tant mae le voeyajheùr se capét den sun véti si bé qu'a fine force le renuncit a le li faere jhitàe. A çhau moument, le soulall, li, s'ét pris a dounàe. Pi, in moument enpràe, le voeyajheùr, achaudurai, at çhitai sun mantea. De maeme, l'ébisall aqueneùssit que le soulall étét le pu fort de tots lés deùs.",Homme,717.5829316121122,1487.0284149079835,13.57318275154004,79.34905544147844,0
662,Nieuw- en Sint Joosland,Belgique,3.658495,51.483131,https://atlas.lisn.upsaclay.fr/sounds/Nieuw_en_Sint-Joosland.mp3,"De noordewind en de zunne waere an 't erregeweren wie van ulder tweêën de sterksten was. Toen kwam 'r dae nèt een reizende passant. Die ao een lekkere werme jas an. Ze rochte 't erover seêns da die a 't eêste voo mekaore kreeg da die passant z'n jas uut zou doe, da die dan de sterksten van ulder tweêën zou weze. De noordewind gieng an 't blaezen, zò ard a t'n kon. Mè oe arder a t'n blies oe stiever a de passant z'n jas dicht dee. Uuteindelijk gaf de noordewind op. Toen begon de zunne te schienen, uut aolle macht, mee sterke straelen. De passant dee drek z'n jas uut. Toen mog de noordewind wè toegeve da de zunne de sterksten was van ulder tweêën.",Femme,613.7177745492502,1225.8064597944185,11.76182751540041,82.396810403833,0
663,Nivelles,Belgique,4.330615,50.601155,https://atlas.lisn.upsaclay.fr/sounds/Nivelles.mp3,"Èl bîje èyèt l' solèy s' chakinont, chaque wétant qu'il astout l' pus foûrt quand i-z ont vèyu in voyadjeû qu'avançout infardèlé dins s' paltot. I-z ont fét acoûrd inchène qu'èl prumî qu'arivrout a fé rsatchî s' paltot au voyadjeû sèrout wétî come èl pus foûrt. Adon l' bîje s'a mètu a chufler dè tout s' pus foûrt. Més au pus foûrt qu'èle chuflout, au pus èl voyadjeû sèrout s' paltot conte dè li. Al fin, èl bîje rnonçout a lî fé alver. Adon l' solèy a couminchî a rlûre, èy a in moumint, èl voyadjeû, qu'avout tchôd, a rsatchî s' paltot. Dinsi, l' bîje a du rcounète què d' yeûsse deûs, ç'astout l' solèy qu'astout l' pus foûrt.",Femme,627.6354519707572,1360.9279836662868,10.816584531143054,82.7822997946612,0
664,Nogent-le-Rotrou,France,0.8217568496253111,48.320593809989695,https://atlas.lisn.upsaclay.fr/sounds/Nogent-le-Rotrou.mp3,"Lao foudre et l'soulé s'attigochins, tou deéx acertainant qu'il èté l'pu fo, lor Is apercevins eun trainier, apperchant, pouillé dein ses couailles. Is topirins quo l'promié en d'cas d'faire se démettre les couailles à l'trainier s'ré r'connu comm'l'pu fo. D'bédée, lao foudre viondit d'gauche et d'rette, de pis en pis ; pu l'trainier sentant la fre, pu y framait ses couailles. Fourbie, lao foudre a r'noncié d'ly faire dépouiller. Adoncques, l'soulé a brillé tant et si ben que l'trainier attrappant la chaud se démit d'ses couailles. Aimsite, lao foudre a deu aploner quo l'soulé èté l'pu fo dé deéx.",Femme,476.9098406658736,764.6187767598041,11.585407255304585,81.11927446954141,0
665,Norden,Deutschland_OF,7.197544830885737,53.59792101753925,https://atlas.lisn.upsaclay.fr/sounds/Norden.mp3,"Eenmaal hebben Noordwind un Sünn Stried hatt, well van beid woll starker weer. Do kweem en Wannersmann up d' Padd langs, de en warm Mantel anharr. Se wurren sük enig, dat de de Starkere wesen sull, de de Wannersmann dwingen würr, dat he sien Mantel uttrecken dee. De Noordwind hett mit all sien Macht puust, man so mehr he puusten dee, so faster hett de Wannersmann sük in sien Mantel inwickelt. Uplest hett de Noordwind upgeven. Denn hett de Sünn de Luft mit hör frünnelk Strahlen upwarmt, un al na en lüttje Sett hett de Wannersmann sien Mantel uttrucken. Do muss de Noordwind togeven, da de Sünn de Starkere van hör beid weer.",Femme,574.6364172072634,715.3742883420515,10.637967145790554,84.19889801505818,0
666,Norderney,Deutschland_OF,7.261423311835429,53.71015156244611,https://atlas.lisn.upsaclay.fr/sounds/Norderney.mp3,"Vörtieden käkelden sük de Noordwind un de Sünn, well van de beid woll mehr Kraft harr, as en Wannersmann, de en warmen Mantel anharr, up de Pad vörbikweem. Se wurr'n sük enig, dat de as de Starkere gellen sull, de de Wannersmann daarto dwingen kunn, sien Mantel oftoleggen. De Noordwind puustde mit all sien Kraft, man so mehr he weihte, so enger truck de Wannersmann sien Mantel um sük. Endlich geev de Noordwind de Kampf up. Nu warmde de Sünn de Lücht mit hör fründliche Strahlen, un all na en körten Tied truck de Wannersmann sien Packje ut. Do muss de Nordwind togeben, dat de Sünn van hör beid de Starkere weer.",Femme,718.0299828841864,1470.2488459788256,10.637967145790554,84.19889801505818,0
667,Nordsteimke,Deutschland,10.826762960526178,52.4022661849303,https://atlas.lisn.upsaclay.fr/sounds/Nordsteimke.mp3,"In freuhere Tieden herrn de Noordwind und de Sunne Striet, wer von öhne woll de Stärkere wörre. Da keime aaner vorbi, de te Faut underwegens was. Hei herre aane dulle warme Joppe an. Nu sünd de Noordwind un de Sunne oberein gekomen, dat de de Stärkere heiten salle, de et schaffen dää, dat de Fremme siene Joppe uttrecke. Alsau fenge de Noordwind sau dulle an te weihen un te puusten wie hei bloß konne. Aber je gewaltiger hei bollwerke, desto faster trecke de Fautgänger siene Joppe tohope. Tolest gaff de Noordwind denn op, dat konne hei aanfach nich schaffen. Aber nu keime de Sunne an de Rege. Se lüüchtde fründlich von Heven runder un op eenmal was de Luft sau moje warm, dat de Mann siene Joppe uttrecken dää. Do konne de Noordwind nich anderst as tautogeben, dat nich hei sülms de ?west is, de stärker was. Nee, dat was de Sunne.",Femme,716.2578420948278,1263.2606907802228,10.352381930184805,80.52074606433949,0
668,Northumbrian,EU,-1.687352,55.168431,https://atlas.lisn.upsaclay.fr/sounds/Morpeth_Northumbrian.mp3,"The North Wind and the Sun wor mekkin thor jaas gan as t'whee wes the stranga when a little aad wizzened chep happt in a muckle geet muffler come on the scene. ""Aye noo, here's me chance"" says the wind. ""Aam ganna show ye whee's gaffer here. If aa can git that little bugger t' tek off ees muffler and mevvie even ees ganzie, wad ye agree that aam the stranga?"" ""Aa daur say,"" says the sun. ""Divvent rax yor sinnions."" So the North Wind sets eesel away and blaas and blaas and blaas as hard as ee could. It put ye in mind o the wulf and the three little gissy pigs. Aye but the harder the wind blew the tighter went the muffler roond the gadgie's neck - var nigh chowked im an ee nivvor once thowt aboot tekkin off ees ganzie. At lang last the North Wind give ower. By, ee wes in the huff, ee wes, lad. ""Cleor the decks,"" says the sun. ""Aa'll show ye hoo t gan on."" An ee shone and shone and filled the whole plyce wiv a happy glow, Ye wad just think Newcastle had won a corner! As for the gadgie, ees off wi the muffler in nee time and afore lang ees off wi the ganzie n aall. Ee even lowsed ees gallasus. ""Reet,"" says the sun.""Whees gaffer then?"" But the wind sayed nowt. Ee'd buggered off t somewhere fresh. Just a wind bag ye knaa.",Femme,679.4888741435306,1367.9330695158567,9.119760438056126,87.83828884325804,0
669,Noth,Croissant,1.586897,46.235107,https://atlas.lisn.upsaclay.fr/sounds/Noth.mp3,"Le vent e le solèlh èran aprés de se pigonhar, a quau-qüi que serí le pus fòrt, quand ilhs vegetan venir a lhis un garç que vardève plejat dens son abrechalh. Ilhs augetan tos los dos l'ideie que quau-qüi qu'arriverí le premier a faire enlevar son abrechalh au garç que vardève serí bian le pus costaud. Le vent se metèt donc a bufar de totas sas fòrças mès pus o bufève pus le garç sarrève son abrechalh saur se e finalement le vent renoncèt a lhi faire enlevar. A quau moment le solèlh se metèt a raiar e pas longtemps aprés le garç augüèt tròp chaud e enlevèt son abrechalh. Qu'es de mèsme que le vent degüèt admetre que le solèlh ère le pus costaud de los dos.",Homme,627.7150927134979,1166.9474206764792,11.309767282683094,79.20607802874744,0
670,nouchi,Africa,-4.111534291891294,5.311727281992589,https://atlas.lisn.upsaclay.fr/sounds/nouchi.mp3,"La bise et le soleil se tchamssaient ou se lançaient des kiyahi, chacun se koumadilè qu'.il est plus kinkin, plus danhéré ou tchêdey que l'.autre. Mais, en esprit, quand ils sont virus un môgô dans lalé (un môgôni qui pan dans un dougou) entrain de gbagboté dans son chicôtément, son tapément ou son zangoli… Ils sont tombés bôrô du wé du môgôni, et ils se sont dit zooo, en se dagbachissant, qu'.on verrati qui est le plus danhéré ou champion, en yaossant ou toufassant le tapement du môgôni. En tas, la bise s'.est mise dans son mouhément danhéré de babièya… Mais plus il est en tas, plus le môgôni qui pan au dougou est akpani sur son tapement, en djôrôkôni sur lui. La bise a tapé l'.œil et a sciencé de n'.est pas yao le tapement du môgôni. Mais dans autre esprit, le soleil, dans son framponnement de kpatrali sur le môgôni, a pu toufa ou yae tapement du môgôni. C'.est kohan que la Bise a déposé ou a bognan le Soleil : ""C'.est toi le danhéré, le Ganganba du wé, le Gagamou… ya pas l'.homme"".",Homme,691.5514636527921,1182.6376824743718,26.32472963723477,85.2375975359343,1
671,numèè,NCWF,166.944831,-22.159328,https://atlas.lisn.upsaclay.fr/sounds/numee.mp3,"[Kaarè taa nyii,][ nyii mô kwié naa vitrùùre. Taa baa nîî në mé nyî a mwii. Naa mwa tûâ taa vinyié nâ nyî Vê mé iitèè naa I pwa ngê taa jii. Naa mwa vuu, mè nîî mé, ngamoro nyî me vè mwii itââ bè yoro jii tââ ê, a mwii. Awé, kwié mwa mwii, mwa mwii. Itââ wi baa trané a mwii jii, ngê mwii itââ, Kwié mwa nokuu, nyî mwa nîî ngê mè : “yaa ro Kwé“. Awé, nyii mwa céca. Taa ngê nyii kaarè, itââ mwa méé. Itââ mwa yoro jii Itââ. Kwié mwa trôngèrè, mé nyii a mwii kétéé Ri. [Cokwa !]",Femme,661.4365789374609,1063.3304129678386,23.999103353867216,78.23435318275153,0
672,Nunnigen,Suisse,7.618932,47.394021,https://atlas.lisn.upsaclay.fr/sounds/CH_Nordwind_Nunningen.mp3,"D Biise ùnd d Sùnne — Äinisch häi d Biisen ùnd d Sùnne mìdenang ghängled, weeli vo ììne die Schtèèrcher sig. Do ìsch e Wanderer derhäärchoo, wòn e waarme Chǜttel aaghaa hèt. Die zwoo häi abgmacht, dass die, wò dr Wanderer zeerscht derzue brìngt, si Chǜttel abzzie, die schteercher ìsch. Zeerscht hèt d Biise afò chutte, was si hèt chö̀nne. Aber je mee dass si gchuttet hèt, je mee hèt sìch ääine i Chǜttel verchròche. Soo lang, bìs d Biisen ufggää hèt. Nächenen ìsch d Sùnne fǜǜrechoo und hèt aagfange waarm gää. Ìm Schwìck hèt dr Wanderer si Chǜttel abzooge gha. Drnoo hèt d Biise müese zuegää, dass d Sùnne schtèèrcher ìsch als sìì.",Homme,728.5694908064601,1563.395995430704,9.907049965776865,81.33331279945243,0
673,nyelâyu,NCWF,163.666844,-19.748992,https://atlas.lisn.upsaclay.fr/sounds/nyelayu.mp3,"[Para la bwe] Uru le Denaar le tao pe tawaye, âdeic ka toa âyuan ni nyi tu ujen nale âmi, duaro te uya lai âju pwalaic a tule toma te nuâe rana taxauban. Leo pe  tâna li le ma me nyami me ci tuae taxauban âju li ka me nyi tu ujen. Te xa hôn tabodu la uru ka tuup, tuuvi ujen ra roven toma duaro te ni tuup te tabo du la âju li  ka nyi câje taxauban, hôn âria jaga uru te xa ôô tanawee. Hôn yewa denaar te tabodu xa tinue âju li, baalan ro teô mââc yi kûnye te xa hôn tuae taxauban. Te xa  enau la uru xa nyi tu uje denaar naleele. [Toven.]",Femme,592.3654480912393,1376.6593237075283,25.63368925393566,78.45793976728268,1
674,Oberhaverbeck,Deutschland,9.921735668135897,53.144220568892464,https://atlas.lisn.upsaclay.fr/sounds/Oberhaverbeck.mp3,"Eenst hebbt sik Noordwind und Sünn streden, wer von jüm beiden woll de Starkere weu, as ein Wanderer, de in einen warmen Mantel hüllt weu, det Wegs dorherkeum. Se keumen öbereen, dat dejenige för dan Starkeren gillen schüll, de dan Wanderer zwingen würr, sienen Mantel aftaunehmen. Die Noordwind blaas mit aller Macht, aber je mehr he blaas, desto faster hüllt sik de Wanderer in sienen Mantel in. Endlich geev de Noordwind lütt bi. Nu maak de Sünn de Luft mit ehre fründlichen Strahlen warm und schon na wenig Ogenblicken teug de Wanderer sienen Mantel ut. Dau möss de Noordwind taugeben, dat de Sünn vun jüm beiden de Starkere weu.",Homme,630.0262510130937,1316.9278954840051,10.228966461327857,81.64595482546201,0
675,Obernholz,Deutschland,10.583469581517251,52.7560576989743,https://atlas.lisn.upsaclay.fr/sounds/Obernholz.mp3,"Vor lange Tied hött sik Noordwind un Sünn streden, wecke von jüm beiden woll de Stärkere weier, as ein Wanderer, de in einen warmen Mantel inhüllt weier, up den Weg daherkeum. Se weiern sik einig, dat dejenige as de Stärkere gilden söll, de den Wanderer twingen dee, sienen Mantel aftaunehmen. De Noordwind hett mit alle Macht blaast, öber je mehr he blasen dee, umso fester hüllte sik de Wanderer in sienen Mantel in. Tau'n Sluss geiv de Noordwind den Kampf up. Nu maakte de Sünn de Luft warm mit öhre fründlichen Strahlen. Und schon na wenige Ogenblicke tröck de Wanderer sienen Mantel ut. Do möss de Noordwind taugeben, dat de Sünn von jüm beiden de Stärkere weier.",Homme,574.2585123592177,1549.0287639450407,10.224791238877481,80.97987679671458,0
676,Obernwohlde,Deutschland_SH,10.573679,53.926285,https://atlas.lisn.upsaclay.fr/sounds/Obernwohlde.mp3,"Eenst streden sik Noordwind un Sünn, wer von de beiden wohl de Stärkere weer, as en Wanderer, de in en warm Matel inhüllt, den Weg kööm. Se wurrn sik enig, dat dejenige as Stärkere gellen sull, de den Wanderer zwingen wörr, sien Mantel aftonehmen. De Noordwind puus mit alle Macht, aber je mehr he puus, desto faster hüllt sik de Wanderer in sien Mantel in. Endlich geev de Noordwind den Kampf op. Nu warmte de Sünn de Luft mit ehrn fründlichen Strahlen un nach en lütten Ogenblick tröck de Wanderer den Mantel ut. Nu müss de Noordwind togeben, dat de Sünn von de beiden de Stärkere weer.",Femme,663.0706413949205,1008.886798979756,9.896228610540724,84.12956878850103,0
677,Oberwart,Allemagne,16.203343,47.294603,https://atlas.lisn.upsaclay.fr/sounds/Oberwart.mp3,"Da Wind und de Sun hom se gstrittn und a jeda hot gmaant dos ear der Stärkere is. Do hom's an Mau gsegn der hot an Montl au-kobt. Do homs gmaant dass derjenige der ois ersta schooft doss se da Mau den Montl ausziegt, der Stärkste warad. Da wind hot augfangan gonz stoak zu blosn. Owa je mehr aer blosn hot, umso festa hot se da Mau in sei Montl eighuilt. Do hot da Wind aufgem. Dann hot de Sun augfongan zu scheinen. Und noch a waui hot da Mau sein Montl auszoagn. Da Wind hot dann zuagebm, dass de Sun Stärker woa ois er.",Femme,646.5201112476133,1423.5046839117085,9.987967145790554,77.29305270362765,0
678,Ohmstede,Deutschland_OF,8.244257884224158,53.16687073222909,https://atlas.lisn.upsaclay.fr/sounds/Ohmstede.mp3,"Vor lange, lange Tiet hebbt sik de beiden bold in de Futten kregen. Se wullen enen Vergliek anstellen, wer nu woll de Stärkere von de beiden weer. Do keem en Wandersmann dorherlopen un de harr sik en dicken Mantel antrocken. Nu gung dat los mit de beiden. Se hebbt vereinbart, dat dejenige de Stärkere weer, de den Wanderer dorto bringen kunn, dat he sien Mantel uttrecken dee. De Noordwind fung an to puusten und immer mehr und immer düchtiger. Aber de Wanderer trock sien Mantel immer faster to und hett sien Krogen immer höger trucken, dat he kuum noch boben rutkieken kunn. Dor hett de Noordwind dormit ophöört und kapituleert, he kunn nich mehr. Nu weer de Sünn an de Reeg und hett mit ehre fründlichen Strohlen de Luft immer warmer mookt und al no korte Tiet hett de Wandersmann sien Mantel uttrocken. Do hett de Noordwind kapiert, dat he verloren harr und de Sünn nun doch woll de Stärkere weer.",Femme,499.93534449114185,1270.4602169327147,10.33609171800137,84.22467488021903,0
679,Olivone,Suisse,8.94287670571942,46.52915985700936,https://atlas.lisn.upsaclay.fr/sounds/CH_Nordwind_Olivone.mp3,"A tachéva lit, um di, ul vent e ul su, vün u pratandéva da ves püsé fort d`raltra, quand iè vist um viagiadu che a gniva inas vultou int im par um mantèl, i doi che a tachéva lit ié nai dacordia ailora che as saris ritignü püsé fort quèl che a rivéva a fè che ul viagiadu l’avris tirou fo ul mantel. Ul vent le cuminciou a bufè cur viulenza, ma püsé che u buféva püsé ul viagiadu us vultéva int im par ul mantel, tant che a ra fin ul poura vent l’è duvü dasist da sö pruposit. Ul su ailora l’è gnit sü e sübit dopu ul viagiadu cu ghéva cald l’è trou fo ul mantel e ailora ul vent l’è stou custrèt a ricunos che ul su lera püsé fort da lü.",Homme,910.6233103834111,1310.913349422288,2.9805817932922656,84.00574264202601,1
680,Olten,Suisse,7.902711,47.350706,https://atlas.lisn.upsaclay.fr/sounds/CH_Nordwind_Olten2.mp3,"Der Nòrdwìnd und d Sonne schtriite sìch, wäär wou dr Schtèèrcher sig bi däm Wanderer, wo mìd äme waarme Mantu unterwägs ìsch. D Sonne und dr Wìnd sìnd sech einig, dass wènn eine vo beide dr Wanderer cha zwìnge, dr Mantu abzie, das dääjenig dr Schtèrcher ìsch. Dr Nòrdwìnd blòòst mit aller Chraft, aber je mee as er blòòst, umso mee ziet dr Wanderer dr Mantu änger zue. Äntli gìt dr Nòrdwìnd uuf. Jetzt erwèrmt d Sonne mit vòller Chraft und schò nach weenige Minute ziet dr Wanderer dr Mantu ab. Dò git dr Nòrdwìnd zue, das d Sonne di schtèèrcheri isch.",Femme,582.8694802313385,687.1084063008924,9.95460643394935,81.8411293634497,0
681,Oostkapelle,Deutschland,3.552206,51.566384,https://atlas.lisn.upsaclay.fr/sounds/Oostkapelle_Zeelandic.mp3,"De noordewind en de zunne waere d'r over an 't èrregeweeren wien van ulder beien den stèrksten zou weze. Nét op dat moment kwam t'r eên, die op reis was en die as een waerme mantel an ao. Ze rochte 't 's eêns dat dien van ulder, die as 't eerste dien vent z'n mantel zou kunne laete uutttrekke, vò den stèrksten zou deurgae. De noordewind begon toeen uut aolle macht te blaezen, maer 'oe 'arder at n bliees, 'oe dichter at dien man die onderwege was, z'n mantel om z'n eige 'eene trok. Uuteindelijk gaf de noordewind 't op. Daènae begon de zunne te straelen, zò vreêd dat dien man gliek z'n mantel uutdee. De noordewind kon nie anders as toegee, dat de zunne van ulder beien 't stèrkste was.",Homme,807.8074070858582,1307.0062373343358,11.76182751540041,82.396810403833,0
682,Opi,Italia,13.829974,41.779617,https://atlas.lisn.upsaclay.fr/sounds/Opi.mp3,"Në jurnë i Véndë i Tramëndàna e i Sólë s'appëccëchirnë përché ógn'unë prëtënnéva i èssë cchiù fòrtë i dd'àtrë. Pó a nna cèrta vëdirnë n'ómë, chë jéva 'nnànzë tùttë accappàtë. I Véndë e i Sólë dëcëdirnë ca i chiù fòrtë sarrìa štàtë quìdë chë rrëscéva a ffà lëvà i cappóttë a dd'ómë. I Véndë chëmënzèttë a zëffià na frèga fòrtë, ma chiù jìssë zëffiéva, chiù quìd'àtrë së štrëgnéva ind'ai cappóttë, acquëscì i póvërë Véndë s'avètta fërmà i zëffià. Dòppë në póchë i témbë, i Sólë chëmbarèttë n' gélë, i dd'ómë, chë sëndéva càllë, së lëvèttë i cappóttë. Acquëscì la Tramëndàna avètta dìcë ca i Sólë èva i cchiù fòrtë.",Homme,686.8644114671711,1271.6460786667542,11.26987679671458,72.10850787132101,0
683,Oran,Algerie,-0.649526,35.69884,https://atlas.lisn.upsaclay.fr/sounds/Oran.mp3,"الصميقڕي والسمش ددابزو، كل واحد حاسب روحه هو المجهد, حتي بانلهم واحد السيد حواس جاي ويڤڕب ملوي فالقشابيه تاعه. هنايا تفاهمو بلي اللول اللي ينجم يڨلع القشابيه للسيد هادا هو اللي مجهد. أيا الصميقڕي بدا يصوط بالژوڕ بصح كل ما كان يصوط كل ما السيد يتكمش فالقشابيه تاعه، و فالتالي، الصميقڕي ڕوندا وما نجمش يڨلعها له. تما، السمش بدات تڨدي، وغير شويا من موراها، السيد، مصهود، ڨلع ڨاع القشابيه. هاكا، الصميقڕي ما جبر غير يقر بلي السمش هيا المجهدا فيهم في زوج.",Femme,801.8896986715677,1209.8198569829005,19.867248459958933,61.68718001368926,0
684,Orthez,France,-0.780029,43.493012,https://atlas.lisn.upsaclay.fr/sounds/Orthez.mp3,"La bisa e lo só que's pelejavan, cadun solide de qu'èra mei hòrt, quan avisèn troçat hens un màntol, un viatjador qui'us arribava de cap. Que s'acordèn suu hèit que lo qui s'i escadore prumèr, a hà's despulhar deu màntol lo viatjador, estosse dit mei hòrt. Que ventolegè au mei har la bisa, mes mei e bohava, mei lo viatjador e's sarrava lo màntol ad entorn e a la fin que renonciè, a'u har quitar. Alavetz que s'i hasó lo só a dardalhar e au cap d'ua pausa, escalorit, lo viatjador que's despulhè deu màntol. Atau qu'avó a reconéisher la bisa, que lo campion èra lo só.",Femme,595.349107465193,1240.084112224213,14.613340177960302,77.99464065708419,0
685,"Ostabat-
Asme",France,-1.07083,43.2558,https://atlas.lisn.upsaclay.fr/sounds/Ostabat-Asme.mp3,"Iparraizea eta ekia aharran ziren, norbera azkarrena zela bakoitzak segurtzat emanez, noiz eta ere bidaiant bat ikusi baitute aitzina joaiten, bere paltoaren barnean  troxatua. Bidaiantari paltoa kenaraztea lehenik erdietsiko zuena bietarik azkarren gisa atxikia izanen zela hitzartu zuten. Orduan hasi zen buhatzen iparraizea bere indar guziez bainan buhatzenago eta bidaiantak bere paltoa tinkiagotzen zuen bere gorputzaren inguruan eta azkenean iparraizea etsitu zen, paltoa ez ziolakoan kenaraziko. Orduan ekia hasi zen dirdiratzen eta bulta baten buruan, beroturik, bere paltoa kendu du bidaiantak. Gauzak horrela, aitortu behar izan zuen orduan iparraizeak bietarik azkarrena ekia zela.",Homme,669.9632883766964,1491.2879158686815,14.727898699520875,79.75894592744696,0
686,Ostrhauderfehn,Deutschland_NS,7.616666667,53.13333333,https://atlas.lisn.upsaclay.fr/sounds/Ostrhauderfehn.mp3,"Domaals streden sük Noordwind un Sünn, well woll van hör beid de Starkste was - as en Wandersmann, de in en warm Mantel inpackt was, hör tomööt kwamm. Se wurren sük eenig, dat dejenige de Starkste wesen sall, de de Wandersman dwingt, sien Mantel uttotrecken. De Noordwind fung an heel düchtig to blasen - aver umso mehr he blasen dee, umso faster truck de Wandersmann de Mantel um sük to. Do gaff de Noordwind van sük ut up. Tomaal schiende de Sünn mit sien mooi warm Strahlen de Luft so stark up - un up eenmaal truck de Wandersmann sien Mantel ut. Do sach ok de Noordwind in, dat de Sünn de Starkste was.",Homme,777.4402578242951,1326.004346514816,10.469390828199863,83.95501711156741,0
687,Ouled Cebbah,Maroc,-7.448945,33.405229,https://atlas.lisn.upsaclay.fr/sounds/arabe_marocain_Oulad_Ziane.mp3,"alphabet arabealphabet latin  دابا البرد والشّمش بغاو يدّابزو باش يشوفو شكون لي صحيح واحد السّيّد جاي مكبّط عل الّبرد و شافوه هوما هوما دابا بيناتهم كيڭولو لي صحيح فينا هوّ لي غادي يحيّد ليه الكبّوط البرد هوّ لي غادي ينفخ فيه مزيان هوّ ڭد ما ينفخ فيه البرد كيجمع فالكبّوط عليه البرد ڭال انا عييت دابا الشّمش برقت و السّيّد سخن و هوّ يحيد الكبّوط يدن فالّلخّر الشّمش هيّ لي غلبتdābal-berd u š-šemš, bġāw iddābzu bāš išūfu škūn lli ṣḥīḥ, wāḥed s-seyyed žāy mkebbeṭ ɛl-l-berd, u šāfūh hūma hūma, dāba bīnāthum, ka-igūlu : lli ṣḥīḥ fīna huwwa lli ġa-iḥeyyed līh  l-kabbūṭ, l-berd huwwa lli ġādi infux fīh mezyān, huwwa gedd ma nfex fīh l-berd ka-ižmeɛ fe-l-kabbūṭ 3līh, l-berd gāl āna ɛyīt, dāba š-šemš berqet, u s-seyyed sxen, u huwwa iḥeyyed l-kabbūṭ, īdan fe-l-lexxer, š-šemš hiyya lli ġelbet.",Femme,686.286405448853,1353.2671118377523,19.232792607802875,73.6629363449692,0
688,Ouren,Belgique,6.133345909381846,50.13940576630181,https://atlas.lisn.upsaclay.fr/sounds/Ouren.mp3,"D'Sonn on de Nordwond hatten sesch on't Woll! Jidrën fan hinnen wollt dä Starekste sënn. Du suschen si e Wanderer, dän oogedukkelt on seje Mantel, sejer Wäsch juung. Sie juffen sesch enisch, dat däjinnije, dän ët fjärdisch krusch, de Wanderer ze zwengen, de Mantel oousszedoon, de Starekste wirr. Du fung de Nordwond aan ze bloosen, on bluss, on bluss mot aller Kraft. Äwer desto mi hä bluss, desto mi zusch de Wanderer seje Mantel ëm sesch zu. Zum gude Schluss juf de Nordwond ët op. Lo straalt d'Sonn ëmmer mi warem on glidisch op d'Land. De Wanderer worr su an't schwësse, dat hä seje Mantel oousdut. Du muut de Nordwond oseen, dat d'Sonn di Starekst worr!",Femme,743.3299620683412,1526.1113088021007,9.617672826830939,82.58827515400411,0
689,Ovelgönne,Deutschland_OF,8.378,53.317521,https://atlas.lisn.upsaclay.fr/sounds/Ovelgoenne.mp3,"Malins kregen sik de Noordwind un de Sunn in de Hoor, denn all twee wullen se de Starkste ween. Do just akraat keem en Wannersmann langs den Weg un de harr en warmen Mantel an. Se kemen nu overeen, de schull as de Starkste gellen, de den Wannersmann dwingen kunn, den Mantel aftoleggen. De Noordwind bloos nu all wat he kunn, man wo mehr he blosen dee, wo faster sloog de Wannersmann den Mantel um sik to. De Noordwind muss dat Blosen instellen. Nu fung de Sunn an mit ehr mojen Strahlen de Luft antoböten. Dat duur man 'n Ogenslag un de Wannersmann truck sienen Mantel ut. Do muss de Noordwind togeven, de Sunn weer starker as he.",Homme,742.3209467633094,1464.4251725664876,10.363162217659138,85.1339151266256,0
690,Oviedo,Espagne,-5.850122,43.361908,https://atlas.lisn.upsaclay.fr/sounds/Oviedo.mp3,"L'aire del Norte y el Sol andaben a la tema pa ver cuál de los dos yera'l más fuerte, entós, apaeció un viaxeru arrebuyáu nuna capa ancha. Pautaron que'l que llograre que'l viaxeru quitare la capa habría ser consideráu'l de más puxu. L'aire del Norte sopló engafentáu, pero cuanto más soplaba, más s'arrebuyaba na so capa'l viaxeru, a lo cabero, l'Aire del Norte dexó'l llabor. Entós púnxose a rellumar con fuercia'l Sol y darréu'l viaxeru quitó la capa. Poro, l'Aire del Norte tuvo que facer reconocencia de la superioridá del Sol.",Homme,557.4520607730367,1015.7183674987302,14.64574264202601,78.20347022587269,0
691,pa'umotu (maragai),PF,-138.56471,-20.7706,https://atlas.lisn.upsaclay.fr/sounds/pa'umotu_(maragai).mp3,"Tē mārō ra ko Mara'amu rāua ko Hana, ko vai tō rāua te mea pūai roa ake. Kapurahaga atu rāua korari tagata e hakatere mai nei te rakei ra kiana tona kahu kokomo. Te tuhaga īa tō rāua manako ē, tō rāua e kiriti mātāmua te kahu kokomo ko taua tagata ra, ko koia hoki te mea pūai roa ake. Ki reira ko Mara'amu e puha ake ki tōna toketoke hopega. E no te hakapine te hakatoketoke, hakavīhaga īa teie tagata hakatere tōna kahu kokomo. Hoperehaga īa ko Mara'amu te 'opuahaga ki te kiritihaga ki taua kahu kokomo ra. Ki reira, kanapa mai ra ko Hana ki ruga. Tae roa ake ki te tahi taime, mahanahana roa ake ra teie tagata hakatere, kiriti atu ra koia ki tona kahu. Kite atu ra Mara'amu ē, ko Hana hoki tō rāua mea pūai roa ake.",Homme,624.3155609817416,1125.306772681843,25.115852156057496,79.52596851471596,1
692,pa'umotu (napuka),PF,-141.27117,-14.164978,https://atlas.lisn.upsaclay.fr/sounds/pa'umotu_(napuka).mp3,"Haumārō iho nei te matagi-makariri ē te hana, tē nākō ara te tahi ki te tahi koia te mea pūaki ake, kia rāua i kite atu ai kōrari tagata ko tei kahu ki tōna pereue. Tika iho ra tō rāua manako ki te nākōhaga ē, tō rāua e hakariti nā mua ki te pereue o tērā marihini, koia īa te mea pūaki ake kia hipahia. Ki reira, puhi ake ra te matagi-makariri ma te pūaki, hakapūaki atu ā koia, pūaki katoga te marihini ki te pūputa ki tōna pereue, fakaea ake ra te matagi-makariri ki te hakakiriti ki tōna pereue. Ki reira, tūrama ake ra te hana, kāore i kemokemo roa, māhanahana ake ra te marihini, kiriti ake ra ki tōna pereue. Ki reira te matagi-makariri i reko ai ē, ko te hana te mea pūaki ake ki roto kia rāua.",Homme,504.566155077617,1093.3333501186737,26.59188911704312,78.7666392881588,1
693,pa'umotu (parata),PF,-145.522,-17.3453,https://atlas.lisn.upsaclay.fr/sounds/pa'umotu_(parata).mp3,"E tamakihaga na te maragai ē te hana, mārō te tahi ē, mea pūai ake koia ki te tahi, ka kite ai rāua rari rātere e haere mai ra, vehihia ki tōna kahu pū. Kua tū tō rāua manako ē, te mātāmua ko rāua e hakakiriti ki te kahu pū ko te rātere, ko koia īa te hipahaga pūai ake. Puhi atu ra te maragai ma tōna pūai katoga, teie rā, rahi atu tāna puhi, rahi atu te tāpiki ka te rātere ki tona kahu pū, ē ki te hopēga, kua hōpere te maragai ki te manako ē hakakiriti ki te kahu pū ko te rātere. Kanakana atu ra te hana ē ki muri mai, no te veravera, kua kiriti te rātere ki tōna kahu pū. Ki reira, kua fāriki te maragai ē, ko te hana te mea pūai ake ki roto kia raua.",Homme,558.7217320348319,1046.1813331701378,26.35501711156742,79.85882272416154,1
694,pa'umotu (reao),PF,-137.067469,-18.270015,https://atlas.lisn.upsaclay.fr/sounds/pa'umotu_(reao).mp3,"Pakani ana te matagi e te hana, karo rāua ko vai rā tō rāua kaito, kiteraga garurua ki te tahi tagata tere e nuku mai, pōpoki ki roto ki tōna kahu mahena. Tū atu ra tō rāua manako, te katai tō rāua e huhu ki te kahu mahena o te tagata tere, ko koia ia te kaito. Pakakina ake te matagi, nui tō te matagi pūhiaraga, nui tō ōna kahu mahena. Kore atu ra te manako huhu o te matagi. Kanapanapa ake te hana, e ki muri ake, nō te veravera, huhuraga ia te tagata tere ki tōna kahu mahena. Kua pago tīroa ki te matagi ē ko te hana tō rāua kaito.",Femme,606.4801841834666,1044.8041314420784,25.657754962354552,78.70285420944558,1
695,pa'umotu (tapuhoe),PF,-140.85206,-17.842365,https://atlas.lisn.upsaclay.fr/sounds/pa'umotu_(tapuhoe).mp3,"Tē mārō nei te maragai ē te hana, ko vai tō rāua e mea pūai ake, kitehaga rāua ki te tahi tuhura e haere mai nei, vehihia ki tōna pereue mahanahana. Tū atu ra tō rāua manako ē, te mātāmua o rāua e hakakiriti ki te kahu mahanahana o te tuhura, koia īa te mea pūai ake. Puhi atu ra te maragai. Rahi atu tōna puhihaga, rahi atu tō te tuhura hakavīhaga ki tōna pereue mahanahana. Kore atu ra tōna manako hakakiriti ki te pereue mahanahana o te tuhura. Kanakana mai nei te hana ē, i muri ake, nō te veravera, kiriti atu ra te tuhura ki tōna pereue mahanahana. Ki reira, kua fakariki te maragai ko te hana tō rāua kaito.",Femme,544.9156779246986,715.1798915222864,25.994647501711157,79.2778097193703,1
696,pacahuara,Bolivia,-66.192099,-11.939188,https://atlas.lisn.upsaclay.fr/sounds/pacahuara.mp3,Xotoqui yotano baritsixo caxahaina jato tëquë tsi caxa jahicani quë cahaitsi xacata yaboco iniquë. Yobana jacaniquë jaria pari paquë haitsi coshi jaya. Jatsi yotano casi xoto haniquë xoto janotsi cahaicato jahuë xacata hachaniquë. Toatsi xotohaica namananiquë. Jatsi bari tsëquëniquë jisiquiyoniquë jatiroacato. Cahaicoto hanomari huaonotsi jahuë xacata nianiquë. Toatsi xotohaica yotano barichaha huaniquë.,Homme,701.4844497021068,1229.87053380547,26.991752224503763,75.06527036276523,1
697,Pacé,France,-1.7667,48.15,https://atlas.lisn.upsaclay.fr/sounds/Pace.mp3,"Le vent fret e le soulai s'entr-batint, chaqhun crayant q'i tet le pus fort. Cant il ont vû un vayaijou qi s'avancet, pouillë d'un paltaod, i se sont minz d'assent pour qe le sien qi ariveret le permier a fére tirer son paltaod ao vayaijou seret le pus fort. Aloure le vent fret bufit a toute force més pus q'i bufet, pus qe le vayaijou se mucet dan son paltaod A la fin, le vent fret renoncit. Aloure le soulai comencit a raire e ao bout d'un moment, d'un moment de temp, le vayaijou, rachalë, a tirë son paltaod. C'ét de méme qe le vent fret a dû erconétr qe le soulai tet le pus fort des deûz.",Homme,559.9899211399991,1069.0872114675726,12.578001368925394,80.79574264202601,0
698,paicî,NCWF,165.4046,-21.0765,https://atlas.lisn.upsaclay.fr/sounds/paici.mp3,"[Ru mwââ tââ] wë pwéérétöötù mâ wë töötù. Ru iputëmû. Ru nyê jèpa piâgötùrù. A ru côô wë pwia ipokââ nâ é tèèpaa mê. Nâ é cajipié goo imwânô. A ru piinâ pââ : ""wë pwia tiri jii-é i cajipié nâ é dau âgötùrù"". Â é nyê u kaa i pwérétöötù. A wiânâ dau pimâinâ pââ pai u kârâ. A wë pwinâ nâ é cipa ba mwù i imwânôô tia goo nâ ticè pwéérétöötù. Â taapo té i töötù. A tèèpaa pââ naa nâ i jè pëërë. Â é töökaa wë pwia ipokââ. Â é panuâ i imwânôô. Â é inâ wë pwérétöötù pââ : ""Wë-gë co töötù nâ dau âgötùrù"". [Cigado â guwë mwââ wiâ cè taaci goo.]",Femme,586.6604720940192,881.8649692281933,24.583422313483915,76.74802874743327,0
699,Pailharès,France,4.566552,45.077764,https://atlas.lisn.upsaclay.fr/sounds/Pailhares.mp3,"La bisa e lo solelh se chicanhavan, chascun affirmava qu'èra lo plus fòrt, quand veguèran un voiatjuer qu'arrivava, paquetat dins son mantèl. Tombèran d'acòrd que quele qu'arrivariá lo promeir a li faire quitar son mantèl seriá vegut coma lo plus fòrt. Doncas la bisa se botèt a bofar de totas sas fòrças mès miuelh bofava, miuelh lo voiatjuer sarrava son mantèl sus iele e a la fin la bisa renoncèt a li lo faire quitar. Alòrs lo solelh se botèt a brilhar e dins pauc de temps, lo voiatjuer, reschaufat, garèt son mantèl. Doncas la bisa a bien reconeissegut que lo solelh èra lo plus fòrt daus dos.",Femme,578.2307428573598,887.7031336882226,10.165975359342916,77.70925393566051,0
700,Palatine,EU,7.605714,49.199718,https://atlas.lisn.upsaclay.fr/sounds/Pirmasens_Palatine.mp3,"Ämol han sich de Nordwind und die Sunn gestridd, wer vun ihne wohl de Stärgere wär, do is grad e Wannrer do herkomm, wo e warmer Mandel aaghadd had. Sie sin sich änich wor, dass derjänich fer de Stärgere gelde soll, der denne Wannrer zwinge werd, soi Mandel auszeziehe. De Nordwind had mit aller Machd geblos, awwer je mäh er geblos had, umso feschder had sich der Wannrer in soi Mandel ingemummeld. Endlich had de Nordwind de Kampf ufgeb. Jetzd had die Sunn mid ihre freundliche Strahle die Lufd gewärmd, un schun ball denno had der Wannrer soi Mandel ausgezoo. Do had der Nordwind misse zugewwe, dass die Sunn de Stärgere vun denne zwää war.",Homme,632.3691824149705,1466.9444088659452,10.893983572895278,79.12868583162218,0
701,palikur,AG,-51.802061,3.891323,https://atlas.lisn.upsaclay.fr/sounds/palikur.mp3,"Kamaygviye gikak kamuw pitimnekbetwikis. Pahavwit igkis ekene ku pariye date. Ku aysaw igkis hiyap pahavwi hiyeg maviya avge kasimsavu akak gaba. Igkis ahegbete ginetnikis adahan ku pariyekit wihwhe igi awayg gaba, igi pi date. Ayteke kamaygviye puhe kahawad. Heneme ku aysaw kamaygviye puh kahawad, ig awayg dahakmine kahawad gaba. Amaksemni nikwe kamaygviye isahkiswe. Kamuw pes barewhe. Iggi awayg hiyamni hene ku ig awahbu kuwis, ig wihwhe gaba. Ayge kamaygviye hiyak ku kamuw date giw.",Femme,649.796869221268,1004.5802446972,26.001334702258724,87.14452429842574,1
702,Paliseul,Belgique,5.135206,49.903694,https://atlas.lisn.upsaclay.fr/sounds/Paliseul.mp3,"La bîje èt l' solê astint an margaye. Tchèkin d' zês deûs vlot-z esse lu pus fwârt. I-z ont vèyu in routeû ki vnot après zês, racrapoté dins s' mantê. I s' ont mètu d' acwârd po dire ki l' prèmî ki lî frot tirer s' mantê, ça srot li l' pus fwârt. Insi, la bîje s' è mètu a choufler tint k' èle plot. Mês, pus èle chouflot, pus çku l' routeû tnot bon s' mantê. Èt, pou fini, la bîje è arèté d' choufler. Après ça, lu solê s' è mètu a loûre. Lu routeû è yu tchônd èt il è tiré s' mantê. Ça fwêt ku : la bîje è bin du rcouniche ku l' solê astot l' pus fwârt du zês deûs.",Homme,761.6970581517953,1475.7211175095683,10.144277891854895,82.97253935660507,0
703,pamaka,AG,-54.411864,5.053573,https://atlas.lisn.upsaclay.fr/sounds/pamaka.mp3,"A san anga a winta e kuutu. Ibiwan fu den be e suku ondi na a moo taanga wan. Te a si wan sama di e [du vent] e foyasi da u e meki a puu a, en yas. Den luku a wan di e moo taanga fu tya u kon fu puu a yas fu en. A winta way anga a alen taanga, a e way taanga, a fuu sama abi fu puu en koosi, puu en yakiti. A winta, a kaba pisi fu a winta kon koo. A san bigin pii. A sama, a foyasiman abi fu puu en yakiti. A winta si taki, neen, neen na, na a san na a moo taanga wan.",Homme,841.5130017696437,1265.4887434855589,26.059897330595483,85.23388090349076,1
704,Pancheraccia,France,9.3722,42.2197,https://atlas.lisn.upsaclay.fr/sounds/Pancheraccia.mp3,"U trettu è u sole si litigavanu assicurendu ognunu ch'ellu era u più forte, quand'elli anu vistu un viaghjadore chì s'avvicinava, ingutuppatu ind'u so mantellu. Si sò messi d'accordu chì quellu chì face caccià u mantellu di u viaghjadore u primu serebbe dettu u più forte. Tandu u trettu s'hè messu à suffià forte forte ma più suffiava è più u viaghjadore stringhjia u so mantellu è à a fine, u trattu rinunciò à fallilu caccià. Tandu u sole s'hè messu à luce è pocu à pocu, u viaghjadore, riscallatu, cacciò u so mantellu. Cusì u trattu hà ricunnisciutu chì u sole era u più forte.",Homme,599.3068401670673,813.0455343935216,15.994120465434634,70.42596851471595,0
705,papiamento,Aruba,-70.033046,12.522787,https://atlas.lisn.upsaclay.fr/sounds/papiamento.mp3,"Biento di nort y solo tabata discuti pa wak ta cua di nan ta esun di mas fuerte, ora un biahero a bin bisti den un jas calor. Nan a palabra cu esun cu logra pone e biahero kita su jas prome lo ta considera esun di mas fuerte. E ora ey biento di nort a supla mas duro cu e tabata por, pero mas el a supla, mas preta e biahero a primi su jas rond di su curpa.  A la fin, biento di nort a lebumay purba. E ora ey solo a cuminsa bria, y mesora e biahero a kita su jas. Anto asina biento di nort a hay'e ta admiti cu ta solo tabata esun di mas fuerte.",Femme,642.3614090697515,1110.8230631549618,27.79223819301848,80.07327173169062,1
706,Paris,France,2.349,48.853,https://atlas.lisn.upsaclay.fr/sounds/Paris.mp3,"La bise et le soleil se disputaient, chacun assurant qu'il était le plus fort, quand ils ont vu un voyageur qui s'avançait, enveloppé dans son manteau. Ils sont tombés d'accord que celui qui arriverait le premier à faire ôter son manteau au voyageur serait regardé comme le plus fort. Alors, la bise s'est mise à souffler de toute sa force mais plus elle soufflait, plus le voyageur serrait son manteau autour de lui et à la fin, la bise a renoncé à le lui faire ôter. Alors le soleil a commencé à briller et au bout d'un moment, le voyageur, réchauffé, a ôté son manteau. Ainsi, la bise a dû reconnaître que le soleil était le plus fort des deux.",Homme,704.3073689321137,1532.3169355154039,11.954770704996577,79.37999315537303,0
707,Pavie,France,0.6,43.6167,https://atlas.lisn.upsaclay.fr/sounds/Pavie.mp3,"La bisa e lo sorelh se pelejavan, cadun èra segur de qu'èra lo mei hòrt, quan viscón un viatjaire qui s'avançava, tot amantolat. Se son entenuts que lo qui haré prumèr tira's lo manto au viatjaire seré espiat com lo mei hòrt. Alavetz, la bisa se botèc a bohar de tota la sua fòrça, mès au mei bohava, mei lo viatjaire sarrava lo son manto contra eth e a la fin, la bisa renoncèc de'u hèr tirar. Alavetz, lo sorelh comencèc de lusir e au cap d'un moment, lo viatjaire, escalorit, se tirèc lo son manto. Atau, la bisa qu'avoc de reconéisher que lo sorelh èra lo mei hòrt deus dus.",Homme,554.779042002226,1232.2566165743863,14.844353182751538,74.1788295687885,0
708,Pellworm,Deutschland_SH,8.633333206176758,54.51666641235352,https://atlas.lisn.upsaclay.fr/sounds/Pellworm.mp3,"Eens harrn sik de Noordewind und de Sünn inne Wull, wer von se beiden wohl de Stärkere weer, as een Wannersmann mit 'n warme Mantel langs de Weg keem. De beiden werrn sik enig, dat dejenige de Stärkere weer, de de Wandersmann dorto kreeg sien Mantel uttotrecken. De Noordewind, de pustet so dull he kunn, aber je doller he pusten dee, desto faster mookt de Wanderer sien Mantel dicht. Do geev de Noordewind sien Bemühen op. Glieks warm de Sünn de Luft op mit ihre fründliche Strohlen un een Ogenblick loter trock de Wannersmann sien Mantel ut. Do musst ok de Noordewind togeben, dat woll de Sünn de Stärkere weer von se beide.",Femme,667.6429532409815,1190.8114956150168,10.245530458590006,85.69598220396989,0
709,Pelt,Belgique,5.436301,51.234108,https://atlas.lisn.upsaclay.fr/sounds/Pelt.mp3,"De noordeweend en de zón haawen ambras over de vroag, wie van hun twie.e de sterkste wa.es. Jüst op dä momäänt kwam er ne reiziger oan, die.e ne werme jas oan haaw. Ze kwammen overieën dä wie 't urst gedoan kreeg dä de reiziger zènne jas oêt deuj, dä ze dieën de sterkste zowwe noeme. Jä. Urst begos de noordeweend aal wa'tie kos te bloaze en te bloaze, mer hoe harder dettie blies, hoe vaaster dä de reiziger zènne jas tow trok. En op stuk van zaak gaaf de noordeweend het op. Tün begos de zón te branne en te branne, zoe haard dä ze kos, en op slaag deuj de reiziger zènne jas oêt. De noordeweend moes dus wel towgèève, dä de zón toch wel de sterkste van hun twie.e wa.es.",Homme,750.0281603108808,1156.3554324539914,11.393237508555783,79.45043121149898,0
710,Peramola,Espagne,1.273256,42.062363,https://atlas.lisn.upsaclay.fr/sounds/Peramola.mp3,"L'espunyola i el sol es barallaren, sostenint cadascun que ell era el més fort, quan de cop, van vere un viatger que s'acostava embolicat en una gran capa. Van convenir que el qui primer fes que el viatger es tregués la capa seria considerat lo més fort. L'espunyola es va posar a bufar amb una força de Déu Maria Santíssima, com un vent de tramuntana, però com més bufava, més s'emborrassava el viatger amb la capa, al final, va deixar estar de fer-l'hi treure. Adevons el sol va començar a brillar, i en un moment, el viatger, mig fregit, es va treure la capa. Així, l'espunyola va haver de confessar que el sol era el més fort.",Homme,869.2893148660543,1439.66190377819,13.416830937713895,66.72728952772074,0
711,Perpignan,France,2.8956,42.6986,https://atlas.lisn.upsaclay.fr/sounds/Perpignan.mp3,"La vispa i el sol se barallaven, cadascú assegurant que era més fort, quan van veure arribar un viatger, que avançava, embolicat en el seu manto. Van estar d'acord que el qui arribaria el primer a fer treure el seu manto al viatger seria mirat com el més fort. Allavors, la vispa se va posar a bufar, amb tota la seua força, mes com més bufava, més el viatger apretava el seu manto entorn seu. I a la fi, la vispa va renunciar a fer-l'hi treure. Llavors el sol va començar de lluir i al cap d'un moment, el viatger, rescalfat, va treure el manto. Així, la vispa va haver de reconèixer que el sol era el més fort dels dos.",Femme,612.8146356835606,1103.875275064951,16.56895961670089,72.43791923340179,0
712,Perwez,Belgique,4.814828,50.624031,https://atlas.lisn.upsaclay.fr/sounds/Perwez.mp3,"Système FellerLë bîje èt l' solia s' dëspëtin' po soyë qui ç' qu' esteûve le pus fwârt dë zels deûs. Tot d' on côp, i vëynët arëver on-ome, rèfoncé dins s' pardëssus. I s' mèt'nët d'acôrd po dîre quë l' céne quë li f'reûve rëssatchi s' paletot, cë sèrot lë l' pus fwârt des deûs. Adon l' bîje s' a mètë a sofler, a sofler d' totes sès fwaces, mins d'pës qu'èle sofleûve, èt d'pës qu' l'ome rëssèreûve së paletot autou d' lë. Èt po fënë, l' bîje a lèyî tchêre l'afêre. Adon l' solia a cominci a lûre, èt au d'bout d'on momint, l'ome, qu'aveûve trop tchônd, a r'satchi s' pardëssus. Èt vola pocwè lë bîje a d'vë r'conèche quë l' solia esteûve lë pës fwârt dë zels deûs.",Homme,637.6694560751617,1501.4987614034376,10.65015742642026,82.43041067761807,0
713,Petegem,Belgique,3.556207,50.833372,https://atlas.lisn.upsaclay.fr/sounds/Petegem.mp3,"De nuurdewind en de zonne wauren ant discuteren wiene dader de sterksten waus van ulder getwien. Just op da moment kwamter ne voyageur af, die ne waurme paltoo aan hau. Ze kwamen overeen dat'n dien die diene voyageur eest zijn paltoo kost doen uitdoen, de sterkste zoe zijn. De nuurdewind begost zuu hard meulijk te blauzen maar hoe harter dat die blausdege hoe meer da diene voyageur zijne paltoo toetrok. Uitendlijk gaf tie t'op. Daarachter begost de zonne hard te schijnen en de voyageur dee sebiet zijne paltoo uit. De nuurdewind moest dus toegeven dat de zonne de steirksten was van ulder getwien.",Femme,598.7058668447953,1232.4236148190325,11.335845311430527,82.48269678302533,0
714,Petersdorf,Deutschland_OF,8.032195387339423,53.00145527134963,https://atlas.lisn.upsaclay.fr/sounds/Petersdorf.mp3,"Eenmal harrn sik de Noordwind un de Sünn in?e Kladden krägen. Se kabbelden sik, wecker van ehr beiden woll de Starkere wöör. Jüss kööm dor en Wannerer langes, de en warmen Mantel anneharr. Se enigden sik, dat de wunnen harr, de den Kerl dwingen döö, den Mantel uttotrecken. De Noordwind blaasde mit alle Macht. Aver je döner he dat drieben döö, desto faster wickelde sik de Wannerer in sien Mantel. Tauleste geev de Wind up. Nu kööm de Sünn un mit ehre fründlike Strahlen warmde se de Luft. Dat düürde nich lange un de Kerl trück sien Mantel ut. Do mösste de Noordwind taugäben, dat de Sünn de Starkere van ehr beiden wöör.",Femme,665.6803742825758,1137.2254077954829,10.33609171800137,84.22467488021903,0
715,Pierre-Buffière,France,1.35,45.7,https://atlas.lisn.upsaclay.fr/sounds/Pierre-Buffiere.mp3,"La bisa e lo solelh se brejavan ; chascun assegurava qu'eu èria lo pus fòrt. Quand ilhs vigueren un voiatjor que s'avançava, envelopat dins son manteu, ilhs tomberen d'acòrd que lo que 'ribariá lo prumier a far tirar son manteu au voiatjor  siriá visat coma lo pus fòrt. Donc, la bisa se metet de bufar de tota sa fòrça. Mas mai 'la bufava, mai lo voiatjor sarrava son manteu autorn de se, e a la fin, la bisa renoncet de lo li far tirar.  Donc, lo solelh comencet a brilhar, e au bot d'un moment, lo voiatjor, eschaurat, a tirat son manteu. Entau, la bisa deuguet reconéisser que lo solelh era lo pus fòrt daus dos.",Homme,799.6599468500193,1340.6388206556976,12.460704996577686,77.63935660506503,0
716,Pigna,ItaliaNord,7.661354578748753,43.9330342525051,https://atlas.lisn.upsaclay.fr/sounds/Pigna.mp3,"barbasciuscia e u suř linlà i a se ghe acanava in se chi dei due u fussa u cì forte, candu i ven in fuřestroeŕ che u passava intëŕnicau in tu guneŕ. Cuscì, i se sun messi d'acordiu che u primu che u fussa rescìu a far levaŕ u guneŕ d'in colu aŕ fuřestroeŕ u surìa stau u cì forte. U barbasciuscia u s'è messu a sciusciaŕ cun tita a sua forsa, ma cì u sciusciava, e cì u particulaŕ u se stregnìa in tu guneŕ tantu che aa fin u ventu u gh'à lasciau man. Aluŕa u sur u l'à cumensau a sbarligaŕ e a scaudaŕ e sibitu u fuřestroeŕ u s'è levau u guneŕ. Cuscì u barbasciuscia u l'à devìu recunusce che u suŕ u l'è ci forte de ëëř.",Femme,632.8349005959828,1431.4189379125396,12.37700205338809,68.99560574948666,0
717,Pirmasens,Deutschland,7.605714,49.199718,https://atlas.lisn.upsaclay.fr/sounds/Pirmasens_Palatine.mp3,"Ämol han sich de Nordwind und die Sunn gestridd, wer vun ihne wohl de Stärgere wär, do is grad e Wannrer do herkomm, wo e warmer Mandel aaghadd had. Sie sin sich änich wor, dass derjänich fer de Stärgere gelde soll, der denne Wannrer zwinge werd, soi Mandel auszeziehe. De Nordwind had mit aller Machd geblos, awwer je mäh er geblos had, umso feschder had sich der Wannrer in soi Mandel ingemummeld. Endlich had de Nordwind de Kampf ufgeb. Jetzd had die Sunn mid ihre freundliche Strahle die Lufd gewärmd, un schun ball denno had der Wannrer soi Mandel ausgezoo. Do had der Nordwind misse zugewwe, dass die Sunn de Stärgere vun denne zwää war.",Homme,632.3691824149705,1466.9444088659452,10.893983572895278,79.12868583162218,0
718,Planchez,France,4.015411916279243,47.13603313308389,https://atlas.lisn.upsaclay.fr/sounds/Planchez.mp3,"Y ost l'vent pé l'soulai que se disputaint, chacungne v'lait éte le pu fort, quand y ait un hom-me que passait, un voyageur quoè, que s'ost aivancé enloupé dans un grand mantiau. A sont tombés d'accord que çu qu'arriverait le premer ai fére outer son mantiau à c't hon-me là, au voyageur, s'rai r'gardé coumme le pu fort. Alors le vent s'ost mis ai soffier d'toute sa force, mas pu al soffiait, pu l'voyageur sarrait son mantiau autor de lu. Ai lai fingne eh bin l'vent ol ai arrêté, ol ai r'noncé ai y fére outer. Alors l'soulai ai coummouencé ai briller, au bout d'un moument le voyageur ressauffé ai outé son mantiau. Et peu coumme ça le vent al ost bin dû r'counaitre qu'étôt le soulai l'pu fort des deux.",Femme,597.9640084183618,689.0334856425891,11.535256673511293,79.86459274469541,0
719,Plerneuf,France,-2.88537,48.515425,https://atlas.lisn.upsaclay.fr/sounds/Plerneuf.mp3,"Y avaet du biao jeu entèr le vent d'a haot e le sourai, chaqhun dizant q'étaet li le pus fort, qand i veyite un veyajou, gronë dan son mantiao, veni devèr yeûs. I fute d'aviz qe li qi s'en cheviraet le permier a mettr le veyajou a se depouiller de son mantiao, stula seraet le pus fort. Alôr le vent d'a haot se mint a souffler du pus q'i pouaet més tant pus corne i soufllaet, tant pus le veyajou se gronaet dan son mantiao e pour en fini, le vent d'a haot calit. Alôr le sourai comencit a doner e une boutée de temp aprés le veyajou erchaofè tirit son mantiao. E de méme le vent d'a haot deût erconétr qe le sourai étaet le métr.",Homme,672.4467492390855,1438.7790650875195,12.043011635865845,84.20006844626968,0
720,Pleuville,France,0.5,46.1,https://atlas.lisn.upsaclay.fr/sounds/Pleuville.mp3,"graphie oïlisantegraphie classiqueL'ébisail et le souleuil se pigougn'niant, chacun d'yoûrs agarantissant qu'v'atie le pus fôrt quand qu'i viyant un vouéyageur que v'nie à yoûrs sâré dins son mantè. I cheuyiyant d'accôrd qu'queû-thyi que réussirie le peurmier à yi fère oûter queû mantè srie guêté coume étant le pus fôrt. O fèt que l'ébisail se m'tit à buffer tant qu'eû peuyit, mé mè eû buffie mè le vouéyageur s'endourassie dins son mantè et, peur fini, l'ébisail arnoncit à yi fère oûter. Le souleuil à queû moument comincit à arayer et un bout pus târd, le vouéyageur réchaudesi oûtit son mantè. O fèt que l'ébisail deuyit recounète que le souleuil atie le pus fôrt de yoûrs deux. L'ebisalh e le solelh se pigonhèn, chascun d'iors agarantissant que v'atie le pus fòrt quand qu'ils vian un voiegeur que venie a iors sarret dins son mantèl. Ils chevian d'acòrd que queu-qui que reussirie le permier a lhi faire oster queu mantèl srie gueitet come estant le pus fòrt. Au fèt que l'ebisalh se metit a bufer tant qu'eu peiit, mès mai eu bufie mai le voiegeur s'endorassie dins son mantèl e, per finir, l'ebisalh arnoncit a lhi faire oster. Le solelh a queu moment comencit a aralher e bot pus tard, le voiegeur reschaudit ostit son mantèl. Au fèt que l'ebisalh deiit reconeitre que le solelh atie le pus fòrt de iors deus.",Homme,547.3165965671324,1431.4134289757692,13.041629021218343,77.9623613963039,0
721,"Plombières
(Hombourg)",Belgique,5.920677,50.723254,https://atlas.lisn.upsaclay.fr/sounds/Plombieres.mp3,"De biis en de zon wore zéch an schtriite, jéker änge wool zéch der schtärekste zie lote, dou zooge ze ene rääsender dä noder kwaem, än singe mantel ägepakt. Ze han séch geäägnet dat der öchte dä zinge mantel an der rääsender out kan doue als der schtärekste agezie sow wäere. Dou hat de biis met alle maet begonne te blose mä wi mie ze bloos, wi mie trook der rääsender der mantel eum séch en, op et lätste, hat de biis nogelote heum te probére de mantel out te doue. Dou hat de zon avange te schinge en no e momäänt, hat der erwäremde rääsender agevange der mantel out te doue. Eze hat de bïis mote erkenne dat de zon de schtärekste van de twei wor.",Homme,579.7366826032903,1176.2126970455522,10.312929500342232,82.08999315537302,0
722,Plombières (Montzen),Belgique,5.962258,50.70734,https://atlas.lisn.upsaclay.fr/sounds/Plombieres_Montzen.mp3,"De Biis än de Zon knävelde zéch, jéderénge wool der Schtärekste zie, wän zéj du ene Räzender zooche, dä aakoem, mét ene Mantel beschoet över zéch. Du maakde zéj Akoet : dä der öchste väedech krääch an der Räzender singe Mantel  ut teduue, dä wöet vöör der Schtärekste aajezie. Da vong de Biis, mét al sing Maat, te blooze, mä mie dat zéj bloos, däste mie schloet der Räzender singe Mantel öm zéch joot tu, än an et Éng beschloet zéch de Biis häj däm ut teduue, mä zéj mos tu jääve. Dat joof néks. Da vong de Zon aa te schinge; än op-éns dong zéch der Räzender, én di Hätsde, der Mantel ut. Zue, hat de Biis ärkäne mote, dat de Zon de Schtärekste van di Twäi woor.",Femme,641.7745802967555,880.571646005385,9.366509240246407,83.56731690622861,0
723,Ploumillau,France,-3.524653,48.678112,https://atlas.lisn.upsaclay.fr/sounds/Ploumillau.mp3,"An avel suilh hag an heol oant o 'non chikanañ, pep hini 'lâre bezañ an 'ni kapapañ. Hag a-greiz-tout a devoa gwelet ur beajer i tont dirake, paket 'bar e vantell. 'Non glevet oent da welet piv dionte 'h arrije an 'ni kentañ da lakat ar beajer da dennañ e vantell, ha hennezh 'vije an 'ni kapapañ. Neuze an avel suilh oa 'non laket da c'hwezhañ gant tout i erzh, met muioc'h-se c'hwezhe muioc'h-se ar beajer a starde e vantell en-dro dezhañ, hag a-benn ar fin an avel suilh ne oa ket dalc'het da lakat anezhañ da dennañ ar vantell. Ha neuze an heol a oa 'non laket da dommañ. A-benn ur pennad a amzer, ar beajer, tommet dezhañ, 'neva tennet e vantell. Evel-se an avel suilh 'neva kouzantet an heol oa an hini kapapañ dionte o-daou.",Femme,612.7169023687474,839.3116821636597,12.117084188911706,84.28854209445585,0
724,Plussulien,France,-3.069473,48.282595,https://atlas.lisn.upsaclay.fr/sounds/Plussulien.mp3,"An avel-viz hag an heol a oa savet disput etreze o-daou, pep hini anezhe o lâret d'an all e oa ar c'hreñvañ deuse o-daou. Ur wezh e oa ur beajour o tont, e vantell paket-kloz 'dro dezhañ. Akor e oant o-daou, da lâret e vo koñsideret èl d'ar c'hreñvañ an hini a day en penn d'ober d'ar beajour chetek e vantell. Neuze e oa en em lakaet an avel-viz da c'hwezhañ, a-bouez he fenn, ken e tae ar beajour da sachek àr e vantell, d'en em guzhek ba enni. Keit ha ba 'r fin, an avel-viz he doa soñjet ne oa ket 'vit ober. Neuze e oa komañset an heol da lugerno, ken e kroge. A-benn ur pennadig goude-se, pa oa daet tommoc'h d'ar beajour, en doa chetet e vantell. Aet e oa ar maout gant an heol.",Homme,748.5187543986317,1446.8237948206734,12.043011635865845,84.20006844626968,0
725,Pogeez,Deutschland,10.733333587646484,53.75,https://atlas.lisn.upsaclay.fr/sounds/Pogeez.mp3,"Dat is al een heele Tiet her, do harrn sick de Noordenwind un de Sünn bannig inne Mööt, wer vun de beiden woll mehr Knööv harr. Do keem een Tippelbroder den Weg lang, fein inbummelt in een warmen Mantel. Se kemen flink övereen, dat de de Stevigere sien schull, de den Wandersmann dwingen wörr, dat he sick ut sien Mantel plünnt. De Noordenwind bruuste so dull as he man kunn, aber desto mehr he bruuste desto faster tröck sick de Wandersmann sien Mantel üm den Lief. Opletzt leet de Noordenwind dat Strieden na. Nu leet de Sünn mit ehr fründliche Strahlen de Luft warmer un warmer warrn, un ehr dat du bet dree tellen kunnst harr de Monarch al sien Mantel uttrocken. Do müss de Noordenwind togeben, dat de Sünn em över weer.",Femme,492.14137722639225,867.5133459826636,9.896228610540724,84.12956878850103,0
726,Pogum,Deutschland,7.258611111,53.31833333,https://atlas.lisn.upsaclay.fr/sounds/Pogum.mp3,"Eenst streden sük Noordwind un Sünn, well wall van hör de starkerder weer, as en Wandersmann, de in en warm Mantel hüllt was, up d' Padd lopen dee. Se wassen sük enig, dat dejenige de starkerder van beiden wesen sullte, de de Wandersmann daarto zwingen sullte, sien Mantel uttotrecken. De Noordwind blaasde mit all sien Macht, aber umso mehr he blasen dee so faster wickelde sük de Wandersmann in sien Mantel. Tolest gaff de Noordwind de Kampf up. Nu dee de Sünn mit hör mooi Strahlen de Luft warmmaken, un dat düürs neet lang, do dee de Wandersmann sien Mantel uttrecken. Do muss de Noordwind togeven, dat de Sünn de starkerder van de beiden was.",Femme,754.8583632635867,1420.289205946778,10.637967145790554,84.19889801505818,0
727,Pomaretto / Lo Pomaret,Occitanie,7.18217,44.9558,https://atlas.lisn.upsaclay.fr/sounds/trm_occitan_to_f_pomaretto.mp3,"Ën jouòrn, l'aouro dë tramountano e lou soulélh së ruziavën, vît qu'un aourìo voulgù èse pì fort quë l'aoutre, cant il an vît ën viajatour qu'â vënìo anant, ënvërtoulhà ënt â mantél. Lî dui quë së ruziavën së soun alouro butà d’acordi quë lou pi fort sërìo îtà quél qu'al aguése fait chavâ d'acol lou mantél â viajatour. L'aouro ëd tramountano à coumënsà a souflâ ou vioulënso, ma pi î souflavo, pi lou viajatour â s' sëravo ënt â mantél, tan quë a la fin la paouro aouro à dëgù laisâ perdre. Lou soulélh â s'ê fait vê ënt â sièl. Aprèe un poc lou viajatour, qu'â sufrìo la chaout, â s'ê chavà lou mantél, e la tramountano ê îtà oublijà a ërcounouire quë lou soulélh al èr pì fort qu'illhe.",Femme,770.3508015685339,1514.0506209066064,4.025071868583162,75.40888432580425,1
728,pomerano,AG,-52.67569879479183,-31.396349047179694,https://atlas.lisn.upsaclay.fr/sounds/pomerano.mp3,"Dai züd vint un dai zün dera zich xtrira véka fo é beit as dai xtérkst ve. Dun is a meix vat reiza de dó lannk kóma in-vikalt in aina yak. As ém za héva, hévas viéét ve dai aaist ve vat dém meixa an-hait kreich, vat reiza de, dat hai zin yak ut-tréka kün, dai ve dai xtérkst. Dai züd vint hét an-fonna ana veichan mit meia kraft. As düla as dai veicha de, as düla de dai meix zich in-vikla in zina yak, bét dai züd vint an-hula hét. Dai zün hét xéna mit grout kraft, un dun glik hét dai meix vat reiza de zin yak ut-trékt. Dai züd vint hét müst dat zou an-néma dat dai zün xtérka ve as hai.",Homme,523.4295861517277,858.042583151181,17.892101300479123,79.34565366187543,0
729,Pommeret,France,-2.62683,48.462987,https://atlas.lisn.upsaclay.fr/sounds/Pommeret.mp3,"Le vent et le soulaïe s'pouillint enter yeues, chaqhiun dizant q'étaet lu le pus qheuru, qand i vitent un voyajou, rnucé dan son mantiao, v'ni devèr yeûs. I futent d'aviz qe lu qi s'en cheviraet le permier à mettr le voyajou a décap'ler son mantiao, stula seraet le pus qheuru. Alôr le vent d'a haot s'mint a soufler du pus q'i pouaet, més tant pus corne i souflaet, tant pus le voyajou se muçait dan son mantiao, e pour fini, le vent d'a haot bourdit. Alours le soulaïe comencit à achaler. et une boutée de temp pu târd, le voyajou erchaofè ertirit son mantiao. E de méme le vent d'a haot deûe erconéute q'étaet le soulaïe le métr.",Homme,680.2321160780872,1635.579317520616,12.405386721423683,83.03054757015742,0
730,Ponsampère,France,0.3775,43.4564,https://atlas.lisn.upsaclay.fr/sounds/Ponsampere.mp3,"La bisa e lo sorelh que's carcanhavan, cadun assegurant qu'èra lo mei hòrt, quand vesón un viatjaire qui s'avançava, arropat dens lo son manto. Qu'estón d'acòrdi que lo qu'arribèsse prumèr a'u hèr tirar lo manto au viatjaire, òm lo veiré coma lo mei hòrt. Alavetz, la bisa que's botèc a bohar de tota la sua fòrça, mès mai bohava, mai lo viatjaire sarrava son manto e a la fin, la bisa renoncièt a l'ac hèr tirar. Alavetz, lo sorelh comencèt a lusir e au cap d'un moment, lo viatjaire, escalorit, tirèt son manto. Alavetz, la bisa degóc reconéisher que lo sorelh èra lo mei hòrt deus dus.",Homme,693.7365488739192,1486.1572848436026,14.844353182751538,74.1788295687885,0
731,Pontedassio,Italia,8.013009,43.940696,https://atlas.lisn.upsaclay.fr/sounds/Pontedassio.mp3,"A tramuntana e u sû i raxunavan inse chì di dùi u fusse u ciü forte, cuandu i l'àn vistu ìn viaggiatû ch'u passava arrüccàu int'ìn mantéllu értu. I se sun mìssi d'acordiu, dunca, che u prìmmu de vélli ch'u fusse ariescìu a fâ levâ a mantélla d'ìn còllu au viaggiatû, u seéva staitu cunscideàu u ciü forte. A tramuntana a s'è missa a sciusciâ cun tütta a sò forsa, ma ciü a sciusciava, ciü u viaggiatû u se rüccàva intu so mantéllu., tantu che, aa fin, u pòveu ventu u gh'à lasciàu perde. Alantù u sû u l'à incumensàu a barlügâ cun tüttu u so caû e, de repetenun, u viaggiatû u s'è levàu u mantéllu. Cuscì a tramuntana a l'è staita dubrigâ a arecunusce che u sû u l'éa ciü forte de vélla.",Homme,632.2399826250706,1009.251965580951,15.19123203285421,73.92158795345654,0
732,Poppendorf,Allemagne,15.85476,46.866418,https://atlas.lisn.upsaclay.fr/sounds/Poppendorf.mp3,"Vriacha hom g'fezt d'Son und d'Wind, wer wuil da Stiakere ward ois a Strawanza vorbei kemma is, der in sein warm'n Mantel woa. Se hom se zoman boa'zt, das der wos an Strawanza den Mantel o'ziagen lost, gwinnt. Da Wind hot muaz blosn, je mehr a blos'n hot, je mehr hüilt se da Strawanza ei. Auf omoil hot der Wind aufgkert. Oft hat di Son de Luft aufgwormt, glei drauf ziag da Stra-wanza sein Mantel aus. Oft hot da Wind zuagebn, dass de Son gwunna hot.",Femme,742.4052911068754,900.4004590713242,10.554709103353867,76.90201916495552,0
733,português brasileiro,AG,-47.071477,-22.916087,https://atlas.lisn.upsaclay.fr/sounds/portugues_brasileiro.mp3,"O vento sul e o sol discutiam qual dos dois era o mais forte, quando passou um viajante envolto num casaco. Ao vê-lo, apostaram que aquele que primeiro conseguisse obrigar o viajante a tirar o casaco seria considerado o mais forte. O vento sul começou a soprar com muita força, mas quanto mais soprava, mais o viajante se embrulhava no seu casaco, até que o vento sul desistiu. O sol brilhou então com toda intensidade, e imediatamente o viajante tirou o casaco. O vento sul teve assim de reconhecer a superioridade do sol.",Femme,814.8171895763292,1790.4291458093496,21.005797399041754,72.75013004791239,0
734,Poschiavo,Suisse,10.053667304950867,46.325070609636825,https://atlas.lisn.upsaclay.fr/sounds/CH_Nordwind_Poschiavo.mp3,"Al vent e ’l sul. Un dì al vent e ’l sul i tachean bèga. Ün, al pretendèa da èsa plü fort da ’l altru, cura ca i an vüdü un viagadur cal caminea cun sü un caput. I doi chi tachea bèga i s’eran mütüi d’accordi, ca i aroan ritügnü plü fort, quel ca l ga sarof riù a ga fa trà fò al caput al viagadur. Al vent l’ha incuminciù a bufà furtisim, ma plü cal bufea, plü ca l viagadur al sa stringea inta in dal caput; tan ca ala fin al por vent l’a dügü lasà perda. Al sul, ilura, al se fait vedè sü in ciel e poc dopu al viagadur, ca l a cuminciù a gavè cald, la trait fò al caput, e ilura al vent al dügü ricunusa ca l su l’era plü fort.",Femme,588.4149227667212,973.2002327680517,1.2960232717316906,82.91924709103354,1
735,Préaux,Croissant,4.663243,45.14158,https://atlas.lisn.upsaclay.fr/sounds/Preaux.mp3,"La bisa e lo solelh se gibavan, chascun assurant qu'èra lo plus fòrt, quand veguèran un voiatjuer s'avançar, paquetat dins son mantèl. Tombèran d'acòrd que quelo qu'arrivariá lo promèir a faire quitar son mantèl au voiatjuer seriá vegut coma le plus fòrt. Alòrs la bisa se metèt a bofar de totas sas fòrças mès mai bofava, mai lo voiatjuer serrava son mantèl autorn de ielo e a la fin la bisa a renonçat a li lo faire quitar. Alòrs lo solelh a començat a brilhar e au bot d'un moment, lo voiatjuer, reschaufat, a tombat son mantèl. Ainsí la bisa deupuguèt reconéisser que lo solelh èra lo plus fòrt daus dos.",Femme,712.5352881996922,1615.115636037018,10.165975359342916,77.70925393566051,0
736,Premstäetten,Allemagne,15.567629,47.023045,https://atlas.lisn.upsaclay.fr/sounds/Premstaetten.mp3,"Als a Wondera in seim Mantel daher kumman is, hom sich da Wind und die Sun gstritten. Jeder hat gmant, dass er der Stärkere is. Se hom se ausgmocht dass der da Stärkere is, der den Wondera ois ersters den Mantel abnimmt. Do hat der Wind vui stork augfangen zu blasen und je mehr er blosen hat, desto mehr hat er sein Mantel gholten. Dann hat da Wind aufgebm und dazwischen is de Sun aussakommen. Da Wondera hot sein Mantel auszogn und da Wind hot zugebm, dass die Sun gwunnan hot.",Femme,776.2838017460698,1542.1718703394718,10.554709103353867,76.90201916495552,0
737,Pressignac,France,0.7417487526538572,45.82637153031148,https://atlas.lisn.upsaclay.fr/sounds/Pressignac.mp3,"Lu vent e lu solelh se faschavan, chascun assurava qu'eu era lu pus fòrt, quand ilhs viten un voiatjor que s'avançava, plejat dins son manteu. Ilhs tombeten d'acòrd que queu que 'ribariá lu premier a lu li far quitar siriá reconegut lu pus fòrt. Alòrs, lu vent se metet a bufar de totas sas fòrças, mas mai eu bufava, mai lu voiatjor serrava son manteu autorn de se. Finelament, lu vent renoncet a lu li far òstar. Alòrs, lu solelh comencet a raiar, au bot d'un moment, lu voiatjor, eschaurat, quitet son manteu. Entau, lu vent reconeiguet que lu solelh era lu pus fòrt.",Femme,672.0899030107282,1259.7093176898425,13.041629021218343,77.9623613963039,0
738,Puntraschigna,Suisse,9.903015460067271,46.49403690002621,https://atlas.lisn.upsaclay.fr/sounds/CH_Nordwind_Puntraschigna.mp3,"Üna vouta s‘haun dispütto il vent da nord ed il sulagl, chi dad els duos es il pü ferm, cur ch‘ün viandant, chi portava un chod mantel, gniva vers la via. Els sun gnieus daperüna, cha quel chi riva il viandant fer trer our il mantel, saja il pü ferm. Il vent da nord buffaiva cun tuotta forza, ma pü ch‘el  buffaiva e pü cha l‘hom as plajaiva aint il mantel. Finelmaing il vent da nord as daiva per pers. Uossa s-chaldaiva il sulagl l‘aier cun sieus razs e già zieva pochs mumaints traiva il viandant our sieu mantel. Co stuvaiva il vent da nord confirmer, ch‘il sulagl es il pü ferm dad els.",Homme,793.863122366305,1469.7193914689815,1.2960232717316906,82.91924709103354,1
739,Puygouzon,France,2.177496,43.896826,https://atlas.lisn.upsaclay.fr/sounds/Puygouzon.mp3,"La bisa e lo solelh se querelavan, cadun afortissent qu'èra lo mai fòrt, quand te vegèron venir un viatjaire, estropat dins son mantèl. Convenguèron que lo primièr que capitariá a far quitar lo mantèl al viatjaire seriá agachat coma lo mai poderós. Alara, la bisa se metèt a bufar de tot son vam que, d'ont mai bufava, d'ont mai lo viatjaire se sarrava lo mantèl a el, fin finala, aquesta pleguèt de lo i voler far quitar. Alara, lo solelh comencèt d'escandilhar, que al cap d'un moment, lo viatjaire rescalfat, se quitèt lo mantèl. Aital, la bisa deguèt reconéisser, que de totes dos, èra lo solelh lo mai poderós.",Homme,664.1150806353129,1535.6796964292234,13.731047227926078,76.35994524298427,0
740,Puyméras,France,5.129430132510197,44.27061998012863,https://atlas.lisn.upsaclay.fr/sounds/Puymeras.mp3,"La bisa e lo soleu se disputavan, chascun assurant qu'èra lo plus fòrt, quand vèron arribar un voiatjur que s'avançava, drapat dins son mantèu. Son tombats d'acòrd que aqueu qu'arribariá lo promier a faire ostar son mantèu au voiatjur seriá regardat coma lo plus fòrt. Alòr, la bisa s'es misa a bofar de tota sa fòrça, mai plus ela bofava, plus lo voiatjur serrava son mantèu entorn d'eu. E a la fin, la bisa a renonçat a lo faire enlevar. Alòr, lo soleu a començat a dardar sei raions, e au bot d'un moment, lo voiatjur, rescaufat, a ostat son mantèu. Ansin, la bisa a dut reconeistre que lo soleu èra lo plus fòrt dei dos.",Femme,594.1610541569769,816.5300411253038,12.932888432580425,72.40496919917865,0
741,pwaamei,NCWF,164.68423,-20.955685,https://atlas.lisn.upsaclay.fr/sounds/pwaamei.mp3,"[Hâbuuk,] Daan ma Kat lu pe pethaut, jevilu lu nenegi hape a hilu ve wîî. Nalak, lu umi Kapwahêno, a cutan ve dipe aman. Lu taki ve juke aman, pei hape, ve kauk a patipwe ve dipe aman ne Kapwahêno, dak a hin ve wîî a hopwen. Daan, hâgûk, hivu hopwen goon pwa pwâi. Kope a ju pang hivu, hijo Kapwahêno a ju pang cufe bwati ve digun. Nalak, Daan umi hape pwasoon hijo a balan mang. Kat, pwâi po mâhat, seen ne Kapwahêno a xiuk dak. A uti ve digun. Pei hape, Daan cahinan hape Kat pwa wîîn moo ne ak. [Hîjo koin.]",Femme,512.1068051803682,537.0324108466872,24.761615331964407,75.69556468172485,0
742,qom,Argentina,-58.99517098142207,-27.459820562003323,https://atlas.lisn.upsaclay.fr/sounds/qom.mp3,"Comunidad toba de ResistenciaNa La'at Nte taq añi Nala' ncotatrega't negue'ca cam añaxaic, can nlecteuo so queuoxoic lpattagui so lapo'. Naỹajna ra, ca hua'auñi ra ỹanataqchiñe so lapo' som queuoxoic nache qaỹaỹataxareta ra añaxaic. Nache, So La'at Nte requetetaxan ỹataqta na'añaxat; qaq ra requetetaxan, nache som queuoxoic naconaque nache nllichiguiñe som lapo', nache ivitta'a ra so la'at nañaxañi. Nache, Aso Nala' nqashelgaqchen ỹataqta nqueguenañi qaq ye napaxaỹañe nache som queuoxoic nqat so lapo'. Qaq nache, So La'at Nte ỹauattoteguet ra Ỹapoctec ra la'añaxac añe Nala'.",Homme,712.2047666808509,1404.4590281565156,22.500472279260784,65.62216974674881,0
743,québécois estrien,WorldMap,-71.893221,45.404057,https://atlas.lisn.upsaclay.fr/sounds/quebecois_estrien.mp3,"La bise pis el soleil se chicanaient, s'vantant chacun qu'y était l'plus fort, quand y z'ont vu un voyageur qui s'en venait, emmitouflé dans son manteau. Y sont tombés d'accord que çeulla qui s'rait capabe de faire ôter son manteau au voyageur s'rait r'gardé comme el plus fort. Faque, la bise s'est mis à souffler de toutes ses forces mais plusse elle soufflait, plusse el voyageur serrait son manteau su lui, ça faqu'à fin, la bise a arrêté d'essayer de lui ôter. Faqu'el soleil a commencé à briller pis au boutte d'un temps, le voyageur, qui commençait à avoir chaud, a ôté son manteau. Ç'pour ça qu'y a fallu qu'la bise r'connaisse que Galarneau était l'plu fort des deux.",Homme,861.7029850576407,1444.0534147249375,6.133757700205339,85.18879534565366,0
744,quechua,Bolivia,-65.754923,-19.57146,https://atlas.lisn.upsaclay.fr/sounds/quechua.mp3,"Intiwan wayrawan tinkukusqanku y rimanakusqanku, mayqinchus achkha kallpayuq kasqa wayrachus intichus, chaypi rikhurimusqa juk runa karu llaqtamanta allin q'ipichasqa. Wayraqa ñisqa ñuqa atipasqayki, chaypiqa manchayta phukurisqa, chay tataqa p'achanta urmananpaq, kay tataqa astawan mat'ita wataykukusqa, wayraqa p'inqakusqa y ch'insitullaña kasqa, chaypiqa inti allinta k'ancharisqa, chay runa karumanta jamuqqa qhichurqukusqa ruwananta, jinapiqa wayraqa intitaqa ñisqa pay jatun kallpayuq kasqa.",Femme,725.6215615142236,1525.0023046463186,9.534585900068446,58.17335386721424,0
745,Quimper,France,-4.096389,47.996667,https://atlas.lisn.upsaclay.fr/sounds/Quimper.mp3,"Cheu a oa etre an avel-viz hag an heol, pep hini o larat e oa ar c'hreñvañ pa weljont ur beajour o tostaat, paket mat en e vantell. Evit gouzout piv eo ar c'hreñvañ int savet a-du an eil gant egile e vefe an hini a zeufe a-benn da lakaat ar beajour da lemel e vantell. Neuze e krogas an avel-viz da c'hwezhañ da vat, ha muioc'h a se e c'hwezhe, muioc'h a se e starde ar beajour e vantell tro-dro dezhañ, an avel-viz na glaskas ket mont pelloc'h evit lakaat anezhañ da dennañ e vantell. Neuze e krogas an heol da barañ ha goude ur pennad e tommas d'ar beajour ha hemañ a dennas e vantell. Neuze ez asantas e oa an heol ar c'hreñvañ eus an daou.",Femme,576.9770917638479,744.5925635930903,13.108186173853525,83.9059137577002,0
746,ra'ivavae,PF,-147.67386,-23.86159,https://atlas.lisn.upsaclay.fr/sounds/raivavae.mp3,"Tē tātama'i noa nei 'o Maga'amu 'e 'o Mahana, ha'ateniteni noa ai 'o vai gā te mea pūai a'e. 'Ite mai ga gāua i te tahi gātege i te haegega'a mai, 'e tōna pegēue māhanahana. Ha'aau iho ga gāua ē, hō'ē o gāua e goa'a iāna 'ia tātaga te gātege i tōna pegēue, 'ōna īa te mea pūai goa a'e. Gaga 'ū'ana iho ga 'o Maga'amu, 'a pūhi noa ai, ha'avī goa a'e ga te gātere i goto i tōna pegēue, 'e 'aita ihoā, ha'aea iho ga 'o Maga'amu. Ha'amata iho ga 'o Mahana i te ahu, 'e i te pae hope'a, nō te ve'ave'a, tātaga iho ga te gātege i tōna pegēue. Ta'a goa a'e ga ia Maga'amu ē, 'o Mahana ihoā te mea pūai goa a'e.",Femme,600.0550568974701,974.4763104758024,23.784086242299797,80.15190280629706,0
747,Rabbat,Maroc,-6.853982,34.008411,https://atlas.lisn.upsaclay.fr/sounds/arabe_marocain.mp3,"alphabet arabe alphabet latinگال ليك هادا البرد و الشمش مخاصمين, كل واحد منهوم تايگول بـلّي هو لّي صحيح على لاخر, حتى شافو واحد السّيّد مسافر, غادي و مغطّي بالكبُّوط ديالو, و تّافقو لّي يقدر يخلّيه يحْيّْد الكبّوط ديالو اللُّـوّل راه هو لّي غادي يكون صحيح, بدا البرد تايصوط بالجّهد ديالو كامل, ولاكين باشمَّا تايزيد يصوط  داك السّيّد تايزيد يشدّ الكبّوط ديالو مزيان, و فـاللّخّرْ البرد سمح باش يخلِّيه يْحيّْدو. صافي, الشمش بدات  تاتبري, واحد شوية, داك  لمسافر بدا تيجه الصهد، أو هو يحيد لكبوط ديالو هكدا لبرد عترف بلي الشمش صحيحة عليه                             gāl-līk hāda l-bǝrd u š-šǝmš mxāṣmīn, kūlla wāḥǝd mǝn-hum ta-ygūl b-ǝlli hūwa lli ṣḥīḥ ɛla lāxor, ḥǝtta šāf-u wāḥǝd s-sīyyǝd msāfǝr, ġādi u mġǝṭṭi b-l-kǝḅḅōṭ dyāl-u. u ttāfq-u ǝlli y-qḍǝṛ y-xǝllīh y-ḥǝyyǝd l-kǝḅḅōṭ dyāl-u l-lūwwǝl, rāh hūwa lli ġādi ykūn sḥīḥ. bda l-bǝrd ta-yṣōṭ b-ž-žǝhd dyāl-u kāmǝl, walākīn bāš ǝmma ta-yzīd yṣōṭ, dāk s-syyǝd ta-yzīd yšǝdd l-kǝḅḅōṭ dyāl-u mǝzyān, u f-l-lǝxxǝr, l-bǝrd smǝḥ bāš yxǝllī-h yḥǝyyd-u, ṣāfi, š-šǝmš bdā-t ta-tbri, wāḥǝd šwīya, dāk l-msāfǝr bda ta-yžī-h ṣ-ṣǝhḍ, u hūwa y-ḥǝyyǝd l-kǝḅḅōṭ dyāl-u, hākda  l-bǝrd ɛtārǝf   b-ǝlli   š-šǝmš   ṣḥīḥa   ɛlīh.",Homme,596.6207777928256,1414.385336149922,19.572628336755646,74.13783709787816,0
748,Rabius,Suisse,8.960634,46.733957,https://atlas.lisn.upsaclay.fr/sounds/CH_Nordwind_Rabius.mp3,"L'aurasut ed il sulegl — Inaga sescagnavan l’aurasut ed il sulegl, tgeinin dad els dus che seigi il ferm, cu in viandont cun in cauld manti ei vegnius neutier. Els ein stai perina ch’il ferm seigi quel che vegni da far trer ora il viandont siu manti. L’aurasut ha buffau cun tutta forza, aber pli fetg ch’el buffava e pli fetg ch’il viandont sezugliava en siu manti. La finala ha l’aurasut dau si il cumbat. Uss ha il sulegl scaldau il vent cun ses radis emperneivels e schon suenter cuort ha il viandont tratg ora siu manti. Cheu ha l’aurasut stuiu dar tier ch’il sulegl seigi il ferm dad els dus.",Homme,580.4826705443868,882.5749294513513,2.9805817932922656,84.00574264202601,1
749,Raeren,Belgique,6.10553,50.682289,https://atlas.lisn.upsaclay.fr/sounds/Raeren.mp3,"De Sonn en dr Nordwenk hauwen sich ieh jen Hoore: jederenge van die zwei wow dr Stärkste sieh. Do suren se ne Wangderer, de janz ieh dr Mangtel jedrieht singe wähsch nojung. Se eenischte sich drop , datt de äs Stäärkste jillt, de et schafft, datt de Wangderer sich dr Mangtel frijwillig uus treckt. Do fung dr Nordwenk an et blose, en e bluus watt et Zeuch huuhl. Doch ömsu mieh här bluus, desto enger kroov de Wangderer ieh singe Mangtel. De Nordwenk suuch eeh, datt et jenge Seehn how, en juv op. Nuw schickde de Sonn ömmer wärmere Strohle op de Jejend. En de Landschaft fung aa net jlühe aan. Ooch de Wangderer woor aan et jlühe en schwomm ieh singe eje Schweeß. Wie häär et niet mieh uushuul truk häär de Mangtel uus. Nuw muut de Nordwenk eensieh, datt de Sonn de Stärkste woor.",Homme,506.612143221943,614.5907097129816,9.366509240246407,83.56731690622861,0
750,Ramosch,Suisse,10.38204,46.834679,https://atlas.lisn.upsaclay.fr/sounds/CH_Nordwind_Ramosch.mp3,"Il vent dal nord ed il sulai — Il vent dal nord ed il sulai as dispittettan üna jada chi chi füss il plü ferm. In quel mumaint passett ün viandant chi d'eira plajà aint in ün mantel chod. Ils duos dispittunzs cunvgnittan cha quel chi d'eira bun da far trar oura il mantel al viandant füss il plü ferm. Il vent dal nord soflet cun tuotta forza, mo il viandant as plajaiva amo plü ferm aint in seis mantel. Lura s-chaldet il sulai l'ajer cun seis razs agreabels ed il viandant tret oura seis mantel. Sün quai stuvet il vent dal nord admetter cha’l sulai d’eira plü ferm.",Femme,746.4699350185354,1279.435727132291,2.011772758384668,83.2686789869952,1
751,Ramsloh,Deutschland,7.6873747256497795,53.10612913999445,https://atlas.lisn.upsaclay.fr/sounds/Ramsloh.mp3,"Die Noudewíend un ju Sunne hieden moal 'n Stried, wäl fon do bee wül die Stäärkere waas. Deer koom aan Wonderer foarbie, die hied 'n woormen Moantel oane. Jo moakeden ou, dät die die Stäärkere weze skuul, die dän Wonderer twinge kude, sin Moantel uuttouluken. Die Noudewíend puustede mäd aal sin Kroazje, man uumso moor hie puustede, so fúul fäller heeld die Wonderer sin Moantel fääst un look him altied tichter uum sik tou. Toulääst moaste die Noudewíend sik kampreke. Nu koom ju Sunne mäd hiere frjuntelke Stroalen un moakede ju Lucht gans woorm. Dät dúurde nit loange un die Wonderer smeet sin Moantel uut. Do moaste die Noudewíend toureke, dät ju Sunne fon him bee die Stäärkere waas.",Femme,624.509878883124,962.4914852351402,10.469390828199863,83.95501711156741,0
752,rapa,PF,-144.33451,-27.619152,https://atlas.lisn.upsaclay.fr/sounds/rapa.mp3,"Tamaki taaga ra 'o Mākiki 'e 'o Pake, nō te kite ē, ko vai ki te mea 'akapūai ake ki roto ia rāua. Kite atu ra rāua kota'i 'oi'oi kauariuari, tāpoki 'ia ake ra tōna ka'u, tika 'ia ake ra to rāua manako, te tagata kota'i tei noaka kia na ki te kiritiaga ki to ka'u ra, 'ia kite 'ia ē, 'ona te tagata te mea 'akapūai ake. 'Akaruru ake ra 'o Mākiki, kare e gare te matagi atoga, tāpoki 'ia atu ra te 'oi'oi kauariuari ra i to ka'u ra ki ruga iana. Ki te pae 'ōpega, 'akaruke ake ra 'o Mākiki ki tōna manako. Tika mai nei 'o Pake ma te 'akapūai ki tōna vera. Nō te veravera o te pake, garo ake ra te 'oi'oi kauariuari, kiriti ake ra i tōna ka'u, mai to ma'ana noti ra, 'akariki ake ra Mākiki nō te mea, e mea 'akapūai ake 'o Pake iana.",Homme,614.4950673937943,1097.0559752219021,21.901848049281313,80.27481861738535,0
753,Rathjendorf,Deutschland_SH,10.43333339691162,54.18333435058594,https://atlas.lisn.upsaclay.fr/sounds/Rathjendorf.mp3,"Eenst streden sik Noordwind un Sünn, wer von de beiden woll de Stärkere is. As een Wandersmann, der een warm Mantel an harr, dorto keem. Se würrn sik enig, dat dejenige as de Stärkere gellen schull, de de Wandersmann dwingen wörr sien Mantel aftonehmen. De Noordwind püüster bannig, aber je düller he puust, desto faster hüll sik de Wandersmann in sien Mantel. Endlich geev de Noordwind den Kampf op. Nu möök de Sünn mit ehre fründlichen Strohlen de Luft warm un al nur een korten Ogenblick trock de Wandersmann sien Mantel ut. Do müss de Noordwind togeben, dat de Sünn de Stärkere von de beiden weer.",Homme,768.3206542327667,1528.6982506504417,9.896228610540724,84.12956878850103,0
754,Rauret,France,3.791131,44.817512,https://atlas.lisn.upsaclay.fr/sounds/Rauret.mp3,"La bisa e lo solelh se disputavon, chascun afortissiá qu'èra lo plus fòrt, quand veguèron un viatjaire que s'avançava, plejat dins son mantèlh. Tombèron d'acòrd qu'aquelh qu'arribariá lo promier a far garar son mantèlh alh viatjaire sariá vist coma lo plus fòrt. Adoncas la bisa s'es botada a bofar de tota sa fòrça mès mai bofava, mai lo viatjaire sarrava son mantèlh alh torn de lhi e a la fin la bisa renoncèt a lhi lo far garar. Alòrs lo solelh a començat a brilhar e alh bot d'un moment, lo viatjaire, achaurat, a garat son mantèlh. Quò fai que la bisa duguèt reconéisser que lo solelh èra lo plus fòrt daus dos.",Homme,563.1470030728965,1385.7586056208088,9.276837782340861,78.35156741957563,0
755,Rechberg,Allemagne,14.711493,48.321285,https://atlas.lisn.upsaclay.fr/sounds/Rechberg.mp3,"Da Wind und die Sun ho'm gstrittn und a jeda hot gmuad er warad der Stiarkare, wias aan Fremd'n in an Montl daherkemman gsegn hom. Olle zwoa hom denkt dos dera da Stiakere is der wos zerscht 'n Fremdn dazu bringt sein Montl auszuziagn. Daun hot da augfongan muaz wuid zum waahn. Oba desto mehr dos a blosn hot, desto mehra hot a aan Montl zuwizogn. Zum End hot da Wind aufgebn. Oft is di Sun aussakemman und hotn Fremdn noch ana wauil aufgwamt. Do hot a kun Montl mehr braucht und hot'n auszogn. Hiaz hot da Wind gwisst, dass de Sun Stiaker is.",Homme,615.1874559205206,1357.4258396347132,8.293299110198495,82.26156057494866,0
756,Redruth,GB,-5.227681,50.233435,https://atlas.lisn.upsaclay.fr/sounds/Redruth_Cornish.mp3,"Gwyns an noor hag an howl era o tisputya 'dro dhe beneyl o an creffa, termyn a dheth viajer gen mantel tobm 'dro dhodho. An dhew a dhetermyas fatel peneyl a venja soweny en kensa dhe wul ort an viajer diwiska y vantel, ev a via ajonys creffa vel an onen aral. Nena a whethas gwyns an noor mar crev dre alja, bes an moya dre wruga va whetha, an moy tydn a blegyas an viajer y vantel 'dro dhodho; ha wortiwedh a naghas gwyns an noor an assay. Nena a spladnas an howl en tobm, hag an viajer a dhiwiskas y vantel straft arta. Ha 'della res o dhe wyns an noor amyttya dr'o an howl an creffa a'n dhew.",Femme,685.3385438686852,1099.6293672064585,12.742450376454483,84.37184804928131,0
758,Remseck am Neckar,Deutschland,9.27063666514526,48.87418555148742,https://atlas.lisn.upsaclay.fr/sounds/Remseck_am_Neckar.mp3,"Einschd schdridda sich Nordwind ond Sonn, wer vo ihna boida wohl der Schdärkere wär, als a Wanderer, der in an warma Mandl gehülld war, des Weges daherkam. Se wurda sich einich, daß der für den Schdärkera glda sollde, der den Wanderer zur zwinga würd, sai Mandl abzunehma. Der Nordwind blies mid äller Machd, aber je mehr er blies, deschdo feschdr hüllde sich der Wanderr in sai Mandl ein. Endlich gab der Nordwind den Kambf uf. Nun erwärmde die Sonne die Lufd mid ihra freindlicha Schdrahla, ond scho no weniga Glotzbebbelbligga zog der Wanderr sai Mandl aus. Da mußde der Nordwind zugeba, daß die Sonn vo ihna boida dor die Schdärkere war.",Homme,688.5429096413002,1405.251119722607,10.624483230663929,78.7350855578371,0
759,Rendeux,Belgique,5.5126215103056975,50.23147402684406,https://atlas.lisn.upsaclay.fr/sounds/Rendeux.mp3,"C' est l' bîhe èt l' solo ki sont an margaye. I d'hèt tos les deûs ki c' est zels ki sont l' pus fwârt. I vèyèt o-n ome k' arive d' å lon avou on caban sol dos, ki vint vêr zels. Adon, i f'zèt martchî. Li cî ki sèrè l' pus fwârt, c' est l' ci ki parvinrè a tirer l' caban des spales da l' ome. C' est l' bîhe ki cmince paski c' est todi les fames les prumîles. Ele sofèle a crèver sol caban d' l' ome. Pus est ç' k' ile sofèle, pus est ç' ki l' ome si rastrind. Al fin, ele n' è pout pus. Asteure, c' est l' solo ki va sayer do tirer l' caban des spales da l' ome. I lût télmint k' i res'handit l' ome. Don, i tère si caban. Li bîhe ricnot ki c' est l' solo l' pus fwârt.",Femme,680.7451715608524,1349.6208930198823,9.65893223819302,83.27346338124572,0
760,Rethwisch,Deutschland_SH,10.442791,53.782465,https://atlas.lisn.upsaclay.fr/sounds/Rethwisch.mp3,"Vör lange Tiet kregen sik de Noordenwind un de Sünn in 'e Wull. Se kunn sik nich eens warden, wat de gröttsten Knööv harr. In düssen Ogenblick keem dor en Mann mit een dicken Övertrecker den Weg lang. Se keem övereen, dat de de mehrsten Knööv harr, de den Mann dorto bringen wörr, sien Övertrecker uttotrecken. De Noordenwind puus as dull, je mehr he puus, desto faster treck de Mann den Övertrecker üm sien Lief. De Noordenwind geev op. Nu füng de Sünn an de Luft mit ehren fründlichen Schienen to warmen. Dat duer nich lang, do treck de Mann den Övertrecker ut. Do müss de Noordenwind togeben, dat de Sünn em över weer.",Femme,489.1832161460368,410.26343802566083,9.896228610540724,84.12956878850103,0
761,Réville,France,-1.25,49.6167,https://atlas.lisn.upsaclay.fr/sounds/Reville.mp3,"Le hâle et le solé avaient eune entreprinse, touos déeus câotiounaunt qu'il 'taient le pus à même, quaund qu'i viyîtent eun viageus qui trissait, accatounaé dauns sa carrique. I fêutent d'évenue : le syin qui se parerait le prémyi à faire halaer sen maunté oû viageus, érait le ga. Dès oûssitôt, la bllase se mint à houbilli, seument, pus o hintait, pus le bouonhoume s'anichait dauns sa carrique. À la définitioun, le hâle se butit, il arnounchit à li faire quitti ses hardes. Oû coup, le solé se mint à brâsilli et, en eun ryin de temps, le viageus, récâoffaé, décaplit sen maunté. À la partie de cha, la bllase deut acaissaer et arcounaîte que ch'était le solé le pus roguu.",Homme,614.6923230156665,1489.1067392797818,12.828747433264887,82.26655715263519,0
762,Revò,Italia,11.059013,46.391636,https://atlas.lisn.upsaclay.fr/sounds/Revo.mp3,"En bel dì 'l vent de tramontana e 'l sol i era dria a questionar par dezider ci ci 'l era 'l pu fort ntra lori doi; en chela i ha vist nir un con en dos en giaban. Alora i ha dezidest che 'l pu fort el sarues sta chel che el fus sta bon da tirargiel zo. El vent par prim 'l ha scomenzà a soflar con tuta la forza che 'l gieva, ma pu che 'l soflava, pu 'l om 'l se fava enter 'n tel paletò, finché, ala fin, el vent 'l ha laià perder. El sol alor 'l ha scomenzà a slùser e 'n bel mument 'l om 'l ha cognest tirarse zo el giaban dal ciaut che 'l era. Enzì la tramontana 'l ha cognest ameter che 'l sol 'l era 'l pu fort.",Homme,683.2669586221659,1298.6091542622366,4.712676249144422,79.87124572210814,1
763,Riba-roja d'Ebre,Espagne,0.487141,41.25119,https://atlas.lisn.upsaclay.fr/sounds/Riba-roja_d_Ebre.mp3,"La tramuntana i el sol se disputaven, sostenint cada u que ell era el més fort, quan de sobte, veuen un viatger que s'acosta embolicat en una gran capa. Van convenir que el qui primer faria que el viatger es tragués la capa seria tingut pel més fort. La tramuntana se posava a bufar en tota la seua fúria, però com més bufava, més el viatger s'abrigava amb la capa, a la fi, va deixar córrer fer-l'hi treure. Aleshores el sol començà de brillar, i al cap d'un moment, lo viatger, ben escalfat, se treu la capa. Així, la tramuntana va haver de confessar que el sol era el més fort.",Femme,789.6684659501808,1266.0492878353764,15.932847364818617,68.18160164271048,0
764,Riehen,Suisse,7.648413,47.580942,https://atlas.lisn.upsaclay.fr/sounds/CH_Nordwind_Riehen.mp3,"D Biise ùnd d Sunne — S hän sìch d Biise ùnd d Sunne gschtrìtte, wäär vo ììne zwäi ägscht di Schtèèrgger sig, wòn e Wanderer, wòn e waarme Mantel aagha hèt, z laufe khoo isch. Sì hän abgmacht, dass die gwǜnnt, wò dr Wanderer zwinge wǜrd, si Mantel abzlègge. D Biise hèt mìt ìrer ganze Macht ploose, aber je mee si bloose hèt, dèsto fèschter hèt sich dr Wanderer ìn si Mantel iigmùmmelet. Ändlìg hèt d Biise dr Kampf ufggää. Jèz hèt d Sunne d Lùft mit ìrne frǜndlige Schtraale gwèèrmt und scho nach weenige Augebligg hèt dr Wanderer si Mantel abzooge. Doo hèt d Biise miese zuegää, dass d Sunne vo ììne zwäi di Schtèèrgger isch.",Femme,706.2910294405183,1376.0083372884628,9.907049965776865,81.33331279945243,0
765,Riepe,Deutschland,7.348333333,53.39444444,https://atlas.lisn.upsaclay.fr/sounds/Riepe.mp3,"Enes Daags streden sük Noordwind un Sünn, well van beiden woll starkerder was, as en Wannersmann, de en warmen Jopp an harr, d'rlangs kwamm. Se wurren sük eenig, dat de de Starkerder was, de de Wannersmann dwingen dee, sien Jopp uttotrecken. De Noordwind huulde mit all Gewalt, aber sovööl düchtiger he huulde, umso faster truck de Wannersmann sien Jopp um sük to. Tolest gaff de Noordwind dat to. Nu warmde de Sünn de Luft mit hör fründliche Strahlen, un futt truck de Wannersmann sien Jopp ut. Do muss de Noordwind togeven, dat de Sünn de Starkerder van beiden was.",Femme,637.5911873175136,1093.6900317358354,10.637967145790554,84.19889801505818,0
766,Rieseby,Deutschland,9.81666660308838,54.54999923706055,https://atlas.lisn.upsaclay.fr/sounds/Rieseby.mp3,"Eens keemen Noordwind und Sünn in Striet, keen vun de beiden wohl de meiste Knööv hett. Do keem een Wannersmann mit een mollig warm Mantel vörbi und se wörrn sik enig, dat de as de Stärkere gellen schulln, de de Wannersmann dorto bringen wörr sien Mantel aftoleggen. De Noordwind puuste al wat he kunn, aver je duller he puust umso duller höllt de Wannersmann sien Mantel fast. Endli geev de Noordwind sien Weeswark op. Nu aver keem de Sünn an de Tuur, warmte mit ehr fründlich Strohlen de Luft, und no een korte Tiet smeet sik de Wannersmann den Mantel vun't Lief. Nu müss de Noordwind togeben, dat de Sünn de meiste Knööv hett.",Femme,587.8853251242305,864.4640688102627,10.025852156057494,85.17136892539357,0
767,"Rieux-
en-
Cambresis",Belgique,3.349967,50.202865,https://atlas.lisn.upsaclay.fr/sounds/Rieux-en-Cambresis.mp3,"Ech vint d'amont pis ch' solau is étote in bisbile, tous deusse is disote qu' ch'étot li qu'i avot l' pusse ed forche, quind, tout d'in caup, is ont aperçu in voïageu qui avinchot, amitoufleu dins sin minté. Is s'ont rabibocheu pis intindu que chti qu'i frot inlver es' casaque à monome, cha srot li qu'i srot ravisé come el pus fort. Alorse, el vint d'amont i s'a mis à soufler du pus fort qu'i pouvot, mais pusse i souflot, pusse eç voïageu i s' ramonchlot dins sin minté, si bin que ch' vint d'amont, ercran,  i a rnoncheu à li faire inlveu sin minté. Alorse, ech solau i a kminché à blinkeu, et pis ch' voïageu, ercaufeu, i a inlvé sin minté. Adon, ech vint d'amont i a dû erconaite que ch' solau ch'étot li qu'i avot l' pusse ed forche !",Homme,747.8379524315119,1110.877841660485,11.079753593429158,83.06351129363449,0
768,Rinsumageast,Deutschland,5.94861,53.297945,https://atlas.lisn.upsaclay.fr/sounds/Rinsumageast_Frisian.mp3,"De noardewyn en de sinne tsierden oer wa't fan har de sterkste wie. Doe kaam der krekt in man foarby mei in waarme jas om him hinne. Se waarden it der oer iens dat dejinge dy't de foarbygonger safier krije soe dat er syn jas útlûke soe de sterkste wêze soe. De noardewyn begûn út alle macht te blazen, mar wat hurder oft er blaasde, nammerste tichter de foarbygonger de jas om him hinne loek. Op 't lêst joech de noardewyn it mar op. Dêrnei begûn de sinne fûl te skinen en fuortendalik dêrnei luts de foarbygonger de jas út.De noardewyn koe doe allinnich mar tajaan dat de sinne de sterkste wie.",Homme,622.7962339752569,1117.9938136940764,11.04952772073922,84.03799452429843,0
769,Ripoll,Espagne,2.190281,42.199768,https://atlas.lisn.upsaclay.fr/sounds/Ripoll.mp3,"La tramuntana i el sol discutien perquè cadascun sostenia que ell era el més fort, quan van veure arribar un viatger embolicat amb una capa. Van acordar que el primer que li fes treure la capa seria considerat el més fort. Llavors el vent es va posar a bufar, amb tota la seva força, i com més bufava més fort agafava la capa el viatger. Finalment, el vent s'ho va deixar córrer. Aleshores el sol va començar a escalfar i al cap d'un moment, acalorat, el viatger se la va treure. I així el vent va haver de reconèixer que el sol era el més fort dels dos.",Femme,674.1515310328784,1408.1598378477272,14.45694045174538,69.94757015742641,0
770,Risoul,France,6.6408,44.6497,https://atlas.lisn.upsaclay.fr/sounds/Risoul.mp3,"La bisa e lo solèu se charpinhavan, chascun assegurant qu'èra v-eu lo mai fòrt, quand vissèron un viatjaire que se davançava, envelopat dins son mantèu. Se betèron d'acòrd qu'aqueu qu'arribaria lo premier a faire levar son mantèu au viatjaire seria jutjat coma lo mai fòrt. Alora, la bisa se betèc a bofar amb tota sa fòrça mas mai bofava mai lo viatjaire sarrava son mantèu pròchi son còrs e, a la fin, la bisa renoncièc de li faire levar. Alora lo solèu entemenèc de lusir e, au bot d'un moment, lo viatjaire, reschaufat, levèc son mantèu. Coma aquò, la bise deguèc reconéisser que lo solèu èra lo mai fòrt dels dos.",Homme,581.1131528563969,1276.3412395350465,6.29186173853525,71.95603011635866,0
771,Risum-Lindholm,Deutschland_SH,8.855985,54.754774,https://atlas.lisn.upsaclay.fr/sounds/Risum-Lindholm.mp3,"Eenst streden sik de Noordwind un de Sünn, wer von de twee wohl de Stärkeren weer, as een Wanderer, de een warme Mantel an harr, de Weg lang keem. Se würrn sik enig, dat de de Stärkere sien sull, de de Wanderer dorto bringen wörr, sien Mantel uttotrecken. Mit all sien Macht fung de Noordwind an to küseln, doch as mehr he an küseln weer, schloog de Wanderer sien Mantel immer faster um sik. Sodennig geev de Noordwind op. Nu fung de Sünn an de Luft mit ehr fründliche Strohlen warm to moken. Un schon gau trock de Wanderer sien Mantel ut. Do müss de Noordwind togeeven, dat de Sünn de Stärkere von de Twee weer.",Femme,681.0140295553197,1103.2773494079875,9.954058863791923,86.14945242984258,0
772,Rixheim,Allemagne,7.4052,47.7496,https://atlas.lisn.upsaclay.fr/sounds/Rixheim.mp3,"Der Nìderwìnd un d Sunna han mìtnànder ghandelt, jeder hàt behàuipta àss ar der stärkscht sèig, wo sa a Reisender han gsah kumma, ìn sim Màntel igmummelt. Sa sìn sìch einig worra àss da wo zèèrscht si Màntel ìm Reisenda àbbrìngt wìrd wia der stärkscht ààgsah. Dernoh hàt der Nìderwìnd fànga à bloosa, so stàrk àss meeglig, àwer wia mehr àss ar bloost hàt, wia mehr hàt der Reisender si Màntel fescht um sìch ghébt un schliaßlig hàt's der Nìderwìnd ufgaa. Dernoh hàt d Sunna fànga à schiina un a Momant speeter, hàt der Reisender wàrm bikumma un hàt si Màntel àbzoga. So hàt der Nìderwìnd müeßa züegaa àss d Sunna der stärkscht vu da zwei ìsch.",Femme,730.1564951033628,1483.544755272711,9.907049965776865,81.33331279945243,0
773,Rochefort,Belgique,5.093612,50.113408,https://atlas.lisn.upsaclay.fr/sounds/Rochefort.mp3,"Système Feller (Lavaux-Saint-Anne)  Li bîje èt l' solia si margayint, chakin djeut k' il esteut pus fwârt ki l' ônte. Tot d' on cônp, i vèyint on rônleû k' ariveut d' leû costé. Il asteut ravôntiè dins on laudje caban. I gadjint ki l' cia k' aleûve lî råyî s' caban l' prumî, ça sreut li l' pus castârd. Adon, l' air asteûve a Bîje èt ça chofleut todi pus foirt. Mês pus çki ça chofleut, pus çki l' rônleu s' racafougneut. Ça fêt ki l' bîje a leyî tchaire les brès. Adon, li solia s' a mètu a lûre come an plin estè, èt l' rônleu a stî ratchandi, èt il a tirè s' mantia. Si bin ki l' solia a gangni.",Femme,687.8944275870983,1273.097739173173,10.144277891854895,82.97253935660507,0
774,Roiffieux,France,4.65603,45.22708,https://atlas.lisn.upsaclay.fr/sounds/Roiffieux.mp3,"La bisa e lo solelh se bigornavan, chascun assurava qu'èra lo plus fòrt, quand veguèran un voiatjuer que s'avançava, paquetat dins son mantèl. Son tombats d'acòrd que quelo qu'arrivariá lo promeir a lhi faire quitar son mantèl seriá gaitat coma lo plus fòrt. Alòrs la bisa se metèt a bofar de tota sa fòrça mès mai bofava, mai lo voiatjuer sarrava son mantèl autorn de ielo e a la fin la bisa renoncèt a lhi lo faire quitar. Alòrs lo solelh comencèt de brilhar e au bot d'un moment, lo voiatjuer, reschaufat, quitèt son mantèl. Alòrs la bisa deuguèt reconeistre que lo solelh èra lo plus fòrt daus dos.",Femme,736.833669005162,1428.164818001313,10.165975359342916,77.70925393566051,0
775,Romans,Croissant,-0.22698,46.358016,https://atlas.lisn.upsaclay.fr/sounds/Romans.mp3,"La bize ê le soulail se tatussian, l'un ê l'âtre dëzian kë l'étê le pu för, ê le s'akordirian për dire kë châ chi sërê le prëmâ a fouére outâ son mantô ô voyâjou sërê vu këm le pu för.  La bize s'é mise a buffâ tan ka pouvê, mê moué a buffê, moué le voyajou fermê son mantô ô tour de li ê, ô bou do kinte, a n'a pu cherché a li fouére outâ. Alor, le soulail a këmoéinsé a bërtikya ê, aprâ un mouman, le voyajou, rêchôfé, a outé son mantô. De chô kou, la bize a bé été forsaille de r'këneutre kë le soulail étê le pu för de zeu deu.",Femme,664.3672201515983,1407.3826195340855,13.030006844626968,78.220212183436,0
776,Rondeshagen,Deutschland_SH,10.633333206176758,53.75,https://atlas.lisn.upsaclay.fr/sounds/Rondeshagen.mp3,"Moleens weern Noordwind un Sünn an'n Strieden, keen wull de weer, de mehr Kraft harr. Do keem een Wannersmann vörbi, de een dicken Mantel antrocken harr. Se weern sik enig, dat de mehr Kraft hebben schull, de dat henkregen dee, dat de Wannersmann sienen Mantel uttrecken wörr. De Noordwind puus so dull, as he kunn, man wat duller he puus, wat faster wickel sik de Wannersmann in sienen Mantel in. An'n Enn geev de Noordwind dat op. Nu schien de Sünn mir ehr fründli Strahlen, de Luft wörr warmer, un op'n Stutz trock de Wannersmann sienen Mantel ut. Do müss de Noordwind togeven, dat de Sünn mehr Kraft harr as he sülms.",Femme,612.8675787871558,749.5456456168442,9.896228610540724,84.12956878850103,0
777,Roquebrune-Cap-Martin,France,7.464439,43.759899,https://atlas.lisn.upsaclay.fr/sounds/Roquebrune-Cap-Martin.mp3,"U vèntu e u sù se dispütavun. Cadün dijëva ch'era u ciü forte, qandu an vistu ün omu che veniva int'u so mantelu. Se sun mëssi d'acordi in dijendu che u primu che 'riverà a fà levà u mantèru de chel omu serà u ciü forte. Alura, u ventu s'è mëssu a süfià. Ciü süfiava, ciü l'omu se metëva u mantelu serau cuntr'elu. A la fin, u ventu à renunsau de fà lu levà-se, u mantelu. Alura u sù à cumençau a lüje e dopu 'n mumentu, l'omu, rescaldau, à levau u mantelu. U vèntu à devüu recunusce ch'u sulèu era piu forte d'i dui.",Homme,700.6809833626634,1531.3207774915259,12.37700205338809,68.99560574948666,0
778,Rösthusen,Deutschland_SH,9.06666660308838,53.96666717529297,https://atlas.lisn.upsaclay.fr/sounds/Rosthusen.mp3,"Mol weer dat wat de Noorwind un de Sünn sik drapen deen. Se mochen weten, wokeen von de beiden de Starkste weer. Just denn keem dor een Wannerer den Weg lang ut. He harr en warm Mannel an. De Noorwind un de Sünn worrn sik enig doröver, dat de as de Starkste gellen schull, de dat torech kreeg wat de Wannerer sien Mannel uttrecken worr. De Noorwind puust nu düchtig, over ok wenn he jümmer doller pusten dei, dennso trock de Wannerer sien Mannel fast um sik tosomen. Opletzt muss de Noorwind sik geven. Nu mookt de Sünn wat ehr fründliche Warmst op de Wannerer strohln dee. Dat duer gornich so lang, denn trock de Wannerer sien Mannel ut. Do muss de Noorwind togeben, dat de Sünn von de beiden de Starkste weer.",Femme,811.1511090106744,1639.3206448943272,9.9439151266256,85.03110882956878,0
779,rromani,LNT_Europe,22.024265,39.36133,https://atlas.lisn.upsaclay.fr/sounds/rromani.mp3,"E jevendesqi balval ta o kham ekh dives xànas pumen, ta kaþe ʒeno mangèlas te sikavel ka si pjo zoralo e javeresθar, kana dikhle ekhe phirutnes ta phirèlas pesqe t-i drom, pakǎrdo anda pi raxami. Kaj te sikaven pumari zor, linde te khelen kon borizèla pjo sùngo te nangikǎrel e manuśes. Pjo anglal lindas te phùrdel i balval me sari pi zor, kaj te petazel e manuśesqi raxami, ama vov, e silesθar, akizoma ʒàlas, pjo but cirdèlas pi raxami ta agore i balval muklas o khelipe. Tòte o kham xàri-xàri lindas te tatikǎrel, ʒi kana o manuś randardas pi raxami. Ekǎl i balval pinʒardas so o kham sine o pjo zoralo e donθar.",Homme,689.337276314062,1439.6452915975801,15.163764544832306,67.3286379192334,0
780,rromani,EU,22.024265,39.36133,https://atlas.lisn.upsaclay.fr/sounds/rromani.mp3,"E jevendesqi balval ta o kham ekh dives xànas pumen, ta kaþe ʒeno mangèlas te sikavel ka si pjo zoralo e javeresθar, kana dikhle ekhe phirutnes ta phirèlas pesqe t-i drom, pakǎrdo anda pi raxami. Kaj te sikaven pumari zor, linde te khelen kon borizèla pjo sùngo te nangikǎrel e manuśes. Pjo anglal lindas te phùrdel i balval me sari pi zor, kaj te petazel e manuśesqi raxami, ama vov, e silesθar, akizoma ʒàlas, pjo but cirdèlas pi raxami ta agore i balval muklas o khelipe. Tòte o kham xàri-xàri lindas te tatikǎrel, ʒi kana o manuś randardas pi raxami. Ekǎl i balval pinʒardas so o kham sine o pjo zoralo e donθar.",Homme,689.337276314062,1439.6452915975801,15.163764544832306,67.3286379192334,0
781,Rudzica,Deutschland,18.894339,49.856451,https://atlas.lisn.upsaclay.fr/sounds/Silesian_Rudzica.mp3,"Pōłnocny wiater a słōńce sie wadzili, kiery z nich je silniyjszy, kiej prawie cestōm szeł rajzynder ôbleczōny w ciepły mantel. Umiynili se, że tyn, co piyrszy nażynie rajzyndra ku tymu, coby sie seblyk, tyn bydzie za silniyjszego. Pōłnocny wiater zaczōn fukać, jako  yny poradził, ale czym barży fukoł, tym barży sie rajzynder zababuloł w mantel. Na kōniec pōłnocny wiater to smolił. Wtynczas słōńce zaczło grzoć, a hned rajzynder seblyk mantel. Tōż pōłnocny wiater musioł uznać, że słōńce je silniyjsze z nich dwōch.",Femme,606.1772406349254,965.4641478755748,9.317707049965778,80.583189596167,0
782,Rumilly,France,5.944722,45.875833,https://atlas.lisn.upsaclay.fr/sounds/Rumilly.mp3,"La biza è l'sèlwai sè shamalyivô, shâkon achurê' k'al tai l'pè fo', kant al on vyu on vyadyò kè mnyive, êpatâ dyê son manté. É son tonbâ d'ako' kè rli k'arvrè l'promî à fére pozâ son manté u vyadyò saré rguétâ mè l'pè fo'. Alo' la biza s'è prâ à soflyâ dè tota sa feûrsa, mé mé l'soflyave mé l'vyadyò s'êpatounâve dyê son manté è à la fin, la biza a rnonchà à lyu fére doûtâ. Alo' l'sèlwai a kminchà à brilyî è u bè d'on momê, l'vyadyò, réshendâ, a pozâ son manté. Dinse, la biza a dyu rkonyaitre kè l'sèlwai tai l'pè fo' dè dou.",Homme,563.5782194327192,1040.3206768305308,10.185085557837098,75.03419575633129,0
783,Rümpel,Deutschland_SH,10.350000381469728,53.78333282470703,https://atlas.lisn.upsaclay.fr/sounds/Rumpel.mp3,"Eenst streden sik de Noordwind un de Sünn, keen von een beiden wohl de Stärkere wörr, as en Wanderer, de in en warm Mantel gehüllt wörr, des Wegs dohörkeem. Se wörrn sik enig, dass dejenige för den Stärkeren gülden schull, de den Wanderer dwingen wörr, sien Mantel aftonehmen. De Noordwind blees mit aller Macht, aber je mehr he blees, desto faster hüll sik de Wanderer in sien Mantel in. Endlich geev de Noordwind den Kampf op un nu warmte de Sünn de Luft mit ehren fründlichen Strahlen un al no wenigen Ogenblicken tröck de Wanderer sien Mantel ut. Do müss de Noordwind togeben, dat de Sünn de Stärkere wörr.",Homme,677.5864291466407,1219.2385437271698,9.896228610540724,84.12956878850103,0
784,rurutu,PF,-151.34197,-22.44373,https://atlas.lisn.upsaclay.fr/sounds/rurutu.mp3,"Tē 'a'aro ra 'o Mara'amu 'e 'o Ma'ana, 'o vai te mea pūai roa a'e i rotopū ia rāua. I tō rāua 'itera'a i te ta'i manu i te 'anora'a mai, 'a'u'ia e tō na ra pereue, 'a'a'oti atu ra rāua ē, te ta'ata matamua tei manuia i te 'a'atārara i tō na pereue, 'o 'o ia īa te 'aito pūai roa a'e. Pu'i atu ra 'o Mara'amu ma te tu'u 'ore. 'A ta'iri noa ai te mata'i, 'a'avī noa atu ra te manu i tō na ra pereue i nu'a i'o iana. Tera rā, i te pae 'ope'a, 'a'aru'e atu ra te mata'i i te reira 'o'ipa. Patara atu ra 'o Ma'ana 'e vera mai nei te manu, tātara atu ra 'o ia i tō na pereue. I reira, 'ari'i atu ra īa 'o Mara'amu ē, 'o Ma'ana te pua'a tāne.",Femme,609.1758603469067,1128.55445664033,24.48694045174538,80.1207665982204,0
785,Rusio,France,9.26032961183451,42.36208529041593,https://atlas.lisn.upsaclay.fr/sounds/Rusio.mp3,"U trattu è u sole si taruccavanu à chì era u più forte quandu vidinu un pelegrinu chì viaghjava ingutuppatu nu u so mantellu. S'accurdonu chì quellu di i dui chì ghjunghjerà à fà caccià u mantellu à u pelegrinu serebbe stimatu u più forte. Tantu u trattu messe à suffià à pienu ma più suffiava è più u Pellegrin stringhjia u so mantellu contr'à ellu è, à a fine, u trattu rinunciò à fà li lu caccià. Tandu u sole pruncipiò à lucicà è, à loc'à una stonda, u pelegrinu, riscallatu, s'hè cacciatu u mantellu. Hè cusì chì u trattu hà avutu da ricugnosce ch'era u sole u più forte tra elli dui.",Homme,635.8418629284516,1243.564367258803,16.974825462012323,68.23485968514716,0
786,Rusyn,EU,22.15461,48.986947,https://atlas.lisn.upsaclay.fr/sounds/Snina_Ruthenian.mp3,"Cyrillic alphabet Latin alphabet Северный вітор і сонце ся гадали, хто з них є сілнїшый, кедь як раз около них ішов єден путуючій - одїтый, аж закрученый до теплого плаща. Вырішыли наконець, же буде сілнїйшый тот, хто дісягне тото, же путуючій собі вызлече плащ. Северный вітор зачав дути з цїлой силы, но чім веце дув, тым веце ся чоловік закручав до свого плаща. Конечнї северный вітор перестав дути - без того, жебы дісяг даякый выслїдок. І нато зачало сонце світити і грїти так силно, же путуючій, котрому было тепло, зошмарив зо себе плащ. І так северный вітор мусив узнати, же сонце є сілнїше.Severnyj vitor i sonce sja hadaly, chto z nych je silnjišyj, kedʹ jak raz okolo nych išov jeden putujučij - odjityj, až zakručenyj do teploho plašča. Vyrišyly nakonecʹ, že bude silnjiyšyj tot, chto disyahne toto, že putujučij sobi vyzleče plašč. Severnyj vitor začav duty z cjiloj syly, no čim vece duv, tym vece sja čolovik zakručav do svoho plašča. Konečnji severnyj vitor perestav duty - bez toho, žeby disjah dajakyj vysljidok. I nato začalo sonce svityty i hryity tak sylno, že putujučij, kotromu bylo teplo, zošmaryv zo sebe plašč. I tak severnyj vitor musyv uznaty, že sonce je silnjiše.",Homme,663.3972653043668,1157.1103384565647,8.811909650924026,81.29320328542094,0
787,saamaka,AG,-54.060468,5.50234,https://atlas.lisn.upsaclay.fr/sounds/saamaka.mp3,"Wentu ku sonu ta buya. Ibi wan fu de bi sabi taki taa ondi moo taanga. Te a si di man ta lon na goon liba ma di biya ta lon na en banya. A si di man ta go a goon liba go dou di sama di puu hen dyakiti na en sikini hen u sabi taa hen da di moo taanga wan. Di wentu bigin u boo ku hii hen kaakiti, hen moo di wentu boo, moo di man di ta waka dou di goon liba, moo a ta peeta en seefi dyakata. Di sonu bigin hu sende en di man ta waka go a goon liba, di sonu sneyni he, hen a puu di dyakiti na en sikini. Baka f'en di wentu sabi taki di sonu da di moo taanga wan u di tu mii.",Homme,850.9462428266979,1660.5863718309129,26.283456536618754,85.39624914442163,1
788,Sablonceaux,France,-0.8833,45.7167,https://atlas.lisn.upsaclay.fr/sounds/Sablonceaux.mp3,"La bise et le souleuil se chicaniant, i disiant chacun qu'i z'étiant pu fort que l'aut'... quand o s'est am'né in houme tout encatiné dan-in grand mantiâ. I se sont entendus peur dire que le peurmier qu'arriverait à faire outer à l'houme son mantiâ s'rait, beun entendu, le pu fort. Drêt thieu moument la bise s'est mise à buffer à s'en fère peuter le jhabot ; mais mê a buffait, mê a subiait, mê l'houme se canighait dans son mantiâ... tant et si beun qu'al' a fini peur décesser soun ouvraghe. Alors le souleuil a commencé à teurluser si fort que li l'a fini peur fère bouilli la piâ et le sang de thieu pauv'houme... qu'a beun été d'obllighé de se débiller de son mantiâ. Su thieu cot, la bise s'est incllinée et a r'connaissu que le souleuil était bin le pu fort des deux.",Femme,654.7764773215483,1247.7122836402636,14.250677618069817,77.54590006844627,0
789,Sachseln,Suisse,8.240166,46.869483,https://atlas.lisn.upsaclay.fr/sounds/CH_Nordwind_Sachseln.mp3,"Dr Biiswìnd ùnd d Sùnnä — Äinisch hend dr Biiswìnd ùnd d Sùnnä zangged, wèr vo ìne schtèrcher siig. Da ìsch grad ä Wanderer verbiiglùffä, er hed ä warmä Mantel aggha. Si sìnd sich äinig wordä, dass dä de Schtèrcher siig, wo am Wanderer chèn der Mantel abziä. Dr Biiswìnd hed mit aller Macht gchuited, aber je mee är gschtirmd ùnd gchuitet hed, deschto mee hed sich der Wanderer i sim Mantel verschliffä. Ùnd soo hed dr Biiswìnd dr Kampf uifggä. Etz hed d Sùnnä frìndlich gschtraaled ùnd d Luft erwèrmd ùnd scho churz druifappe het dr Wanderer sii Mantel abzogä. Da hed dr Biiswìnd miässä zuägä, dass d Sùnnä schtèrcher ìsch als är.",Femme,807.7164269477387,1316.6021313192307,8.588788501026693,78.86977412731007,0
790,Sagogn,Suisse,9.256052833207102,46.79264746284281,https://atlas.lisn.upsaclay.fr/sounds/CH_Nordwind_Sagogn.mp3,"Ei fuva ch’il vent dil nord ed il sulegl sescagnaven tgeinin dad els seigi tgisà il ferm, cu in viandont ch’era zugliaus en in manti ei vegnius per via. Els ein secunvegni che quel dei valer scol ferm che sappi zunghegiar il viandont da trer o siu manti. Il vent dil nord suflava cun tutta forza, mo pli fetg ch’el suflava, pli fetg setgugliava il viandont en siu manti. Finalmein ha il vent dil nord dau si il cumbat. Ussa scaldava il sulegl l’aria cun ses radis emperneivels. Lu ha il vent dil nord stueu admetter ch’il sulegl seigi il ferm dad els dus.",Homme,814.3936133208049,1528.8056368739792,5.374346338124572,82.93171800136894,0
791,"Saint-
Georges-
sur-Meuse",Belgique,5.360598,50.600796,https://atlas.lisn.upsaclay.fr/sounds/Saint-Georges-sur-Meuse.mp3,"Li waeraxhe Bijhe si disgramta avou l' Solea po saveur li ké des deus oistreut l' paltot d' on voyaedjeu. Adon, li Bijhe aveut idêye k' ele sereut l' prumire a spoûler s' paltot å voyaedjeu, tot shoflant roed. Tot gurzinant, li voyaedjeu sera s' paltot avou ses deus mwins et tapa s' tiesse divins ene craeye di rotche tot leyant ses rnos ådfoû. Adon, li solea rtchåfa l' ome edjalé, et lyi abouter di s' tcholeur et l' tchôkî a s' dismoussî di s' paltot. Ça fwait ki : li bijhe fourit batowe. Çoula mostere k' i fwait pus åjhey obtini ene sacwè toursiveuzmint ki waeraxhmint.",Homme,777.0869450941507,1532.2959348686018,10.312929500342232,82.08999315537302,0
792,"Saint-
Pardoux",France,-0.3,46.5667,https://atlas.lisn.upsaclay.fr/sounds/Saint-Pardoux.mp3,"Le vent de Galérne et le soulall s'achtiniant, acertinant que l'étiant pu fort que l'aùte quan que l'avant vu in cheminao çhi avancét, bun enmanchai den in paletàu. L'avant été vite d'assent que çhau çhi çhi ferét ghitae sun paletàu le premé o cheminao sarét le pus fort. Dame, le vent de Galérne se metit a bufae tant que le pouvét més pus que le soufllét, pus que le cheminao enpougnét sun paletàu é le refredzi finit par cotae pr lli faére ghitae. Dame, le soulall coumoincit a cougnae é o sit poué long que le cheminao, en najhe, ghite sun paletàu. De minme, le vent de Galérne requeneussit que le soulall étét béréde pus fort que li.",Homme,627.5371319074582,1326.545134727578,13.030006844626968,78.220212183436,0
793,"Saint-
Plantaire",Croissant,1.645719,46.453103,https://atlas.lisn.upsaclay.fr/sounds/Saint-Plantaire.mp3,"L'chti vent et l'soleil s'chamaill'ynt, affirmant l'un com' l'aut qu'ozéteu l'pu fort quant'yavint vu arriver un caureux que v'neu bien serré dans son capot. Yavint decidé qu'cel-là qu's'reu l'premier à fér enl'ver son capot au caureux s'reu vu com' l'pu solid'. Aussitôt l'chti vent sé mis à bouffer aussi fort qu'oza pu mais pu o bouffeu, pu l'caureux s'catineu dans son capot et pour finir l'chti vent sé arrêté d'vouloir y fér'enl'ver. A tchau moment l'soleil sé mis à briller et, un peu après, l'caureux qu'aveu pu froid a enl'vé son capot. Vé com'ça que l'chti vent a bin été forcé de r'conait' que l'soleil éteu pu fort que lu.",Femme,592.2663601851132,1193.6448374729412,12.38302532511978,77.88772073921972,0
794,Saint-Agnant-de-Versillat,Croissant,1.510747,46.278631,https://atlas.lisn.upsaclay.fr/sounds/Saint-Agnant-de-Versillat.mp3,"La bise e le solelh se disputevan, chascun disant qu'o ère le pus fòrt, quand ilhs vegueran un òme que venève devant, enmitoflat dens son mantel. Ilhs tomberan d'acòrd que queu-qui qu'arriverí le premier a faire ostar son mantel a quèl ome serí veüt come le pus fòrt. Alòr, la bise se metet a soflar de tote sa fòrce, mès mai qu'ale soflève, mai l'òme sarrève son mantel autorn de lu e, a la fin, la bise renoncet a lhi faire ostar. Alòr, le solelh comencet a brilhar, e au bot d'un moment, l'òme, reschaurat, ostet son mantel. E donc, la bise deget reconeistre que le solelh ère le pus fòrt de los dos.",Femme,606.4716056394918,684.5178456093672,12.83693360711841,77.59906228610541,0
795,Saint-Amans-Soult,France,2.4906,43.4778,https://atlas.lisn.upsaclay.fr/sounds/Saint-Amans-Soult.mp3,"La bisa e lo solelh se disputavon que caduns assolidava qu'èra lo pus fòrt. Artaquís que vegèron un viatjaire que s'avançava tot acaptat dins son mantèl. Se metèron d'acòrdi que lo prumièr qu'arribariá a faire quitar lo mantèl al viatjaire seriá agaitat coma lo pus fòrt. Alaras, la bisa se metèt a bufar de tota sa fòrça. Mas dont mai bufava dont mai lo viatjaire se sarrava dins son mantèl. E a la fin, la bisa renoncièt a lo ié faire quitar. Alaras, lo solelh comencèt de brilhar e, al cap d'un moment, lo viatjaire, escalfat, se quitèt lo mantèl. Aital, la bisa deguèt reconéisser que lo solelh èra lo pus fòrt dals dos.",Homme,727.682621709903,1560.083679501656,13.297446954141,77.30549623545517,0
796,Saint-Étienne,France,4.38439,45.435684,https://atlas.lisn.upsaclay.fr/sounds/Saint-Etienne.mp3,"La bizi é lou soulé sè disputâvon, châkun aprè afourtsi k'ôl érè lou pè fô, kant ôl on vèyu un vyajeu kè s'avansivè arôpâ. Sè son bètâ d'akô k'iké k'arivari. lou promi a fér doutâ son manté u viajeu seri avizâ com iké k'é lou mé fô. Alor la bizi s'è bètâ a boufâ de tota sa fôrsi, mâ mé èl bofâvè mé lou vyajeu sarâvè son manté utô de lẅi é, pour achabâ, la bizi renonsé a lẅi fér doutâ. Alor lou soulèy komansé a brilye é apré un momon lou vyajeu, échandi, a doutâ son manté. Aynsi, la bizi â dèyu rekonyétre ke lou soulé érè le mé fô de lô dou.",Femme,534.7839062628301,1104.889833941034,11.264414784394251,76.31379192334018,0
797,"Saint-Étienne-
du-Bois",France,5.17,46.17,https://atlas.lisn.upsaclay.fr/sounds/Saint-Etienne-du-Bois.mp3,"La bize pi lou chelo ch'èdyeulôvon, shôtyon asuryè que l'éve lou ple feu tyè l'on yu on vouayajeure que ch'avèsive, èveloupô dè chon mèté. I chon tonbô datyeu pe que chotye qu'arevôve lou premi a fôzhe èlevô chon mèté u vouayajeure chezhe gatya quemè lou ple feu oua. Alor, la bize che metô a cheulyô de toute che feuche, mè, ple le cheulyôve, ple lou vouayajeure cherôve chon mèté latou de lui, é a la fin, la bize a renoncha a lui fôzhe poujô. Alor, lou chelo che metô a brelye, é u shavon d'on moumè, lou vouayajeure réshodô a poujô chon mèté. Azhi, la bize a du recouniatre que lou chelo éve lou ple feu dé deu.",Femme,590.84595184723,1403.4171319680436,12.609418206707735,76.05473648186174,0
798,Saint-Étienne-de-Mer-Morte,France,-1.742201,46.928848,https://atlas.lisn.upsaclay.fr/sounds/Saint-Etienne-de-Mer-Morte.mp3,"Le fréd é le chàud se disputiant a çhou-la qui serét le pu fort. Pi il avant vu in étrangé, in coquét, encagrotai den sun paletot. I s'avant mi d'acord que çhou-la qu'ariverét le premié a lli faere oté arét gagnai. É pi le fréd se mit a bufé a force, mé pu qu'i bufét pu que le coquét s'abriét. A la fagn, le vent at étai lassai de bufé. Pi le soléll at quemençai a çhuire ; alore bétout le coquét s'at trouvai si achalai qu'i s'at dépenissai. Le fréd at bé du reconétre que le chàud avét étai le pu fort.",Homme,874.5981957094475,1231.8099354421815,13.526988364134155,80.44366872005476,0
799,Saint-Ghislain,Belgique,3.817219,50.448999,https://atlas.lisn.upsaclay.fr/sounds/Saint-Ghislain.mp3,"Èl vint d'Ècoche èyèt l' soley ès' vantin'tè l'eugn come l'ôte d'ête èl pus foûrt. A ç' momint la, is-ont vèyu én ome in vouyâje qui dalot d' pièd, infardèlé vins s' pal'tot. Ils ont kèyu d'acôrd què l' prumièr qui rèussîrot a fé r'sakèr s' paltot ô voyajeûr s'rot ravisé come èl pus foûrt. Adon, èl vint d'Ècoche s'a mis a souflèr tant qu'i pouvot mins pus' qu'il souflot, pus' què l' voyajeûr èrssèrot s' pal'tot t't-a l'intour dè li. Al fègn, èl vint d'Ècoche a r'noncé. Vèyant cha, èl solèy a couminché a lwîre tant-ét si bié què l' voyajeûr, tout rinscôfé, a saké s' pal'tot. Cha fét, èl vint d'Ècoche a bié dvu r'counwate què l' solèy tot l' pus foûrt dès deûs.",Femme,694.6475312278121,1292.8798361442916,11.122498288843257,82.38370294318959,0
800,Saint-Hélier,England,-2.107,49.187,https://atlas.lisn.upsaclay.fr/sounds/Saint-Helier.mp3,"Lé vent du Nord et le solé se disputaient qui qu'était le pus fort quaund eun voyageus est venun aveu eun graund casaque âotouo dé li. I se sount mins d'accord que le syin qui ganne, le premyi à faire le voyageus halaer sa casaque s' sait counsidéraé pus fort que l'âote. Et pis le vent du Nord souffllit âoussi du coume i pouvait mais, le pus qu'i souffllait, pus qué le voyageus mettait sa casaque alentouo de li. A la fin, le vent du Nord abaundounit et pis le solé déhalit aveu sa chaleu et du coup, le voyageus halit sa casaque et pis le vent du Nord feut oblligi d'acceptaer qué lé solé était lé pus fort des déeus.",Homme,636.7715765767056,1156.9356669436625,13.094229979466117,82.33713894592745,0
801,"Saint-Hilaire-
la-Treille",Croissant,1.317754,46.251291,https://atlas.lisn.upsaclay.fr/sounds/Saint-Hilaire-la-Treille.mp3,"Le vent e le solèlh se disputevan e chascun assurève qu'o ère le pus fòrt, quand ilhs vegueran un voiageur que s'avancève, envelopat dins son mantèlh. Ilhs se meteran d'acòrd que queu-qui qu'arriverí le premier a faire enlevar son mantelh au voiageur serí pres come le plus fòrt. Alòrs, le vent se metet a bufar de tote sa fòrce, mès mai qu'o bufève, mai que le voiageur sarrève son mantèlh autorn de lu e a la fin, le vent abandonet de lhi faire enlevar. Alòrs le solèlh comencet de brilhar e au bot d'un moment, le voiageur fuguet reschaufat e enlevet son mantèlh. De mesme, le vent deguet ben reconeistre que le solèlh ère le pus fòrt de los dos.",Homme,624.9884176808102,1412.725025650402,12.83693360711841,77.59906228610541,0
802,Saint-Hubert,Belgique,5.367405,50.026467,https://atlas.lisn.upsaclay.fr/sounds/Saint-Hubert.mp3,"Lu bîje èt l' solê su margayint. Onk des deûs dzèt k' il èstèt pus fwart ku l' ôte. Tot d' on cônp, il ont vèyu arivè on roteû ratwartchè dins s' caban. I s' ont mètu d' acward ki l' ci ki parvinrèt a fè bodjè s' caban o roteû srè rwêtu come lu pus fwart. Alônrs', lu bîje s' a mètu a choflè du totes ses fwaces, mês, pus èle choflèt, pus l' roteû sèrèt s' caban autoû d' li. Adon, al fin, lu bîje a lèyè tumè l' idêye du lî fè bodjè. Alônrs', lu solê a cmincè a lûre. Èt après on ptit momint, lu roteû a stî rachandi. Ça fêt k' il a bodjè s' caban. Adon, lu bîje a dvu rucnuche ku l' solê èstèt l' pus fwart des deus.",Femme,633.4926235652147,1386.3830073275674,9.65893223819302,83.27346338124572,0
803,Saint-Julien-Puy-Lavèze,Croissant,2.67322,45.665798,https://atlas.lisn.upsaclay.fr/sounds/Saint-Julien-Puy-Laveze.mp3,"La bisa 'bei le sol se disputavon, chascun se disiá le pus fòrt, quand veguièron un voaiatgeur que s'aprochava 'bilhat 'bei un mantèl. Son tombats d'acòrd que le promèir que 'ribariá a li faire pausar le mantèl siriá gaitat 'ma le pus fòrt. Alòrs la bisa s'es botada a bofar de tota sa fòrça, mas pus la bisa bofava fòrt, pus le voaiatgeur serrava son mantèl a ne'n faire torn de se, e a la fin, la bisa renoncèt a i le faire pausar. Alòrs le sol comencèt de brilhar e au bot d'un moment, le voaiatgeur, eschandit, pausèt son mantèl. Alòrs, la bisa deguèt reconèstre que le sol èra le pus fòrt d'ilhs dos.",Homme,653.0074736975986,1231.0110330716839,10.212032854209445,79.25830937713894,0
804,"Saint-Léger-
Magnazeix",Croissant,1.247148,46.287722,https://atlas.lisn.upsaclay.fr/sounds/Saint-Leger-Magnazeix.mp3,"Le vent dau nòrd e le solèlh se disputevan, chascun disant qu'o ère le pus fòrt, quand os vegueran un voiageur que s'avancève, envelopat dins son mantèlh. Os tomberan d'acòrd que queu qu'arriverí le premiér a faire enlevar son mantèlh au voiageur serí gaitat come le pus fòrt. E ben, le vent dau nòrd se metet a bufar de tote sa fòrce mès pus o bufève, pus le voiageur sarrève son mantèlh autorn de lu e a la fìn, le vent dau nòrd renoncet a lhi faire enlevar. E ben le solèlh comencet a raïar e au bot d'un moment, le voiageur, reschaufat, o enlevet son mantèlh. Come quò, le vent dau nòrd seguet oblijat de reconeistre que le solèlh ère le pus fòrt de los dos.",Homme,532.3241487006318,828.6817104689662,12.83693360711841,77.59906228610541,0
805,"Saint-Mars-
d'Outillé",France,0.332,47.871,https://atlas.lisn.upsaclay.fr/sounds/Saint-Mars-d'Outille.mp3,"Le vent d'abâs et le soulaî s'crélaient a st'i la le pu fo. Quique c'est st'i la ? la loin !, un chminaî emponnaî dans son paltot. Is t'in mis d'acco : l'pu faraud pou d'sabérier le chimaî de ses hardes d'vant lout, s'rait le pu fo. S'men la ventouse s'est ahoussée cor pu : vl'a une ventouse de galerne ! Le chimaî s'embourichonnaî, dans son paltot, is râpi bin : il guerdinaî. Sitout le soulaî s'ébélui. Le chimaî l'tin bin chaaud, is débourichonnaî, bin aise. Heula ast'heur ! vonquier la bise elle t'in dépitée... Le soulaî il t'in l'pu fo, il t'in ravangé parié !",Femme,511.60568899478733,667.4760649304687,12.277939767282684,79.5131074606434,0
806,Saint-Martial,France,4.275043,44.865145,https://atlas.lisn.upsaclay.fr/sounds/Saint-Martial.mp3,"La bisa e lo solelh se disputavan, chascun afortissiá qu'èra ile lo melhor, quand an vist un marchaire que s'avançava, empelhat dins son mantèl. Son tombats d'acòrd que quele qu'arrivariá lo promier a faire enlevar sa pelha au marchaire seriá reconeissut coma lo melhor. Alòrs la bisa s'es botat a bofar de tota sa fòrça mès mai bofava, mai lo voiatjuer sarrava sa pelha autorn de ile e a la fin la bisa a renonçat a li lo faire tombar. Alòrs lo solelh a començat a brilhar e au bot d'un moment, lo marchaire, reschaufat, a ostat son mantèl. Ainsí la bisa a dut reconéisser que le solelh èra lo plus fòrt daus dos.",Homme,581.3676747786865,1170.5627291666349,10.165975359342916,77.70925393566051,0
807,Saint-Martin-de-Ribérac,Croissant,0.3586307376232796,45.23004615756923,https://atlas.lisn.upsaclay.fr/sounds/Saint-Martin-de-Riberac.mp3,"Lu vent e lu solelh se disputaven, chadun assurant aquí qu'ilh era lu pus fòrt. Quand ilhs an vist un passatgier que veniá, dins son grand manteu. Ilhs son tombats d'acòrd que lu que 'ribariá lu prumier a li far pausar son manteu, au passatgier, siriá espiat coma lu pus fòrt. Alòrs, lu vent se botet a bufar de tota sa fòrça, mas pus au bufava, pus lu passatgier sarrava son manteu autorn de se e ala fin, lu vent a pas pogut lu far pausar. Alòrs, lu solelh a començat a brilhar e au bot d'un moment, lu passatgier, bien reschaufat, a pausat son manteu. Entau, lu vent a degut reconeistre que lu solelh era lu pus fòrt daus dos.",Homme,629.1925707807437,1262.7855763260734,14.060205338809034,75.7496167008898,0
808,Saint-Maurice-des-Lions,Croissant,0.702099,45.964883,https://atlas.lisn.upsaclay.fr/sounds/Saint-Maurice-des-Lions.mp3,"Lo vent dau nòrd e lo solelh se brejavan ; chascun se disiá que se eriá le mai fòrt. Quand ilhs viten un traina-bissac venir a ilhs 'bilhat d'una pelerina, ilhs fiten de consent per dire que 'queu que 'riberiá lo prumier a li far tonbar la pelerina au traina-bissac seriá gaitat coma lo melhor. Aitanben la bisa se metet de bufar de tota sa fòrça, mas mai 'la bufava, mai lo traina-bissac sarrava sa pelerina. 'Tanben la bisa faguet la crotz de la far votar. 'tanben lo solelh se metet de raiar e au bot d'un mament, lo traina-bissac fuguet eschaurat e tonbet la pelerina. Entau la bisa deuguet èsser d'assent que lo solelh eriá lo mai fòrt daus dos.",Homme,671.1066498599015,1507.5254190489095,13.041629021218343,77.9623613963039,0
809,"Saint-Philbert-
 sur-Risle",France,0.65,49.2833,https://atlas.lisn.upsaclay.fr/sounds/Saint-Philbert-sur-Risle.mp3,"Eul rible et le solé se chicaillaient, chécun des deus acertainant qu'il était eul pusse vertueu, quanqu'i z'ont eyé eun viageu qui s'en venait, capelé euddans san manté. Is s'sont cordés couomme rapineus. Eul permier qui rarriverait à fai tollir san manté au viageu s'rait cosidéré couomme eul pusse rude. Alors eul rible d'vint furieu mais pusse qu'il halait pusse que le viageu s'embobelinait et à la parfin, le rible a arnonché à li fai tiraer san manté. Alors eul solé a c'menché à lire pis amprès eune paose le viageu, récaoffé, a tolli san manté. Ainchi le rible fut cotraint d'arconnaite qu'eul solé avait pusse eud vésouille qu'li.",Homme,638.900352035039,1360.9610718236324,11.92652977412731,82.3703832991102,0
810,Saint-Pierre-du-Chemin,Croissant,-0.701126,46.696535,https://atlas.lisn.upsaclay.fr/sounds/Saint-Pierre-du-Chemin.mp3,"Le vent de haw' et le soulail se digouhin-niont. L'un l'awtre se disiant qu'o l'était li le pu fort, quand le viront un pèlerin qui v'nait peur le ch'min dans n'un grous pardessus. L'avont tombé d'accord peur rec'neutre comme pu fort dos deux tchio là qui lli f'rait ôter sun paletot. Alors, le vent de haw' s'est mis à buffer de quoi d'abobinabe. Mais, pu que le buffait, pu que le pèlerin se motait dans sun paletot. D' la s'cousse, le vent de haw a laissé l'affaire en pllan. Alors, le soulail a commencé à teurluser. Au bout d'un petit moument de temps, le pèlerin qu'était bén achâlé a bé fini peur enlever sun paletot. O fait que le vent de haw a dû rec'neutre que le soulail était bé le pu fort d'entre eux.",Femme,612.0898601285897,1266.7895071570272,13.207440109514032,78.47384668035592,0
811,Saint-Pierre-le-Bost,Croissant,2.264048,46.401801,https://atlas.lisn.upsaclay.fr/sounds/Saint-Pierre-le-Bost.mp3,"La bise e le solelh se disputavan,  chascun assurant qu'aul atí le pus fòrt, quand elhs an vut un voiageur que s'avancève,  envelopat dins son mantau.  Elhs son tombats d'acòrd que quau-la qu'arriverí le premier a faire ostar son mantau au voiageur serí argardat come le pus fòrt.  E pi la bise s'es mise a soflar de tote sa fòrce, mès pus ale soflève,   pus le voiageur sarrève son mantau autorn de se,  e a la fin, la bise a arnonçat a lhi le faire ostar.  E pi la bise a començat a brilhar e au bot d'un moment, le voiageur, reschaufat, a ostat son mantau.  E pi la bise a dut arconeitre que le solelh atí le pus fòrt daus deus.",Homme,654.292244586148,913.027706591175,12.169274469541412,77.761704312115,0
812,Saint-Pierre-Port,England,-2.537384,49.455525,https://atlas.lisn.upsaclay.fr/sounds/Saint-Pierre-Port_Guernesiais.mp3,"Lé vent d'amaont et l'solaeil s'enter dégonaient, châtcheun s'caontait lé pus fort, quànd i virent aen viageaeu arrivaï entaoupinaï dans énne cotte. I s'mirent d'la maême idée qué l'siaun qui pouait prumier faire qué l'viageaeu hale sa cotte srait caontaï coume lé pus fort. Et pis, lé vent d'amaont s'mit à ventaï à toutes forches, mais tànt pus i ventait, tànt pus lé viageaeu enveloppait sa cotte lé raond d'li et au bulbut lé vent d'amaont r'naonchit à l'faire halaï sa cotte. Et pis lé solaeil s'mit à s'mourtaï, et à l'haeure lé viagiaeu récaouffaï halit sa cotte. Et coume chenna i fut d'métchier qué l'vent d'amaont r'counaeusse qué ch'tait l'solaeil qu'était l'pus fort des daeus.",Homme,864.3394775356857,1569.5172109253224,13.112094455852157,84.30705681040384,0
813,Saint-Quentin-sur-Sauxillanges,Croissant,3.394193,45.548685,https://atlas.lisn.upsaclay.fr/sounds/Saint-Quentin-sur-Sauxillanges.mp3,"La bisa e le solelh se disputavon, chaqu'un 'fortissant qu'èra le mai fòrt, quand veguèron un voiajaire que s'avançava, envolopat dins son mantèl. S'acordaron qu'aquel qu'arribariá le pormeir de faire baujar son mantèl au voiajaire siriá espiat coma le mai fòrt. Alòre, la bisa se botèt de bofar de tota sa fòrça mas mai bofava, mai le voiajaire sarrava son mantèl entorn de se, e a la fin, la bisa renoncèt de li faire baujar. Dau còp, le solelh comenquèt de brilhar e au bot d'un moment, le voiajaire, eschaufat, baujèt son mantèl. Coma 'quò, la bisa deuguèt reconéisser que le solelh èra le mai fòrt de lus dos.",Homme,723.6408042513772,1651.0164111779577,9.824688569472965,78.56245037645449,0
814,Saint-Trivier-de-Courtes,France,5.0822,46.4603,https://atlas.lisn.upsaclay.fr/sounds/Saint-Trivier-de-Courtes.mp3,"La bize pi lou ch'lo se dien de mô, shékion ére chui k'i l'ére lou pe kostô, kin il in viu n'oumou ke s'avinchive, impaktô din son minté. Il in tou de chuite periô ke li k'arevere a li fère peuzê son minté, a l'oumou, sere avezô kemouin lou meliou. Pi la bize s'a betô a seuyê, de toute sa fouache, mé, mé a seuyive, mé l'oumou charive son minté latou de li, é p'achuire, la bize a pô mé ésäyä de li fère deutê. A pi lou ch'lo s'a betô a luire, on moumin apré, l'oumou, réshodô a peuzô son minté. K'mouin cintie,la bize a du rekougniätre ke lou ch'lo ére bin lou pe foua dé deu.",Homme,679.972163950631,1319.0817512814963,12.153025325119781,78.63503764544832,0
815,Saint-Victor,Croissant,4.673762,45.100733,https://atlas.lisn.upsaclay.fr/sounds/Saint-Victor.mp3,"La bisa e lo solelh se chiconhavan, chascun pensant qu'èra lo plus fòrt, quand veguèran un voiatjuer que s'avançava, pleiat dins sa pelissa. Son tombats d'acòrd que quelo qu'arrivariá lo promeir a li faire garar sa pelissa, au voiatjuer, seriá vegut coma le plus fòrt. Alòrs la bisa se mèt a bofar de tota sa fòrça mès mai bofava, mai lo voiatjuer sarrava sa pelissa autorn de iele e a la fin la bisa renoncèt a li la faire garar. Alòrs lo solelh comencèt a brilhar e au bot d'un temps, lo voiatjuer, reschaufat, a garat son mantèl. Ainsí la bisa deguèt reconeistre que lo solelh èra le plus fòrt daus dos.",Homme,631.2609992119847,1443.3389610800828,10.165975359342916,77.70925393566051,0
816,Saint-Yrieix-la-Perche,France,1.2046631927284384,45.5147657792828,https://atlas.lisn.upsaclay.fr/sounds/Saint-Yrieix-la-Perche.mp3,"La bisa e lo solelh se disputavan, chascun assurant qu'eu era lo pus fòrt, quand ilhs vigueran un voiatjor que s'avançava, envelopat dins son manteu. Ilhs tomberan d'acòrd que lo que 'ribariá lo prumier a li far tombar son manteu siriá lo pus fòrt. A queu mament, la bisa se metet a bufar de tota sa fòrça, mas maï ela buffava, maï lo voiatjor serrava son manteu autorn de se, e a la fin, la bisa a renonçat a lo li far tirar. A queu mament lo solelh a començat a brilhar, lo voiatjor, reschaufat, a enlevat son manteu. Entau, la bisa deguet reconeistre que lo solelh ero bien lo pus fòrt daus dos.",Femme,681.9345086518687,1182.419006772114,12.460704996577686,77.63935660506503,0
817,Sainte-Blandine,France,5.4333,45.55,https://atlas.lisn.upsaclay.fr/sounds/Sainte-Blandine.mp3,"La bije é le cholay étsan pâ d'akô pè chavè loukôl dô dzu étè le pi fô. Kant él on vu on vwayazeu kè s'avinchyâvè dan son manté, é son min d'akô kè sel?i k'aryavèri lou premyi a for enlevâ son manté ô vwayazeu sari lou plu fô. Alor, la bije sè may a suflâ dè toute sa forse, mè mé èl suflâvè, mé lou vwayazeu sarô son manté chu lẅi. A la fin, la bije â rnonchyâ dè li fôr enlvâ. Alor lou cholay a kminchi a bralyé ; ô bou d'on moman, lou vwayazeu, rethodâ, a inlèvâ son manté. Insi, la bije a du rekonyètre kè lou cholay étè lou plu fô dô dzu.",Homme,652.3640779922941,1107.8608262411044,11.214633812457222,76.69727583846681,0
818,Sainte-Christine,France,2.833968,46.066887,https://atlas.lisn.upsaclay.fr/sounds/Sainte-Christine.mp3,"La bisa e le sulelh se chamalhavan, per saubre lequau qu'èra le plus fòrt, quand ils vegueton un voiajur que s'avançava, plijat dins son mantiau. Ils tombeton d'acòrd que quau-d'aqui que le promier poriá faire dostar son mantiau au voiajur seriá gardiat c'ma le plus fòrt. A quau m'ment, la bise se metèt a bofar de tuta sa fòrça, mas plus 'la bofava, pus le voiajur sarrava son mantiau ;  a la fin, la bisa s'arrestèt, abandonant de l'e faire dostèr. Alòrs le sulelh a c'mencat a raièr ; au bot d'un m'ment, le voiajur, eschandut, a dostat son mantiau. Alòrs, la bisa dut reconeistre que le sulelh èra le plus fòrt daus dos.",Femme,759.7787117357071,1614.3019965797803,11.547987679671458,76.3529158110883,0
819,Sainte-Croix-Vallée-Française,France,3.740363,44.181923,https://atlas.lisn.upsaclay.fr/sounds/Sainte-Croix-Vallee-Francaise.mp3,"L'aura e lo sorelh se carcanhavan, cadun afortissant qu'èra lo mai fòrt, quand veguèron un viatjaire que s'avançava emmantelat jos un saile. Faguèron una mena de pacha per dire que lo primièr a li far tombar son mantèl seriá, de segur, lo pus fòrt. Tan lèu, l'aura se metèt a bufar, a bufar tant que pdiá, mas de mai que bufava, de mai que lo viatjaire s'acatava jos son mantèl. Alara, l'aura decebuda renoncièt. Es en aquel moment que lo sorelh se metèt a lusir. Al còp d'un brieu, lo trevaire escaufat quitèt son mantèl. Es aital que l'aura se faguèt fòrça per reconèisser qu'entre eles, lo sorelh èra lo mai fòrt.",Homme,658.4742369107124,825.1917882282376,13.241697467488022,71.23939082819986,0
820,Sainte-Geneviève-sur-Argence,France,2.762,44.803,https://atlas.lisn.upsaclay.fr/sounds/Sainte-Genevieve-sur-Argence.mp3,"La bisa e lo solelh se disputavan. Cadun assegurava qu'èra lo pus fòrt, quand an vist un passejaire que s'avançava, envolopat dins son mantèl. Son tombats d'acòrdi que aquel qu'arribariá lo premièr a far quitar lo mantèl al passejaire, seriá agachat coma lo pus fòrt. Alara, la bisa s'es metuda a bufar a tota sa fòrça. E mai bufava, mai lo passejaire sarrava son mantèl còntra el. E a la fin, la bisa abandonèt de lo li far alçar. Alara, lo solelh a començat a brilhar, e al bot d'un moment, lo passejaire, rescaufat, quitèt son mantèl. Atanben, la bisa a degut reconéisser que lo solelh èra lo pus fòrt dels dos.",Homme,595.4288230201428,1032.5041625677968,10.137234770704996,79.63194387405886,0
821,Sainte-Livrade-sur-Lot,France,0.588919,44.398428,https://atlas.lisn.upsaclay.fr/sounds/Sainte-Livrade-sur-Lot.mp3,"Lo vent de nòrd e lo solelh se disputavan, cadun teniá per sigur qu'èra lo mai fòrt Quand vegèron un voiatjur que s'avançava, plegat dins son màntol. S'acordèron per dire que lo qu'arribariá a lo li far quitar, lo màntol, a'n aquel òme, seriá gueitat coma lo mai fòrt. Alavetz, lo vent de nòrd se botèt a bufar de tant que podiá, mès mai bufava, mai lo voiatjur se sarrava lo màntol, e finalament, lo vent de nòrd abandonèt l'idèa de lo li far quitar. Perlòr, lo solelh comencèt de lusir, tanplan qu'al cap d'un moment, lo voiatjur, escaudurat, se quitèt lo màntol. Antal, lo vent de nòrd diuguèt reconéisser que lo solelh èra lo mai fòrt dels dus.",Homme,601.608155843319,1184.2172044740914,14.29273785078713,76.37064339493497,0
822,Sainte-Sigolène,France,4.25,45.2333,https://atlas.lisn.upsaclay.fr/sounds/Sainte-Sigolene.mp3,"La bisa e le soleu se disputavan, chascun disant qu'èra le mai fòrt, quand an vegut un un voiatjaire que veniá, drapat dins son mantèl. Tombèron d'acòrd que aqueu qu'arrivariá le premèir a faire enlevar son mantèl au voiajaire seriá gaitat coma le mai fòrt. Alòr, la bisa se botèt a bofar de tota sa fòrça, mas mai bofava, mai le voiatjaire sarrava son mantèl al ran d'a el, e a la fin, la bisa renoncèt a le li faire enlevar. Alòr, le soleu comencèt a brilhar, e au bot d'un moment, le voiatjaire, eschaufat, enlevèt son mantèl. Ansin, la bisa deguèt reconéisser que le soleu èra le mai fòrt daus dos.",Femme,669.4057691203283,1306.2246960942407,10.165975359342916,77.70925393566051,0
823,Sambreville,Belgique,4.634784,50.445255,https://atlas.lisn.upsaclay.fr/sounds/Sambreville.mp3,"Li bîje èt l' solia si margongnén', chakin acèrtinant di ièsse li pus fwârt, quand i-z-ont vèyu in vwèyadjeû qui s'avancéve, èfârdulé didins s' paletot. I-z-ont fé mârtchi qui l' cén qui v'néve li prèmî à fé r'satchî si pârdèssus au vwèyadjeû s'rè r'wéti come li pus fwârt. Adon, li bîje s'a mètu à sofler més pus èle sofléve, pus li wwèyadjeû sèréve si paletot tot-autoû d' li èt à l' fén, li bîje  a r'noncî à l' disboter. Su l' côp li solia a cominci à lûre èt au-d' bout d'in momint, li vwèyadjeû, richandi, s'a dismoussî. Come ça, li bîje a stî oblidjîe di riconèche qui l' solia èstéve li pus fwârt dès deûs.",Homme,628.2108868755948,1619.4151121543503,10.816584531143054,82.7822997946612,0
824,Sámi,EU,22.469801,68.443519,https://atlas.lisn.upsaclay.fr/sounds/Kuttainen_Sami.mp3,"Davvibiegga ja beaivi nággiiga goabbá sudnos lea gievrrat, go muhtin olmmái bođii vácci liegga readdju nalde. Soai soabadeigga ahte dat gii vuosttažin oažžu olbmá nuollat readju rehkenasto sudnos gievrrabun. Ja nu davvebiegga bosui buot fámuiguin, muhto mađi eanet dat bosui ; dađi čavggabut olmmái giesai reddjo iežas birra; ja loahpas davvebiegga fertii luohpat. De bođii beaivi oidnosii ja báittii nu lieggasit ja bures ahte olmmái fertii nuollat reddjo. Ja nu davvebiegga šattai dovddastit ahte beaivi lei gievrrat sudno guoktás.",Femme,629.876423393448,1371.246142729894,-0.9419370294318961,92.44663244353183,1
825,Samnaun,Suisse,10.373529090126556,46.951965714047326,https://atlas.lisn.upsaclay.fr/sounds/CH_Nordwind_Samnaun.mp3,"Nordwind und Sunna – Dr Nordwind und di Sunna houba sich amol drum gstritta, wear vo iina beada woll dr schtercker sei, als an Wonderer, dear innan dicka Montl khüllt gwest isch, z’Weg keiman isch. Sie sein sich einig gwoara, dass dearjenig wos schofft, dass dr Wonderer sein Montl obziacht, dr schtercker isch. Dr Nordwind hot mit oller Mocht blousa, obr je meah ear bloust hot umso meah, hot sich dr Wonderer in sein Montl khüllt. Endlich hot dr Nordwind da Kompf aufgeiba. Denn hot di Sunna di Luft mit iira freindlicha Stroola aufgwermt, und scho glei hot dr Wonderer sein Montl obzoucha. Denn hot dr Nordwind zuageba miassa, dass di Sunna vo iina beada di schterker isch.",Femme,734.7163546847291,908.2989360689417,2.011772758384668,83.2686789869952,1
826,San Valentino in Abruzzo Citeriore,Italia,13.986818,42.234219,https://atlas.lisn.upsaclay.fr/sounds/San_Valentino_in_Abruzzo_Citeriore.mp3,"Nu jòrne che lu Sule i la Vûreje stéive a scustenejä chi de li ddeu tenéive cchjeu fòrze, noume vâdde nu vejaggiatùre che passéive nghe nu mandèlle abbetucchjäte ngòlle. Allure se noume mettò daccòrde ca lu prôme de îsse c'avèsse aresciôte a fàreje levä nu mandèlle d'addòsse, jéive lu cchjeu fûrte. La Vûreje se mettò a zuffejä nghe tûtta la fòrze che tenéive 'n còrpe, ma cchjeu zuffejéive i cchjeu lu vejaggiatùre s'arebbetucchjéive lu mandèlle ngòlle. All'ûteme la pòvera Vûreje avòtte da lassä pèrdere. Allure lu Sule sciò i feréive accušò fûrte, fûrte assì, tànde che lu vejaggiatùre se ndrà levò lu mandèlle d'addòsse. La Vûreje accušò fo custrâtte a rechenòscere ca lu Sule jéive lu cchjeu fûrte.",Homme,656.7264948594207,1140.0596518290677,11.26987679671458,72.10850787132101,0
827,Sanary-sur-Mer,France,5.800842,43.117655,https://atlas.lisn.upsaclay.fr/sounds/Sanary-sur-Mer.mp3,"graphie classiquegraphie mistralienneLo mistrau e lo soleu si debequignavon. Cadun assegurava qu'èra lo mai fòrt, quora veguèron un viatjaire que s'avançava, envertolhat dins son mantèu. Fèron  pache qu'aqueu que capitariá de li far quitar lo mantèu bèu promier sariá regardat coma lo mai fòrt. Lo mistrau si metèt puei a bofar tant coma podiá.  Em'ocò, au mai bofava au mai lo viatjaire s'agolopava dins son mantèu. Fin finala lo mistrau lo leissèt 'star. Alòr lo soleu comencèt de lusir e, au bot  d'un temp, lo viatjaire, rescaufat que rescaufat, quitèt lo mantèu. Ansin lo mistrau deguèt ben reconóisser que lo soleu èra lo mai fòrt d'elei dos.Lou mistrau e lou soulèu si debequignavon. Cadun asseguravo qu'èro lou mai fouart, quouro veguèron un viajaire que s'avançavo, envertouia dins soun mantèu. Fèron pache qu'aquéu que capitarié de li fa quita lou mantèu bèu proumié sarié regarda coumo lou mai fouart. Lou mistrau si metè puei à boufa tant coumo poudié. Em'oucò, au mai boufavo au mai lou viajaire s'agouloupavo dins soun mantèu. Fin finalo lou mistrau lou leissè 'sta. Alor lou soulèu coumencè de lusi e, au bout d'un tèms, lou viajaire, rescaufa que rescaufa, quitè lou mantèu. Ansin lou mistrau deguè bèn recounouisse que lou soulèu èro lou mai fouart d'élei dous.",Homme,682.7860918840831,1340.4369395539782,17.051081451060917,76.72392197125257,0
828,Sanary-sur-Mer / Sant Nari de Mar,Occitanie,5.800842,43.117655,https://atlas.lisn.upsaclay.fr/sounds/Sanary-sur-Mer.mp3,"graphie classiquegraphie mistralienneLo mistrau e lo soleu si debequignavon. Cadun assegurava qu'èra lo mai fòrt, quora veguèron un viatjaire que s'avançava, envertolhat dins son mantèu. Fèron  pache qu'aqueu que capitariá de li far quitar lo mantèu bèu promier sariá regardat coma lo mai fòrt. Lo mistrau si metèt puei a bofar tant coma podiá.  Em'ocò, au mai bofava au mai lo viatjaire s'agolopava dins son mantèu. Fin finala lo mistrau lo leissèt 'star. Alòr lo soleu comencèt de lusir e, au bot  d'un temp, lo viatjaire, rescaufat que rescaufat, quitèt lo mantèu. Ansin lo mistrau deguèt ben reconóisser que lo soleu èra lo mai fòrt d'elei dos.Lou mistrau e lou soulèu si debequignavon. Cadun asseguravo qu'èro lou mai fouart, quouro veguèron un viajaire que s'avançavo, envertouia dins soun mantèu. Fèron pache qu'aquéu que capitarié de li fa quita lou mantèu bèu proumié sarié regarda coumo lou mai fouart. Lou mistrau si metè puei à boufa tant coumo poudié. Em'oucò, au mai boufavo au mai lou viajaire s'agouloupavo dins soun mantèu. Fin finalo lou mistrau lou leissè 'sta. Alor lou soulèu coumencè de lusi e, au bout d'un tèms, lou viajaire, rescaufa que rescaufa, quitè lou mantèu. Ansin lou mistrau deguè bèn recounouisse que lou soulèu èro lou mai fouart d'élei dous.",Homme,682.7860918840831,1340.4369395539782,17.051081451060917,76.72392197125257,0
829,Sancerre,France,2.84,47.332,https://atlas.lisn.upsaclay.fr/sounds/Sancerre.mp3,"L'abisoi et le soulé étaient en bichebêche, châcun geint qu'i était le plus forci, quanqu'il ont vu un marcheux qui se mouvait, embobeliné en sa p'lure. Il étaient en convergence que ça qui aveindrait le preume à débiller l'marcheux s'rait argaddé coume le plus forci. L'abisoi s'est mettu à y bouffer à s'éboustifler, mais plus a' bouffait, plus l'marcheux embobelinait sa plure à son entour de li et à la fin faite, l'abisoi a arnoncié à y li débillé. Le soulé a coume a pris à y lizarder et enprès un bout de temps, l'marcheux, archaudi, s'est débâté. Par ainsi, l'abisoi a dû endurer que le soulé avait le pompon des deuzes, mieux qu' qui qu'i seie.",Femme,660.9076642016397,1428.6759919073113,11.84138945927447,79.3129363449692,0
830,Sankt Gallen,Suisse,9.38554,47.43005,https://atlas.lisn.upsaclay.fr/sounds/CH_Nordwind_St-Gallen.mp3,"Èmòòl hènd sich de Nordwind und d Sune gschtritte, wèèr vo bäidne de stèrcher seg, wo en Wanderer, in en waarme Mantel ghüllt, dehèèr cho isch. Si sind sich äinig wòòrde, das dèè de Schtèrcher seg, wo de Wanderer chön zwinge, sin Mantel abznee. De Nordwind hèt plòòse mit aller Macht, aber je mee er plòòse hèt, deschto feschter hèt sich de Wanderer i sin Mantel ghüllt. Am Schluss hèt de Noordwind de Kampf ufggee. Den hèt d Sune d Luft mit irne fründliche Schtraale uufgwèrmt und scho churz drufabe hèt de Wanderer sin Mantel abzoge. Dòò hèt de Nordwind möse zuegee, das d Sune vo bäidne de Schtèrcher isch.",Homme,806.1198244694259,1402.2489347057908,9.397522245037646,81.03323750855579,0
831,Sankt Vith,Belgique,6.06878,50.287094,https://atlas.lisn.upsaclay.fr/sounds/Rodt.mp3,"Éhs zankten sech Nordwond on d'Sonn, wähn van hinnen zweng de starsten wör, do kumm e Spazierjähnger, den e warme Mantel ömjeschlahn hat, des Wähsch. Sie woren sech éhngech, dat dejenige de starkste wör, den den Spazierjähnger zwong den Mantel avzulegen. De Nordwond blohs op de mordjüß, äver desto mieh hän blohs desto fester huhl den Spazierjähnger sengen Mantel fest. No er zegt juff dän Nordwond de Kampf op. Op eng Kiehr sching die Sonn esu warem on erwähremt die Luth mot hühren fröndlichen Strohlen; daht duhrt e Moment on de Spazierjähnger duth den Mantel us. Do muth den Nordwond zujehn, dat d'Sonn van hinnen zweng de Starkste wohr.",Femme,715.7172159742296,1502.570845057345,9.366509240246407,83.56731690622861,0
832,Sannat,France,2.407711,46.119491,https://atlas.lisn.upsaclay.fr/sounds/Sannat.mp3,"La bisa e le solelh se brejavan ; iun mai l'autre pensava qu'aul èra le pus fòrt daus dos... Elhs vigueton arrivar quauqu'un que s'avançava, ben covrit dei son mantiau. Elhs se son metuts d'acòrd que le promier que poriá faire enlevar son mantiau de quau voiageur siá ben le pus fòrt daus dos. A quau moment, la bisa se metèt a bofar, tant que 'la podiá. Mas le voiageur z-au sarrat son mantiau ben fòrt aprés se. A la fin, la bisa z-au arrestat de bofar, qu'a n'en voiá pus la pena ! E puèi, le solelh z-au comencat de raiar... Au bot d'un moment, le voiageur fuguèt ben reschaufat. Aul a enlevat son mantiau. La bisa z-au estat oblijada de dire que le solelh z-èra ben le pus fòrt !",Homme,583.2905060791481,1255.3288211714723,10.83082135523614,78.96180013689253,0
833,Saorge,France,7.552259,43.987636,https://atlas.lisn.upsaclay.fr/sounds/Saorge.mp3,"Řa zizouřa e ë souë së garoulhavan, cadun assëguřend quë ř'èřa ë chu foët, quand anoun vist un viagiatouë quë s'avansava, ënvrëlha ënt' ë se mantèë. Sounoun cajuì d'acordi quë cuèë qu'arrivava ë prim a fàa quitàa ë se mantèë aë viagiatouë sëřia avachà com ë chu foët. Alouřa, řa zizouřa s'ei tacàa a shoushàa dë tut řa sei foësha ma chu a shoushava, mài ë viagiatouë strëgnìa ë se mantèë a ř'ëntourn d'èë e a řa fin, řa zizouřa a rënouncìa a fàa řë ř'i cavàa. Alouřa ë souë a coumënsa a brilhàa e dë li un moument, ë viagiatouë, rëscaudà, a cavà ë se mantèë. Coushì, řa zizouřa a dëvu rëcounoush quë řë souë èřa ë chu foët di duì.",Homme,583.0718766437325,1025.6984406789172,12.37700205338809,68.99560574948666,0
834,Sarcus,France,1.867276,49.681579,https://atlas.lisn.upsaclay.fr/sounds/Sarcus.mp3,"Ech frais-vint pi ch'solé i s'disputailleute, chatchun prétindant qu'il éteut plus fort eq l'eute, quant il ont vu vnir au droèt padvant eux, un travteu intorsillé da s'n houplande. I s'sont sitôt cordés pi il ont dit : ""Chti qu'arrivro ch'prumier à foère inlver s'n houplande àch travteu-lo i sro rbeillé conme ech plus fort"". Alorse ech frais-vint i s'est mis à souffler à pleinhne gargate, mais plus qu'i souffleut, plus qu'ech travteu il ersèarreut s'n houplande su s'panche. À l'fin, ech frais-vint il o ernonché à li foère défoère. Dech keup-lo, ech solé il o kminché à briller telmint fort qu'ech travteu i suyeut à gouttière. Il o vivmint inlvé s'n houplande. Ech frais-vint il o dû erconhnoète qu'ech solé il éteut plus fort eq li.",Homme,698.285862372528,1601.8891840447748,11.340150581793292,82.13230663928816,0
835,Sassello,Italia,8.490095,44.479125,https://atlas.lisn.upsaclay.fr/sounds/Sassello.mp3,"Un dì, ei ventu d'tramuntana e ei sû, i parlâvan d'chi fusse u ciù forte, quand'i veggan rivê n'ommu cun un manté ai sei spolle. Alua is mettan d‘accordu che u ciù forte u saà chi tra i dui u fusse riuxi a feie l'vé ei manté. Ei ventu, pei primmu, u cmenza a sciusciê cun tutta a sô forza, ma ciù u sciusciava, e ciù l'ommu u si strinzeiva ai tei manté tant che ei ventu doppu in po' u cianta lì. Alua u sû u tacca a scadê e pei ei gran cadu l'ommu u-sleva ei mantè. Acxù a tramuntana o duvu arcnuxe che u sû l'ea ciu forte d'chea.",Homme,647.1176324168962,1197.2311961136916,14.101978097193705,75.72127310061602,0
836,Satillieu,Croissant,4.614077,45.150795,https://atlas.lisn.upsaclay.fr/sounds/Satillieu.mp3,"La bisa e lo solelh se gibavan, chascun afortissiant qu'èra lo plus fòrt. Quand veguèran un marchaire que s'avançava, emmitoflat dins son mantèl. Tombèran d'acòrd que quelo qu'arrivariá lo promeir a faire garar son mantèl au marchaire seriá gaitat coma lo plus fòrt. Alòrs la bisa se metèt a bofar de totas sas fòrças mas mai bofava, mai lo marchaire sarrava son mantèl autorn de ielo e a la fin la bisa renoncèt a li lo faire garar. Alòrs lo solelh comencèt a brilhar e au bot d'un moment, lo marchaire, reschaufat, garèt son mantèl. Doncas la bisa deupuguèt reconéisser que lo solelh èra lo plus fòrt daus dos.",Homme,777.8205901990549,1469.7825654165556,10.165975359342916,77.70925393566051,0
837,Savièse,Suisse,7.346978605617118,46.250186404919376,https://atlas.lisn.upsaclay.fr/sounds/CH_Nordwind_Saviese.mp3,"I bijye é chowe che tsëncanyîon, tsecoun d’entò gyér. inti ky’ir. é méi vya kyé w’âtró, can l’an you un vwéeadzoo kyé avansyîé, afobla dr’ou chyó mantéi. Ché chon acòrda pó dér.e kyé ché kyé arower. i ó promye a fòrchye ó vwéeadzoo a óta ó mantéi chor. i tenou ina cómin i plo fôo di dóou. Adon i bijye l’a ënréea dé chófla tó chin kyé powie, ma méi chóflâe, méi i vwéeadzoo charraé ó mantéi ëncontre rlwi é pó forni, i bijye l’a achya plate ó té fér.e óta. Aré chowe l’a ënréea dé brile é dichya ’na côrcha, i vwéeadzoo rétsouda l’a óta ó chyó mantéi. D’inche, i bijye l’a falou récónyétre kyé chowe ir. e i plo vya di dóou.",Homme,711.6960327840683,1748.3407771603822,5.19488706365503,79.33000684462696,0
838,Saxon,EU,13.65041,50.998714,https://atlas.lisn.upsaclay.fr/sounds/Freital_Saxon.mp3,"Eema zangten sich der Nordwind und de Sonne, wer wohl von den beeden der Stärgste is, als'n Wanderer, der in een warm' Mandl gehuddld war, vorbeigeloofn kam. Se machten ab, daß der der Stärkste war, der den Wanderer dazu brächte, dass der sein' Mantel auszieht. Der Nordwind pustete mit aller Graft, aber je mehr er pustete, umso doller huddelte sich der Wanderer in sein' Mandl ein. Nach ä baar Minudn gab der Nordwind off. Jetz schien de Sonne und erwärmte die Luft, und im Handumdrehn zoch der Wanderer sein' Mandl aus. Da mußte der Nordwind zugeem, daß die Sonne von den beeden der Stärgste is.",Femme,661.1582045361199,1270.5016287065994,9.561485284052019,79.83402464065708,0
839,Schackendorf,Deutschland_SH,10.266666412353516,53.96666717529297,https://atlas.lisn.upsaclay.fr/sounds/Schackendorf.mp3,"Eenst legen de Noordenwind un de Sünn in Striet. Se kunn sik nich enig warrn, wokeen von de beiden de Starkere weer. Na un jüs in den Ogenblick keem dor een Wannerer vörbi. De dreeg een heel warmen Mantel. Un nu wörrn sik de Noordenwind un de Sünn enig, dat de von de beiden as de Starkere gellen schull, de den Wannerer dorto bringen kunn, wat he sien Mantel afleggen wörr. Un de Noordenwind puust ja, he puust wat he kunn, liekers tröck de Wannerer sien Mantel faster un faster üm sien Lief. Opletzt geev de Noordenwind dat Puusten op. Nu keem jo de Sünn anner Reeg. De Sünn schien mit ehr warmen Strohlen. Se möökt de Luft heel lurig un dat hett ne lang duert, do tröck de Wannerer sien Mantel ut. Do müss de Wannerer togeven, dat de Sünn de Starkere weer.",Homme,695.2392175804443,1500.865238144814,9.797809719370294,84.46609856262833,0
840,Schaffhausen,Suisse,8.635732,47.697691,https://atlas.lisn.upsaclay.fr/sounds/CH_Nordwind_Schaffhausen.mp3,"De Nòrdwind und d Sunne hènd mòl mitenand gschtritte, wèr vo ine bäidne schtèrcher seg. Wo s am Schtriite gsi sìnd, isch en Wanderer im ene waarme Mantel dehèèrcho. Di bäide hènd abgmacht, das dèè de schtèrcher isch, wo de Wanderer cha zwinge, sin Mantel abzzie. De Nòrdwind hèt mit aller Macht plòòse, aber je mee dan er plòòse hèt, deschto mee hèt sich de Wanderer i sìn Mantel ghüllt. Irgendwènn hèt de Nordwind de Kampf ufggèè. Dènn hèt d Sunne d Luft mit irne fründliche Schtraale ufgwèrmt und scho glii druf abe hèt de Wanderer sin Mantel abzoge. Dòò hèt de Nòrdwind möse zuegèè, dass d Sunne di schtèrcher isch vo bäidne.",Femme,763.5271440571547,1150.1597469593994,9.93703627652293,81.94296372347706,0
841,Schafflund,Deutschland,9.18333339691162,54.76666641235352,https://atlas.lisn.upsaclay.fr/sounds/Schafflund.mp3,"Eenst streden sik Noordwind und Sünn, wer von de beeden woll de Stärkere weer. As een Wanderer, de in en warm Mantel hüllt weer, de Weg dorher keem. Se wurrn sik enig, dat dejenige de Stärkere sien sull, de de Wanderer dwingen wörr sien Mantel aftonehmen. De Noordwind blooste mit alle Macht, ober je mehr he blooste desto faster hüllte sik de Wanderer in sien Mantel in. Endlich geev de Noordwind den Kampf op. Nu erwärmte de Sünn de Luft mit ehr fündlichen Strohlen und schon nur wenige Ogenblicken tock de Wanderer sien Mantel ut. Do musste de Nordwind togeben, dat de Sünn von de beeden de Stärkere weer.",Femme,675.3496600070041,1419.6626193180182,9.618049281314168,86.75412046543464,0
842,Schafstedt,Deutschland_SH,9.300000190734863,54.08333206176758,https://atlas.lisn.upsaclay.fr/sounds/Schafstedt.mp3,"Eenst stre'en sik de Noorwind un de Sünn, wer von ehr woll de Stärkere weer, as een Wannersmann, der een warm Mantel an harr, om Weg dorher keem. Se worrn sik enig, dat dejenige de Stärkere is, de den Wannersmann zwingen wörr den Mantel aftoleggen. De Noorwind puust mit alle Macht, ober je mehr he blosen dee, je faster hüll sik de Wannersmann in sien Mantel in. Do geev de Noorwind den Kampf op. Nun warmt de Sünn de Luft mit ehr fründlichen Strohlen un schon na wenige Ogenblicke trock de Wannersmann sien Mantel ut. Do muss de Noorwind togeben, dat de Sünn von de bei'en de Stärkere is.",Homme,737.1152341271103,1329.0335499544624,9.9439151266256,85.03110882956878,0
843,Schalkholz,Deutschland_SH,9.25,54.25,https://atlas.lisn.upsaclay.fr/sounds/Schalkholz.mp3,"Vör längere Tiet hebbt sik de Wind ut den Noorden un de Sünn stre´en, wer woll de Stärkere von se is. Dor keem een Wandersmann op dissen Weg an, de sik in een Mantel hüllt hall. De Wind un de Sünn worrn sik einig, dat de as de Stärkere gelln schull, de dat torech kreeg, dat de Wandersmann den Mandel uttrecken dee. So dull de Wind ut den Noorden kunn, bloos he ganz stief, over je düller he pusten dee, desto strammer hüll sik de Wandersmann in sien Manndel in. Wat schull de Wind ut den Noorden moken? He geev den Kamf op. Op eenmol keem de Sünn mit de fründlichen Strohlen un de Luft worr warm. No een korte Tiet trock de Wandersmann sien Manndel ut. Nu muss de Noordwind togeben, dat de Sünn von de beiden de Stärkere is.",Femme,697.1555284816457,1562.9857316308826,9.89690622861054,85.5415537303217,0
844,Schenefeld,Deutschland_SH,9.81666660308838,53.59999847412109,https://atlas.lisn.upsaclay.fr/sounds/Schenefeld.mp3,"Noordwind un Sünn hebbt sik mal streden, keen vun jüm beiden de Stärkere is, as een Wandersmann, de een warmen Mantel anharr, jüm in de Mööt keem. Se sünd sik enig worden, dat dejenige as de Beste gellen schull, de den Wandersmann dwingen wörr, sien Mantel aftoleggen. De Noordwind puust mit vulle Kraft, man je mehr he puust, ümso mehr wickelt de Wanderer sik in sein Mantel in. An 'n End geev de Nordwind den Kampf op. Nu warmt de Sünn de Luft mit ehr fründliche Strahlen, un een Ogenblick later trock de Wanderer sien Mantel ut. Do muss de Nordwind togeven, dat de Sünn vun jüm beiden de Stärkere weer.",Homme,775.7370660577078,1611.0925493740526,10.025256673511294,83.39663244353183,0
845,Schirrhein,Allemagne,7.9,48.8,https://atlas.lisn.upsaclay.fr/sounds/Schirrhein.mp3,"De Nordwìnd ùn d'Sùnn hän mìtnànder ghändelt, jeder het gmaant er ìsch de Stärigscht vùn de zwei. No ìsch e Wànderer komme ze laufe, in me dicke Màntel ingwìckelt. De Wìnd ùn d'Sùnn han sin aani gmacht, dàss de erscht vùn de zwei wie im Wànderer siner Màntel rüsszeje màcht, de Stärigscht ìsch. No het de Wìnd àngfànge fescht ze blose, àwer wie meh de Wìnd geblose het, wie dichter het de Wànderer siner Màntel züegmàcht. D'Sùnn het no àngfànge ze schine, bis dass der Wànderer ze heiss het ghett ùn siner Màntel rüssgezöje het. So het de Nordwìnd müen erkenne, dàss d'Sùnn de Stärigscht ìsch vùn de zwei.",Homme,713.9743813559721,1541.1760491049206,11.581827515400411,77.07567419575633,0
846,Schladming,Autriche,13.686916,47.392847,https://atlas.lisn.upsaclay.fr/sounds/Schladming.mp3,"San'd d'Sun und da Wind au'ghema wer da Iagste wa', wia's an Umageha in seim Montl daherkemma gsegn hobm. Wer ehn Umageha zerscht zum Montl ausziagn bringt, der war da Stiacha. Oft hot da Wind zum blosn aug'fangan. Und da Umageha hot ehn Montl fest zuazoghn und da Wind hot aufgheat zum blosn. Draufhi hot de Sun augfongt zum scheina. Und noch aan buissl hot da Umageha au'gwamt es Mantal auszogn. Da Wind hot eisechgn mias'n dos de Sun dia Iaga is.",Homme,656.8412427949386,1054.7027887451507,5.533997262149213,84.73013689253935,0
847,Schleswig,Deutschland,9.56666660308838,54.51666641235352,https://atlas.lisn.upsaclay.fr/sounds/Schleswig14.mp3,"v14       v25      v45     Vör Tieten harrn sik Noordwind un Sünn in de Hoor, wokeen vun se beiden woll mehr Knööv harr. Do keem en Wannersmann langs den Weg. De harr en warmen Mantel an. Se worrn sik enig, dat de mehr Knööv hebben schull, de den Wannersmann dwingen wörr, dat he sien Mantel uttrecken dee. De Noordwind puus mi alle Macht, man je mehr, dat he puusten dee, desto duller wickel sik de Wannersmann in sien Mantel in. An't Enn geev de Noordwind den Striet op. Nu möök de Sünn mit ehr fründlich Strahlen de Luft warm. Un dat duer nich lang, dor truck de Wannersmann sien Mantel ut. Do müss de Noordwind togeven, dat de Sünn vun se beiden mehr Knööv harr.      Eenst strien sik de Noordwind und de Sünn, wer von de beiden woll de Stärkste weer, as een Wanderer, de en een warme Mantel hüllt weer, des Wegs dorher keem. Se wurrn sik enig, dat dejenige von de Stärkste gellen schull, de de Wanderer zwingen wörr sien Mantel aftonehmen. De Noordwind puuste mit aller Macht, over je mehr he puustete, desto faster hüll sik de Wanderer in sien Mantel in. Endlich geev de Noordwind den Kampf op. Nu wärmte de Sünn de Luft mit ehre fründlichen Strohlen und schon nur een Ogenblick treck de Wanderer sien Mantel ut. Do musse de Noordwind togeben, dat de Sünn von de beiden de Stärkere weer.    Eenes Daages weern de Wind vun Noorden und de Sunn an't Strieden, wer vun se beide wull mehr Knööv harr. Bi dat keem een Wannersmann in een warme Över-Rock vörbi. Wind und Sunn kemen övereen. Dejenige sull as de mit de meiste Knööv gellen, de de Wannersmann ut sien Över-Rock kriggt. De Wind blees vun Noorden mit groote Stahoi, man je grandessiger he blaasen dee, desto inbrünsdiger kreeg sick de Wannersmann sien Över-Rock um't Lief. Bi't Enn geev de Wind dat Geegenanner op. Nu weer de Sunn an de Reeg und kreeg alleen mit ehr Strohlen und ehr Wärmde de Wannersmann meiß opsteed sien Över-Rock ut. Do kunn de Wind nich anners as togeven, dat de Sunn vun se beide de meiste Knööv harr.",Homme,610.4058347174687,1291.704914617666,9.89690622861054,85.5415537303217,0
848,Schmelz,Allemagne,6.84365,49.429052,https://atlas.lisn.upsaclay.fr/sounds/Schmelz.mp3,"Der Nordwénd ónn de Sónn, die hann sisch mòò gestriit, wer van ihnen zwo wohl stärker wär. Dòò és_e Wannerer, der méd_m warmen Mantel agezòò wòòr, de Wääsch vorbeigelauf. Se sénn sisch aenisch genn, dass derjenisch der stärker wär, der de Wannerer dazou bréngen wérd, seine Mantel auszezéin. Der Nordwénd hat geblòós wie ét nur gétt, awwer je meh er geblòòs hòt, desto meh éss der Wannerer in seinem Mantel verschwónn. Endlisch hat der Nordwénd óffgenn. Wai hat de Sónn de Lóft so greilisch scheen gewärmt, ónn schon kórz Zeit späder hat der Wannerer seine Mantel ausgedòòn. Dòò hott der Nordwénd misse zougenn, dass de Sónn der Stärker van ihnen zwei wòòr.",Homme,836.662580681579,1426.5510180988472,10.033463381245722,81.7005954825462,0
849,Schönbek,Deutschland,9.983333587646484,54.16666793823242,https://atlas.lisn.upsaclay.fr/sounds/Schonbek.mp3,"Eenst weer de Noordwind un de Sünn in Striet, wer de Stärkere weer. Do keem en Wanderer vörbi. He harr en dicken Ümhang üm. Do seggen se, de Stärkere weer de, de den Wanderer sien Ümhang aftonehmen wüss. De Noordwind weer immer stärker un de Kierl krüppt immer deper in sien Tüüch. De Noordwind geev nu de Kampf op un de Sünn keem mit warme Luft un Sonnenschien. Do wörr em warm un he treck sien Ümhang ut. Un de Noordwind weer klar, gegen de Sünn harr he keen Chance.",Femme,607.0075935551594,1112.877724477063,9.797809719370294,84.46609856262833,0
850,Schwyz,Suisse,8.655444,47.020447,https://atlas.lisn.upsaclay.fr/sounds/CH_Nordwind_Schwyz.mp3,"D Biisen ùnd d Sùnne — Äinisch hend d Biise ùnd d Sùnne gschtèrcheret, wèèr ächt de Besser wäär. Dùe isch nen äine im ene waarme Mantel verkoo. Si sind äis woorde, as dèè gwǜnni, wo dìse mid em Mantel dezue bräächt, as er de Mantel abzieti. D Biise hed plaase was si hed möge, aber si hed chönne blaasen ùnd blaase, dise hed si bloos no mee im Mantel verchroche. De hed d Biisen ufgschtèckt. Drnaa hed d Sùnne d Lùft esoo ggwèèrmet as de Maa usem Mantel gschloffen isch. D Biise hed verloore. D Sùnnen isch halt die schtèrcher.",Femme,746.098126054184,1523.2237417465628,6.775605749486653,80.37548939082819,0
851,Scottish Gaelic,EU,-6.386685,58.208439,https://atlas.lisn.upsaclay.fr/sounds/Stornoway_Scottish_Gaelic.mp3,"Bha a' Ghaoth Tuath agus a' Ghrian a' deasbad cò bu làidire nuair a thàinig fear turais le cleòca blàth air. Dh'aontaich iad gur e am fear bu làidire am fear sin a bheireadh air am fear-turais a chleòc a chur dheth. An uairsin, shèid a' Ghaoth Tuath cho math sa b' urrainn dha ach, mar bu chruaidhe shèideadh e 's ann bu teanna bha am fear turais a' dèanamh a chleòca. Mu dheireadh, stad a' Ghaoth Tuath. An sin thàinig a' Ghrian a-mach, a' deàrrsadh gu blàth, agus thug am fear turais dheth an cleòca cho luath 's a ghabhas. Agus, mar sin b' fheudar dhan Ghaoth Tuath aideachadh gur e a' Ghrian a bu làidire dhan dithis.",Homme,757.1929482912607,1293.2706101555787,9.805119780971937,84.22657084188911,0
852,Sedrun,Suisse,8.76996294933309,46.68104778997316,https://atlas.lisn.upsaclay.fr/sounds/CH_Nordwind_Sedrun.mp3,"El vent dal nord ed el sulegl. Ignjèda sescagnavan el vent dal nord ed el sulegl, tgéinin dad els dus tge sèi el ferm, cu in viandont sè vegnius da vièdi, zugliaus ain in manti. Els sèn vegni perina tge quel duai valair scó'l ferm tge vegni da sfurzar il viandont da trar ò siu manti. Il vent dal nord o buffau cun tutta possa, aber plé tg'el buffava e plé tge'l viandont sezugliava ain siu manti. Finalmain o'l vent dal nord staviu dar sé el cumbat. Uss o'l sulegl scadau l'aria cun séis radis empernaivels ed entaifer pauc tiams o'l viandont tratg ò siu manti. Cò o'l vent dal nord staviu dar tier tge'l sulegl sèi el ferm dad els dus.",Homme,765.5234460158929,1294.6239350657288,2.9805817932922656,84.00574264202601,1
853,Seraing,Belgique,5.501349,50.576053,https://atlas.lisn.upsaclay.fr/sounds/Seraing.mp3,"Li bîhe èt l' solo fint margaye, chaskonk acèrtinant qu'il èsteût l' pus fwért, qwand il ont vèyou on voyèdjeû qui s'avancéve, èwalpé è s' paltot. ll ont toumé d'acwérd qu'li prumî qui lî f'reût bodjî s' paltot, sèreût loukî come li ci qu'èst l' pus fwért. Adon, li bîhe s'a mètou a sofler a bouhî tot djus, mins pus' èle sofléve, pus' li voyèdjeû sèréve si paltot d' près, èt al fin dè conte, li bîhe a-st-abann'né l'îdèye d' lî fé r'sètchî foû. Adon, l' solo a-st-ataké a lûre èt après on moumint, l' voyèdjeû, rèstchâfé, a wèsté s' paltot. Don, li bîhe a d'vou rik'nohe, qu' li solo èsteût l' pus fwért inte di zèls deûs.",Homme,642.2044943128745,1456.9720534742025,10.312929500342232,82.08999315537302,0
854,Sérent,France,-2.506,47.8226,https://atlas.lisn.upsaclay.fr/sounds/Serent.mp3,"Le vent fret e le soulai tint a s'entr-batr tous deûz a savair leqheu qi tet le pus fôt. E c'ét la q'il ont avizë un vouayaijou qi tet a se promener par la, qi tet pouillë o un paltaod. E pés i se sont dit : ""Ben, le pus fôt ça sera le sien q'arivera a tirer le paltaod du vouayaijou"". Aloure le vent fret se mit a bufer, bufer, bufer. Més c'ét qe come i tet pâs ben chaod, le vouayaijou i se pouillet de pus en pus dan son paltaod, e i tâchet de le garder ben serrë contere li. Dame si bel e si ben q'a la fin le vent fret il abandone, i tet pâs pour ariver a fére tirer son paltaod ao vouayaijou. Du coup-la le soulai ça fut son tour, i decidit de rayer, de rayer, de rayer, de rayer, de rayer ben fort si bel e si ben qe le vouayaijou li il atrapit une bone rachalée. E cant i tet... cant il avet ben chaod i tirit son paltaod. C'ét la qe le vent fret s'avizit qe le soulai tet le pus fôt.",Homme,581.0056162223359,1199.755560048782,12.451088295687885,81.79050650239562,0
855,sérère,Africa,-16.39837060756706,14.4844401093746,https://atlas.lisn.upsaclay.fr/sounds/serere.mp3,"A bay ale fo njeeƈ ne den oo ñimatiroogu. Oxuu refna kaa layoogu yee tee xupu doole. No kaaga te ga' oxaa na ñaaƴaa ta rokoox ndoki na ƥuuƥ. Da njofooro tee ye oxeena eetkaa wolnoor o ñaajaar ke, oxe ndoki na ƥuuƥ, na refkaa oxe na xup doole. Teene a baay ale a feeru, a wodaa ne ta wañitna fop, ndaa kuu ta moƴaa wodaa wodu o kiin oxe moƴaa qicaa ndoki'um, a bay ale a mujaa waas. Soo njeeƈ ne iitam a feeru, a sumaa, a sumaa boo ta miñ. A sumaan ale dam o kiin oxe, ta wañit ndoki'um. Naaga, a bay ale a jaɓ tee njeeƈ ne kat tee waagu.",Homme,773.0965205462073,1053.1918368433398,27.64826830937714,53.86171115674196,1
856,Sète,France,3.6966,43.4018,https://atlas.lisn.upsaclay.fr/sounds/Sete.mp3,"La cisampa e lo sorelh se fasián ""au pus fòrt la pelha"", chascun assegurava qu'èra el lo pus fòrt, quand veguèron un voiatjaire que s'avançava, tot enmantelat. Tombèron d'acòrdi que lo qu'arribariá lo prumièr de faire quitar son mantèl au voiatjaire sariá arregardat coma lo pus fòrt. Alara, la cisampa se metèt a bufar de tota sa fòrça, mès dau mai bufava, dau mai lo voiatjaire sarrava son mantèl sus el, e a la fin la cisampa renoncèt de ié faire quitar. Alara lo sorelh comencèt de lusir, e lo voiatjaire, rescaufat, tombèt son mantèl. Entau, la cisampa deguèt reconoisser que lo sorelh èra lo pus fòrt das dos.",Homme,631.5236713686245,1127.9489428784152,16.132149212867898,70.97642026009582,0
857,Shetlandic Scots,EU,-1.556441,60.22984,https://atlas.lisn.upsaclay.fr/sounds/Walls_Shetlandic_Scots.mp3,"Da Nort Wind an da Sun wis töllien as ta whit een o dem wis da mair bördly, whan a traiveler cam by weel happit up in a waarm cloak. Dey agreed dat da wan dat wis first ta gyet da traiveler ta takk aff his cloak sud be towt mair bördly dan da tidder. Dan da Nort Wind wis laek ta blaa as herd as he could, but da mair he blew da mair da traiveler rowed his cloak ticht aroond him; an at last da Nort Wind gied up tryin. Dan da Sun shone oot waarmly, an richt awa da traiveler laid by his cloak. An sae da Nort Wind couldna but agree dat da Sun wis da mair bördly een o dem.",Femme,655.6202243753888,1331.6978229620577,9.249377138945928,84.3086789869952,0
858,shimaore,OI,45.23245,-12.7819,https://atlas.lisn.upsaclay.fr/sounds/shimaore.mp3,"Yi pevho na li jua zika wushindrana, kwakila mutru akolisha amba waye de muhodari, lera wawona mudjeni aɓanga palito awakuruɓia. Waafikiana amba wuo atsoshindrao amutowo li palito lahe atso hetsiwa  amba waye ɗe wu muhodari. Ɓasi yi pevho yiandrisa wuvuma ha zi nguvu zayo pia, ɓe kuakila yamozidi wuvuma, wule mudjeni akozidi wuɓanga li palito lahe. Ata mwiso wa ya maneno, yi pevho yidzua wu muhono. Li jua liandrisa wuwala ata whuamovhira muda, mudjeni, alaluha hari, atowo li kotri lahe. Tamatil umuri, Pevho akubali amba Jua de muhodari.",Homme,583.2248723178433,760.7096835180189,27.10481177275838,75.76500342231348,1
859,shindzuani,OIVoisin,44.438954,-12.217606,https://atlas.lisn.upsaclay.fr/sounds/shindzuani.mp3,"Wupepo nali juwa wakomanihana.  Kila mutru akotsaha amba waye ɗe alo na nguvu, wakati wawona ɓahariya akoja, atria yi palito. Wako ambiyanana amba mutru atsoshindrao  amutowe ɓahariya yi manto ɗe atsokao wu muhodari namunynawe.  Vavo, wupepo wudjihedza mangavu. Ɓe wupepowakozidi na ɓahariya akodjivihidza yi manto yahe.   Mwiso wupepo alishi (alemewa).  Li juwa liandrissa huala, ata tsihale yi ɓahariya alawa hari, atowa manto yahe.  Vavo, wupepo, akuɓali amba juwa ɗe muhodari.",Femme,627.9992899152252,421.7650056719071,26.969993155373036,76.7319780971937,1
860,Sidi Smail,Maroc,-8.511955,32.825936,https://atlas.lisn.upsaclay.fr/sounds/arabe_marocain_Sidi_Smail.mp3,الشّمس و البرد كيتخاصمو، كيڭولو شكون البطل فيهم، شافو واحد السّيّد جاي داير السلهام، غايتخاطرو شكون غايحيّد ليه السلهام، هو البطل فيهم، البرد لي غايبدا، كينفخ بزاف، شحال البرد كيصوط و هو يكرز فالسلهام، حتى يسخف، يڭول بالناقص، جات الشمش بصهدها مّول السلهام سخن، لاح السلهام، ربحت الشمس,Femme,797.6978020245346,1297.9879121891302,19.156303901437372,77.08868583162219,0
861,Silenen,Suisse,8.6701,46.792392,https://atlas.lisn.upsaclay.fr/sounds/CH_Nordwind_Silenen.mp3,"Nordwind und d Sùnne — Äinisch hènd dr Nordwind und d Sùnne zangged, weer vo ine beede eppe dr Schtèrchri wär, wo e Wanderer, wo in e waarme Mantel ipackt gsi ìsch, uf em Wäg dèrhar cho ìsch. Si sìnd sich äinig woorde, das dèrjenigi als dr Schtèrcheri sèll gälte, wo dr Wanderer zwinge chat, si Mantel abzzie. Dr Nordwind het mit aller Macht plaaset, aber je mee är plaaset het, deschto schtèrcher het sìch dr Wanderer i si Mantel ipackt. Äntlech het dr Nordwind si Kampf üffggä. Jètzt het d Sùnnä d Luft mit ìrne frindliche Schtraale ggwèrmet und scho nach wenige Öigeblick het dr Wanderer si Mantel abzoge. Da het dr Nordwind miesse züegä, dass d Sùnne vo ìne beede dr Schtèrcheri gsi ìsch.",Femme,804.0456650574218,1420.8666531091953,6.775605749486653,80.37548939082819,0
862,Silesian,EU,18.894339,49.856451,https://atlas.lisn.upsaclay.fr/sounds/Silesian_Rudzica.mp3,"Pōłnocny wiater a słōńce sie wadzili, kiery z nich je silniyjszy, kiej prawie cestōm szeł rajzynder ôbleczōny w ciepły mantel. Umiynili se, że tyn, co piyrszy nażynie rajzyndra ku tymu, coby sie seblyk, tyn bydzie za silniyjszego. Pōłnocny wiater zaczōn fukać, jako  yny poradził, ale czym barży fukoł, tym barży sie rajzynder zababuloł w mantel. Na kōniec pōłnocny wiater to smolił. Wtynczas słōńce zaczło grzoć, a hned rajzynder seblyk mantel. Tōż pōłnocny wiater musioł uznać, że słōńce je silniyjsze z nich dwōch.",Femme,606.1772406349254,965.4641478755748,9.317707049965778,80.583189596167,0
863,sirionó,Bolivia,-64.880117,-14.599366,https://atlas.lisn.upsaclay.fr/sounds/siriono.mp3,Nyiishï nda ñeë asi asi tenda nese ra aba ekiräkua tuchɨ re ɨ nyue ra. Ukï mose ke emo ukua eji nï nda myaati tura. Ae echatikia mbukoɨ rane nae ake rei ekiräkua tuchɨ ɨ nyue ra. Se rane ɨ ke nyiishï nda ɨchu tuchɨ nda ara echatikia nda goɨ eä mbeɨ ra nyiishï kenea chee. Ma se ɨ nda tenda kote ra tenda rashi tuchɨ ndara ae ake uchatikia mombo kote ra. Nyiishï nda ñeë tenda je kote ra nde rei ndekirakua tuchɨ ɨ ke ee ra.,Homme,525.039362235693,990.944469794219,27.00715263518138,72.31737850787133,1
864,Sittard,Belgique,5.871149,50.998552,https://atlas.lisn.upsaclay.fr/sounds/Sittard_Limburgian.mp3,"De noordewèndj en de zón ware zich aan 't sjtechele wae van hun twee 't sjterkste waor. Sjus op dat momènt koum dao eine reiziger aan dae eine werme mantjel droug. Ze sjprouke aaf: wae 't es eesjte vaerdig kreeg dat de reiziger ziene jas oetdeig, dae haw gewónne. Toen begoosj de noordewèndj zo hel te blaoze wie hae koosj. Mer wie helder dat d'r blous, wie meer de reiziger ziene mantjel óm zich haer trok; en op 't lètste gouf de noordewèndj 't op. En noe begoosj de zón mit volle krach te sjiene en geliek deig de reiziger ziene mantjel oet. De noordewèndj moosj noe waal toegaeve dat de zón de sjterkste waas van hun twee.",Homme,1046.2961418587163,1566.2868722530625,11.393237508555783,79.45043121149898,0
865,Sivignon,France,4.5,46.4167,https://atlas.lisn.upsaclay.fr/sounds/Sivignon.mp3,"La bîje apeu l'solei s'awoiñnint, tsacun prétendot qu'ôl 'tot l'pus fô quand i'ant avisi eun plaud qu's'envnot, engouilli dans so mantiau. Is s'sant accordés p'dire que çhtu qu'arrivrot l'premî à faire quitter so mantiau u plaud, eh bin y srot lu l'pus fô. Alô la bîje s'est mise à boffer tot so saoûl, mâs, pus alle boffot, pus l'plaud sarrot so mantiau conte lu, du cop la bîje s'est décoradzie. Alô l'solei a cmençhi à brilli, brilli... Aprés eune cosse, l'plaud, bié rétsindu, a quitté so mantiau. Du cop, la bîje a du rcognaîte que l'solei étot l'pus fô des deux.",Femme,572.9719320483633,997.0225937987177,11.681505817932923,79.08437371663244,0
866,Sivry-Rance,Belgique,4.276265,50.142061,https://atlas.lisn.upsaclay.fr/sounds/Sivry-Rance.mp3,"El bîch èyèt l' soley ès disputét, chacun striveut k' il esteut lè pus foûrt, quand is vwèytè in voyèdjeû ki vneut, ratoûrpiné dins s' grand mantiau. Is-ont tcheû d' acoûrd k' el preumî k' arivreut a fé saki ès mantiau a m'-n ome, ça sreut li el pus foûrt. Alors, el bîche s' a mis a chufler, chufler, chufler el pus foûrt k' èle saveut, yèt pus èle chufleut, pus l' voyèdjeû s' rabouloteut dins s' mantiau, si bé k' al fé, el bîch a rnoncé, èyèt s' a rtiré. Alors, el soley a cominchî a lûre dè pus a pus, èt, au dèbout d' in moumint, el voyèdjeû a rtiré ès mantiau. Èyèt el bîch a bé du rconaîte k' el soley esteut el pus foûrt dè yeûsses deûs.",Femme,503.72654598381496,1268.0966983523595,10.29056810403833,84.10185489390828,0
867,Soglio,Suisse,9.539378905762977,46.34179398093519,https://atlas.lisn.upsaclay.fr/sounds/CH_Nordwind_Soglio.mp3,Üna volta al vent dal nord e al sul e an fat dispüta par savé chi da lur dui l’ era pü fort d un viagiatur che gnia incuntar e cha l vea tracent ün capot bel cheld. I an fa gió ch al pü fort al füss sgiü quel ch al füs rivè a obligè al viagiatur a trè fóra l capot. Al vent dal nord al scumanzè a bofè bofè cun tüt la forza ch al vea. Ma pü ch al boféa e pü ch al viagiatur al saría sü al capot. E a la fin al vent dal nord al ha da smettü da bofè. E inura al sul l a scumanzè a scaldè l’ aria là cun la söi lèda. E dopo poch mument al viagiatur l a tracc fora al capot. E al vent dal nord no ha podü fè èltar che ameter ch l era al pü fort da lur dui.,Femme,609.1857987853036,1339.6684792128956,1.754031485284052,84.94392197125258,1
868,Soleymieux,France,4.043363,45.509459,https://atlas.lisn.upsaclay.fr/sounds/Soleymieux.mp3,"La bisa e lo solelh èron aprés se coatar, chascun aprés afortir qu'èra lo mai fòrt, quora veièron un viatjaire que s'avancève, empatat dins son mantèl. Se bitèron d'acòrd qu'iquel qu'arriverí lo prumèr a faire levar lo mantèl dau viatjaire sarí veiut coma iquel qu'es lo mai fòrt. Alòra, la bisa s'arrapèt a bofar ab de tota sa fòrça mas dau mai bofêve, dau mai lo viatjaire sarrève lo mantèl autorn de se e por achabar, la bisa renoncèt a lhu faire levar. Alòra lo solelh comencèt a ebelhuear e aprés un moment, lo viatjaire, eschandit, levèt son mantèl. En fasent iquen, la bisa a deiut reconustre que lo solelh èra lo mai fòrt de los dos.",Femme,639.4224162138103,1016.5173444047641,10.641368925393566,76.55553730321698,0
869,Sombreffe,Belgique,4.566359,50.512721,https://atlas.lisn.upsaclay.fr/sounds/Sombreffe.mp3,"Li vint d' bîje èt l' solia si margouyîn´. Chake des deûs s' dijèt l' pus fwârt quand il ont vèyu ène saquî ki vneût viè zels, moussî dins s' gros paltot. I s' ont dit : ""Li prumî k' arive a fé rsatchî li paltot di ç' djin la, i sèrè rwaîtî come li pus fwârt"". Adon, li vint d' bîje s' a mètu a sofler do pus fwârt k' i pleûve. Mins, dipus k' i soflèt, dipus k' l' ome rassèreûve si paltot autoû d' li. Èt al difén, li vint d' bîje a lyî tchaîre ses brès. Adon, li solia a cmincî a lûre, èt ç' djin la a stî totshûte rachandîye, èt a lyî tchaîre si pèzant paltot. Sins manke, li vint d' bîje n' avèt pus k' a bachî s' tièsse, èt dîre ki l' solia estèt li pus grand des maîsses.",Femme,626.7471616411367,1194.4900742667223,10.816584531143054,82.7822997946612,0
870,songhaï,Africa,-0.0105609398837642,16.256594655553165,https://atlas.lisn.upsaclay.fr/sounds/songhay.mp3,"Héwo héina n'da wéina ha kakaou, affo-koul gané n'gati wangarou, hala idi naroumaikoye-fo kanga biça, ago n'ga-banfoutala-ara. I wafokou kan n'gui boro hinkara wokan hinka banfoutalaka naroumaïka ga n'gati wangaro. Watodine-da héwo héina di ka farou, ka hin-n'danga-gabokoul amma watikoul kan héwo gahin, naroumaïka ma yéka banfoutala koli n'gabonga, héwo fara ané n'gashi hine. Watodine-da héina chine-tine kadi-kadi-kadi halato alwatifoga, naroumaïka, koron n'da kone-ni, anan-n'gabanfoutalaka. Watodine-da, héou héina yédda kan wéina n'gati wangarou n'gui-boro hinkara.",Homme,749.2235216298624,1266.917898226628,29.536297056810405,28.689431895961672,1
871,Sorbian,EU,14.425952,51.180623,https://atlas.lisn.upsaclay.fr/sounds/Bautzen_Sorbian.mp3,"Něhdy wadźeštaj so sewjerny wětřik a słónco, štó z njeju drje je sylniši, jako přińdźe runje pućowar nimo, kiž měješe ćopły kabat zwoblěkany. Dojednaštaj so na to, zo njech płaći tón jako sylniši, kotryž by pućowarja nuzował so kabat slec. Sewjerny wětřik duješe z cyłej mocu, tola čim bóle wón duješe, ćim krućišo zababi so pućowar do swojeho kabata. Skónčnje so sewjerny wětřik poda. Nětko wohrěwaše słónco powětr ze swojimi přećelnymi pruhami, a hižo po chwilce so pućowar swój kabat sleče. Tuž dyrbješe sewjerny wětřik přiznać, zo je słónco sylniše hač wón.",Femme,696.959594969891,1181.7336964379006,9.369472963723476,80.52744010951403,0
872,Sornay,France,5.1833,46.6333,https://atlas.lisn.upsaclay.fr/sounds/Sornay.mp3,"La bise ap' le solei s'end'jeulaint chaîcon assuraint qu'il étaint le pieus fouât quand il ent vu on voaiyageur qu'arr'vait, viti d'on mantcheaû. Is ent tombé d'accord que ç'le qu'arreverait le premi à fére enl'ver le mantcheaû au voaiyageur s'rait r'gardé c'ment le pieus fouât. Alors la bise s'a mis à sousc'iller de toutes ses fouârces, mais pieus alle sousc'illait pieus le voaiyageur sârrait son mantcheau aûto d' li ap' à la fin la bise a r'nonci d'li fére enl'ver. Alors le solei a c'menci de brilli ap' au bout d'on moment, le voaiyageur réchauffé a enl'vé son mantcheau. Ma fouai oui, la bise a du r'counniaître que le solei était le pieus fouât des deux.",Femme,668.4495923560762,1275.8431638781517,12.153025325119781,78.63503764544832,0
873,Spa,Belgique,5.866335563436982,50.49023084746632,https://atlas.lisn.upsaclay.fr/sounds/Spa.mp3,"Lu bîjhe èt l' solo su margayint po saveûr lu kél des deûs' esteût l' pus fwêrt. ""Mi, dju pou coûkî les‿åbes, råyî les teûts, et totes les‿ôtès‿afêres"". ""Vs‿estoz bin grandiveûse, mu sonle-t i. Dju n' so nin sôdård come vos, mins i m' sonle ku c'est mi k' les djins respèt'tèt l' pus'"". Adon ariva on voyèdjeû, bin‿èwalpé è-n one neûre cote. I fzont l' èwadjeûre du saveûr kî parvinrè a lî fé wèster s' mousmint. C' est l' bîjhe k' ataca, hoûlant, soflant, sayant d' råyî lu caban. Mins l'ome nu fza ku su racafougnî, èt toûrner l' dos, po s' wèrander do sofla. Après tant d' fwèces, lu bîjhe vèya k'èle nu gangnrè. Çou ki fêt ku lu solo prinda s' toûr. Il ataca tot doûçmint, ses rês dmonont tènes. Çoula n' duna nole rèyaccion do voyèdjeû. Adon, i dva tchåfer pus', èt ses rês dumnont broûlants. Lu pôve voyèdjeû s' mèta a souwer èt rassouwer ; avou s' neûre cote, èco ! Vo l' la don ki n' pola pus sopwèrter l' tcholeûr du ç' maudit‿osté. Ku fza-t i ? I hina al tére su mousmint, su rassètcha l' vizèdje, bovant on ptit côp ; pwis rutapa so su spale lu cape ki l' aveût télmint dzôrmi. Èt i s' rumèta è vôye. Nos deûs compéres dvont tirer les conclûjons. Lu bîjhe duva rucnoxhe ku l' solo aveût gangnî.",Homme,586.4572361636862,1084.4029117760188,10.312929500342232,82.08999315537302,0
874,Spalbeek,Belgique,5.225126,50.948583,https://atlas.lisn.upsaclay.fr/sounds/Spalbeek.mp3,"Dë Noowdërweind ennë zon worrënins an' t diskëtteerë wiejë tër dë sterrëkstë van hun gëtwiejënë wor. Doobeijë arrëveerdë doowë në reezëgër be në wermë jâs ouwn. Zë kuumën eevërien da wiejë van hun gëtwiejjënë dën iestë wor diejë diejë reezëgër zennë jâs kos duun uiwëtduun dë sterkstë wor. Dë Noowdërweind bëgos tuun zuu hâd të bloazë as da tër mar kos, ma wei hâdër da tër blies, zuul të fellër troek diejë reezëgër zennë jâs ouwn. En obbëndiejr guuf dë weind dë pijjëp mar an mërtè. Ma tuun bëgós dë zon vollë pëtrol të schijnë, en doobijë troek die reezëgër zennë jâs drek uiwët. En zuu kuumët da dë Noowdërweind mòs tuiwgeejvë da dë zon dë sterrëkstë van hun gëtwiejënë wor.",Homme,686.42638785196,1258.0748625990113,11.286673511293635,80.72642710472279,0
875,Spontin,Belgique,5.005143,50.322495,https://atlas.lisn.upsaclay.fr/sounds/Spontin.mp3,"Bîje èt Solia astint à ignes èt à agnes, chaque di zèls deûs prétindant qu'il èsteut l' pus fwârt, quand tot d'on côp is vèyenu arivè d'au lon on voyadjeû ravôtyi dins on grand paltot. Is sont tchèyus d'acôrd po wadji qui l' preumî qu'arivreut à lî fè rôstè l' paltot sèrè wéti come li pus fwârt. D'on preumî Bîje s'a mètu a soflè di totes sès fwaces. Més à fêt qu'èle sofleut, li voyadjeû rissèreut s' paltot autoû d' li. Èt à l' difin, Bîje a du r'nonci à lî fè rôstè s' paltot. Adon Solia a c'minci à r'glati di sès pus fwârts. Èt i n'a nin falu longtimps po qui l' voyadjeû, tot r'chandi, si dismousse. C'èst-insi qui Bîje a du r'conoche qui Solia èsteut vrêmint li plus fwârt di zèls deûs.",Homme,860.1955200771944,1664.308985519206,10.65015742642026,82.43041067761807,0
876,sranan tongo,AGVoisin,-55.161135,5.830293,https://atlas.lisn.upsaclay.fr/sounds/sranan_tongo.mp3,"A winti nanga a son ben strei, suma fu den ben de a moro tranga wan. Lek' fa den ben kruderi, wan man sa waka kon san ben weri wan waran yas. A son nanga a winti meki sweri tak' a sma san mek' a kon so fara tak' a mek' a man puur' en yas, dat' bo de a moro tranga wan. Nang' ala en makti a winti bigin blo, ma o moro a ben blo o moro a man ben e tap' en yas, te nanga langa a winti no ben man moro. Baka dat' a son bigin pir' en tifi wan tron a man puur' en yas. Baka dat' a winti abi fu boigi en ede gi a son want a son ben de a moro tranga wan fu ala tu.",Femme,591.0873922596545,830.5338292745787,26.949657768651605,83.5131279945243,1
877,Stadskanaal,Deutschland,6.953183,52.992533,https://atlas.lisn.upsaclay.fr/sounds/Stadskanaal_Gronings.mp3,"De noordenwind en de zun waren aan t hikhakken over wel de staarkste van heur baaident was. Krek op dat moment kwam der n raaizeger over tou, dij n waame jaze aan har. Zai kwamen overain dat degene dij t eerst veur mekoar kreeg om zien jaze uut te doun, de staarkste wezen zol. De Noordenwind begon tou uut ale macht te bloazen, mor hou haarder e bluis, desto dichter trok de raaizeger zien jaze om zuk tou, in t leste gaf de Noordenwind t op. Votdoalek begon de zun krachteg te stroalen, en doarop dee de raaizeger vot zien jaze uut. De Noordenwind mos dou tougeven dat de zunne van heur baaident de staarkste was.",Homme,946.1593115880523,1373.2768779929627,10.614058863791923,83.70874743326489,0
878,Stavelot,Belgique,5.931667,50.394648,https://atlas.lisn.upsaclay.fr/sounds/Stavelot.mp3,"Lu bîhe èt l' solo su margayint, chasconk acèrtinant k'il èsteût l' pus fwart, cwand k'il ont vèyou on voyèdjeûr ki s'aminéve èwalpé duvins s' paletot. I s'ont mètou d'acward ku l' ci k'ariv'reût à fé boudji s' paletot â voyèdjeûr, sèreût vèyou come lu pus fwart. Adon lu bîhe s'a mètou à sofler du totes su fwace…Mins pus' èle sofléve, pus' lu voyèdjeûr rèssèréve su paletot atoû d' lu èt po fini, lu bîhe a r'nonci à lî fé waster. Adon, lu solo a k'minci à lûre èt après kéke timps, lu voyèdjeûr rèhandi a boudji s' paletot. Ça fêt, lu bîhe a d'vou ruk'noh ku l' solo èsteût l' pus fwart dès deûs.",Femme,564.8938264300432,1145.0807389800466,10.312929500342232,82.08999315537302,0
879,Steinfeld,Deutschland_SH,10.416666984558104,53.84999847412109,https://atlas.lisn.upsaclay.fr/sounds/Steinfeld.mp3,"De Noordwind un de Sünn de harrn en Striet, jüm wohl de meiste Knööv harr, as en Wandersmann in en dicken Rock vörbi keem. Se snack sik af, dat dejenige, de meist Knööv hett, de den Wandersmann to bröch den Rock uttotrecken. De Noordwind puus as dull, jedoch je düller he puust, ümso faster mök jüm den Rock to. Dohin hör de Noordwind op to puusten. Nu warmt de Sünn de Luft mit ehr fründlich Schien un no'n kotte Tiet treck de Wandersmann sien Rock ut. Do müss de Noordwind en bi geben, dat de Sünn doch de meist Knööv hett.",Femme,730.5167505830988,1401.5353484812724,9.896228610540724,84.12956878850103,0
880,Steinmaur,Suisse,8.455822,47.499997,https://atlas.lisn.upsaclay.fr/sounds/CH_Nordwind_Steinmaur.mp3,"De Nordwind und d Sune händ sich mal gschtrìtte, wele vo ine zwee de Schtèrcher isch. Da isch en Wanderer dehèèrchoo, won en waarme Mantel aagha hät. Si sind sìch dänn äinig woorde, das dää de Schtèrcher sii söli, wo s schafft, dass de Wanderer de Mantel abziet. De Nordwind hät wie veruckt plaaset, aber je mee er plaaset hät, deschto mee hät sich de Wanderer i sin Mantel iipackt. Äntli hät de Nordwind uffgèè. Drufabe hät d Sune mit irne fründliche Schtraale d Luft ufgwèèrmt und scho bald drufabe hät de Wanderer sin Mantel abzoge. Jetzt hät de Nordwind müese zuegèè, dass d Sune schtèrcher isch.",Femme,724.0734808773703,1379.8455077781573,9.93703627652293,81.94296372347706,0
881,Stexwig,Deutschland_SH,9.666666984558104,54.5,https://atlas.lisn.upsaclay.fr/sounds/Stexwig.mp3,"Eensmols kappeln sik Noordwind un Sünn, wokeen von de beid de annere över is. Do keem en Wannersmann den Weg langs, de harr en molligen Mantel ön. De beiden Stietköpp keem övereen, dat de för den Börgermann gellen schull, de den Wannersmann nötigen wörr sik den Mantel uttotrecken. De Noordwind weih nu mit aller Gewalt: ""Man, wenn i au je mal duller puusten dei, jeedet mool kroop de Wannersmann deeper in sien Entüch."" Toletzt geev de Noordwind den Kamp op. Nu keem de Sünn an de Reeg un se warmt de Luft mit ehr fründliche Strohlen so dull, dat de Wannersmann na kotte Tiet sien Mantel uttrecken dei. Nu müsse de Noordwind togeben, dat de Sünn starker weer as he.",Homme,544.8243871951022,813.2035034232381,9.89690622861054,85.5415537303217,0
882,Stoan Styrian,EU,15.693825,47.273629,https://atlas.lisn.upsaclay.fr/sounds/Anger_Styrian.mp3,"Muaz graft ho'm d'wind und d'sun, olli zwoa ho'bm gmuad er warad da'stiakste, gach hob'm se an zuwa'kemmand'n Louta in sei roajk gsegn. Groat hom se, doutzi wos z'erst m'Louta n'roak douna dua lost, d'stiakste warad. Oft'n ho't d'Wind auheibm mit olle schind'n blos'n, owa dej meer a blos'n ho't, ollewaeuij enga umadumzi zoui'gn ho't doutzi Louta n'roak. Ernta nochi ho't da'Wind aufgeb'm iam des donna z'dua olaxln. Oft'n ho't d'sun au'gfonga z'stroiej'n und doutzi aufg'woamte Louta ho't baklua sei roajk douna dau. Hiaz ho't d'wind zua'geb'm miassn, des d'sun da'stiakste warad.",Homme,648.2494771533496,1440.4015142984358,7.797905544147844,81.89715947980835,0
883,Stockerau,Allemagne,16.211094,48.386152,https://atlas.lisn.upsaclay.fr/sounds/Stockerau.mp3,"Ois a Wondera in sein Montl daherkuma is, hobm si Wind und Sun gstrittn. Jeda hot gmant er is da Stärkere. Se woan se einig dos der da Stärkere is, der in Wondera ois ersta sein Montl o'nimmt. Do hot da Wind vui stoak au'gfangt zu blosn und je mehr er blosn hot, desto mehr hot a sein montl zuazogn. Donn hot da wind aufgeb'm und davia is de sun aussakimma. Da Wondera hot sein Montl auszogn und da wind hot zuagebn dos de sun de Stärkere is.",Femme,672.0339024805764,1451.7800409118363,10.536502395619438,76.6529363449692,0
884,Stornoway,GB,-6.386685,58.208439,https://atlas.lisn.upsaclay.fr/sounds/Stornoway_Scottish_Gaelic.mp3,"Bha a' Ghaoth Tuath agus a' Ghrian a' deasbad cò bu làidire nuair a thàinig fear turais le cleòca blàth air. Dh'aontaich iad gur e am fear bu làidire am fear sin a bheireadh air am fear-turais a chleòc a chur dheth. An uairsin, shèid a' Ghaoth Tuath cho math sa b' urrainn dha ach, mar bu chruaidhe shèideadh e 's ann bu teanna bha am fear turais a' dèanamh a chleòca. Mu dheireadh, stad a' Ghaoth Tuath. An sin thàinig a' Ghrian a-mach, a' deàrrsadh gu blàth, agus thug am fear turais dheth an cleòca cho luath 's a ghabhas. Agus, mar sin b' fheudar dhan Ghaoth Tuath aideachadh gur e a' Ghrian a bu làidire dhan dithis.",Homme,757.1929482912607,1293.2706101555787,9.805119780971937,84.22657084188911,0
885,Stoumont,Belgique,5.781215,50.385033,https://atlas.lisn.upsaclay.fr/sounds/Stoumont_Rahier.mp3,"Lu bîhe èt l' solo su malacwèrdint tot d' hans onk èt l' ôte k' il èsteût l' pus fwèrt cwand k' i creûh'lint on voyèdjeû tot rafûlé èn-on pal'tot. I s' mètint d' acwèrd ku l' pus fwèrt sêreû lu prumî qui freu boudjî s' pal'tot â voyèdjeû. Adon l' bîhe sofla a bouhî tot djus, mins pus soflév'tèl, pus l' ome russèrév'ti s' pal'tot et po finî, lu bîhe lu lèya insi. Adon l' solo ataka à lûre èt après on moumint lu voyèdjeû, tot rèhandi, boudja s' pal'tot. C'è-st-insi ku l' bîhe fouri bin oblidji d' an'mète ku d' leû deûs c' èsteût l' solo l' pus fwèrt.",Homme,604.8302570892166,1062.8726263681492,10.312929500342232,82.08999315537302,0
886,Strackholt,Deutschland_OF,7.638888889,53.36777778,https://atlas.lisn.upsaclay.fr/sounds/Strackholt.mp3,"Vör lange, lange Tied harren de Noordwind un de Sünn sük in d´ Wull, well woll de Starkste van de beid weer, as daar en Wanderer mit en dicken Mantel vörbi kweem. Se enigen sük, dat de de Starkste weer, de de Wanderer daarto bringen dee, dat he sien Mantel uttruck. De Noordwind puusde un puusde, aver je mehr he puusden dee, umso dichter truck de Wanderer sien Mantel tosamen. Do geev de Noordwind up. Nu weer de Sünn an de Rieg un warmde de Luft mit sien Strahlen so düchtig up, dat dat gaar nich lang düren dee un de Wanderer sien Mantel uttruck. Daar muss de Noordwind togeven, dat de Sünn de Starkste van hör beiden weer",Homme,713.5931807113686,1708.0119733986724,10.637967145790554,84.19889801505818,0
887,Strasbourg,Allemagne,7.75,48.5833,https://atlas.lisn.upsaclay.fr/sounds/Strasbourg.mp3,"De Wind ùn d'Sònne hàn nit gewisst weller von de zwei d'stàrigschte esch. Dànn hàn se a Wànderer gsahne wie ànkomme isch mit 'm e Màndel àn. Sie sin d'accord wore dàs der wie àm erschte dem Mànn siner Màndel üszeje màcht, de stàrigscht isch. Dànn het de Wind ànfànge bloose, soviel wie mejlich, awer wie meh dàss'r gebloose het, wie meh het der Mànn siner Màndel zügemàcht ùn àm End het de Wind ùfghert. Dànn het d'Sònne ànfànge schine, ùn nòch ere Zit het der Mànn wie èndlich wàrm het g'het, siner Màndel üsgezöje. So het de Wind muen saawe dàss d'Sònne àm stärigschte isch.",Femme,743.8495615367494,1426.080827452897,11.28151266255989,77.60385352498288,0
888,Stuhr,Deutschland_OF,8.731651474528196,53.02761149529023,https://atlas.lisn.upsaclay.fr/sounds/Stuhr.mp3,"Eenst streern sik Noordwind un Sünn, wer von jem beiden woll de Starkste weer, as en Wandersmann, de in en warmen Mantel hüllt weer, den Weg langs keem. Se wurrn sik enig dat dejenige as de Starkste gellen scholl, de den Wandersmann twingen wöör, sienen Mantel uttotehn. De Noordwind blaas mit alle Macht, aber je mehr he blaas, je faster hüll sik de Wandersmann in sienen Mantel in. To goter Letzt geev de Noordwind den Kampf ap. Nu warmde de Sünn de Luft mit ehre fründlichen Strahlen, un na enige Ogenblicke, toog de Wandersmann sienen Mantel ut. Do moss de Noordwind togeben, dat de Sünn von jem beiden de Starkste weer.",Femme,743.9924829368535,1494.9195527725658,10.297898699520875,83.78291581108829,0
889,Süderhastedt,Deutschland_SH2,9.204755,54.0492,https://atlas.lisn.upsaclay.fr/sounds/Suderhastedt.mp3,"Vörn lange Tiet mol do kregen de Noornwind un de Sünn sik mächtig in de Wull. Dat gung dorum wokeen von de beiden wohl am meisten Knööv hett. Jüst do keem een Wandersmann vörbi, de een dicken warm Mantel an harr. Do wurrn de beiden sik enig, dat dejenige am meisten Knööv hett, de trech keeg, dat de Wandersmann sien Mantel uttrecken deit. Nu fung de Noornwind düchtig an to pusten, ober je düller he pusten dee, umso mehr knoip de Wandersmann sien Mantel dicht. Opletzt geev de Noordwind op un de Sünn weer an de Reeg. De Sünn mook de Luft mit ehr fündlichen Strohlen denn ok gau recht warm un dat duurt nich lang, do trock de Wandersmann sien dicken Mantel ut. Nu muss de Noornwind togeben, dat de Sünn vun de beiden doch de meisten Knööv hett.",Homme,575.6459770953142,1213.769609889313,9.9439151266256,85.03110882956878,0
890,Süderrade,Deutschland_SH,9.350000381469728,54.18333435058594,https://atlas.lisn.upsaclay.fr/sounds/Suderrade.mp3,"Vör kotte Tiet kreg sik de Noordenwind un de Sünn in de Wull, wer von de beiden kräftiger weer, as een Wandersmann, de in een warm Mantel den Weg lang keem. Se keem övereen, dat dejenige mehr Kraft harr, de den Wandersmann dorto kriegen kunn, den Mantel uttotrecken. De Noornwind bloos bannig un dull, overs je mehr he dat dee, umso mehr hüll sik de Wandersmann in sien Mantel in. De Noornwind kunn ni mehr un geev op. Nun keem de Sünn un hett de Luft mit fründlichen Strohlen umarmt un opwarmt. Un dat dee he so lang, dat de Wandersmann sien Mantel uttrock. Nu muss de Noornwind togeben, dat de Sünn mehr Kraft harr un somit von beiden de Stärkste weer.",Homme,738.6038777547244,1473.7499217241607,9.9439151266256,85.03110882956878,0
891,Sülfeld,Deutschland,10.230786,53.800398,https://atlas.lisn.upsaclay.fr/sounds/Sulfeld.mp3,"Dat is al en ganze Tiet her, as de Noordwind un de Sünn sik düchtig streden. Beide meen den mehrsten Knööv to hebben. Mit eens seh'n se, dat en Wannersmann jem in 'e Mööt keem. De Kerl harr en dicken warmen Mantel an un so wörrn de beiden sik bannig gau enig: Keen de Wannersmann dwingen wörr, sien Mantel uttotrecken, sull von jem beiden de Starkere ween. De Noordwind füng fuurts an to blosen. He bloos un bloos, man je duller he bloos, umso faster kuschel sik de Wannersmann in sien Mantel. No een heel lange Tiet geev de Noordwind op. He kunn eenfach nich mehr. Nu warmte de Sünn mit ehre fründlichen Strohlen de Luft. Al no wenige Ogenblicke trock de Wannersmann sien Mantel ut. He keem reinweg int schweten. Do müss de Noordwind jo togeben, dat de Sünn veel mehr Knööv harr un veel starker weer as he.",Femme,578.3742383124091,1359.272358017586,9.797809719370294,84.46609856262833,0
892,Sulgen,Suisse,9.183376,47.539865,https://atlas.lisn.upsaclay.fr/sounds/CH_Nordwind_Sulgen.mp3,"De Nòrdwind und d Sune — De Nòrdwind und d Sune hènd ämòl drüber gschtritte, wèèr vo ine bäidne wool de Schtèrcher isch, wo en Wanderer dehèèr cho isch, wo in en waarme Mantel ghüllt gsi isch. Si sind sich äinig wòòrde, das dèè als de Schtèrcher gilt, wo de Wanderer cha zwinge, sin Mantel abztue. De Nòrdwind hèt mit aller Chraft plòòset, aber je mee èr plòòset hèt, desto feschter hèt sich de Wanderer ì sin Mantel iigwicklet. Schlussèndli hèt de Nòrdwind de Kampf ufggee. Jetzt hèt d Sune mit irne fründliche Straale d Luft erwèrmt. Und scho noch wenige Augebligg hèt de Wanderer sin Mantel abtue. Dò hèt de Nòrdwind müese zuägee, dass d Sune di schtèrcheri vo ine bäidnen isch.",Femme,755.5835717713073,1580.3353033815038,9.397522245037646,81.03323750855579,0
893,Surcasti,Suisse,9.177375,46.696512,https://atlas.lisn.upsaclay.fr/sounds/CH_Nordwind_Surcasti.mp3,"L'aurasut ed il sulegl — Inaga sescagnavan l’aurasut ed il sulegl, tgeinin dad els dus che seigi tgisà il ferm, cu ch’in viandont, cun en in cauld manti, ei vegnius neutier. Els ein vegni perina ch’il ferm seigi quel che vegni da far trer ora il viandont siu manti. L’aurasut ha suflau cun tutta forza, mo dapli ch’ella suflava e pli fetg ch’il viandont sezugliava en siu manti. La finala ha l’aurasut dau si il cumbat. Uss ha il sulegl scaldau l’aria cun ses radis migeivels e schon suenter in cuort mument ha il viandont tratg ora siu manti. Cheu ha l’aurasut stuiu dar tier ch’il sulegl seigi il ferm dad els dus.",Femme,671.4732944449544,1197.866255703677,1.754031485284052,84.94392197125258,1
894,Súria,Espagne,1.752414,41.83217,https://atlas.lisn.upsaclay.fr/sounds/Suria.mp3,"El vent i el sol discutien, cadascun assegurant que era més fort que l'altre, quan van veure un viatger que passejava abrigat amb la seva jaqueta. Van acordar que el primer que aconseguís fer-li treure la jaqueta al viatger seria el més fort. Llavors, el vent es va posar a bufar amb totes les seves forces, però com més bufava, més s'abrigava el viatger, fins que al final el vent va haver de deixar-ho estar. Aleshores, el sol va començar a brillar, i al cap d'una estona, el viatger, acalorat, va treure's la jaqueta. I així doncs, el vent va haver de confessar que el sol era el més fort dels dos.",Homme,682.2575965937926,1439.5393418360943,13.539493497604381,67.06679671457906,0
895,Surzhyk,EU,29.439473,49.001628,https://atlas.lisn.upsaclay.fr/sounds/Dashiv_Surzhyk.mp3,"Північний вітер і сонце поспорили, хто з них сильніше І тут мімо проходила людина в теплій шубі.Вони рішили, шо той, хто перший заставе людину зняти шубу, буде щитатися самим сильним. Північний вітер задув із всіх сил,но чим більше він дув, тим плотніше куталась людина в свою шубу. Так шо,північний вітер насилу здався. Тоді вийшло сонце і освітило все навкруг таким теплим і ласкавим світлом, шо людина тут же скинула шубу. І прийшлося північному вітру признати, шо сонце сильніше його.",Femme,496.6886495182324,629.7529305295812,9.191122518822723,76.44466119096509,0
896,Süsel,Deutschland,10.698709,54.082726,https://atlas.lisn.upsaclay.fr/sounds/Susel.mp3,"De Noordwind un de Sünn hebbt sik vör lange Tiet eenmol dropen un sik forchtbar streden. Se wulln sik mol testen: keen von uns is woll de Stärkste? En öllerigen Mann kööm em grood in 'e Mööt. He harr en groten, oolen, dicken Mantel an. Nu ward se sik enig: wer kann von uns als ersten den oolen Menschen dortau bewegen, dat he den dicken Mantel uttreckt? De Noordwind fangt nu an mit sien ganze Knööv an to puusten, doch de Mann de höllt sich fast an een dicken Boom. Doch grood to rechten Tiet kümmt de leefe Sünn ut de dicke Wolk. De Sünn de schien so warm, dat de Mann anfang to sweten un sik den dicken Mantel von Lief ritt. De Noordwind gratuliert de Sünn, dat se de Stärkere weer.",Femme,537.2065637123059,597.3754254213823,9.896228610540724,84.12956878850103,0
897,Sussat,Croissant,3.064042,46.152552,https://atlas.lisn.upsaclay.fr/sounds/Sussat.mp3,"La bise e le solelh se disputavan, chascun disant qu'aul eiá le pus fòrt, quant ilhs vegeton un voiajaor que s'avinçava, plijat dins son manteu. Ilhs s'acordeton per que quau qu'arriveriá le promier a foaire dostèr son manteu au voiatjaor siá gueiitat c'ma le pus fòrt. Alòrs, la bise se metèt a bofèr de tute sa fòrce, mès pus 'la bofava, pus le voiatjaor sarrava son manteu autorn de se e a la fin, la bise renoncèt a lo le foaire dostèr. Alòrs le solelh c'mencèt a raièr e au bot d'un m'ment, le voiatjaor, reschandit, dostèt son manteu. Coma aquò que la bise duvèt reconeistre le solelh c'ma aquò qu'eiá le pus fòrt daus dos.",Homme,670.0402926160091,1534.0772463629087,11.547987679671458,76.3529158110883,0
898,Süstedt,Deutschland_OF,8.919692574146605,52.86079728194917,https://atlas.lisn.upsaclay.fr/sounds/Sustedt.mp3,"Less hebbt sik Noordwind un Sünn streern, wer von jem beiden woll de Stärkere wöör, as en Wannersmann, de in en warmen Mantel inpackt wöör, den Weg rindal kööm. Se hebbt sik enigt, dat dejenige as de Stärkere gellen schöll, de den Wannersmann twingen döö, sienen Mantel aftonehmen. De Noordwind puust mit alle Macht, ober je doller he puusten döö, desto faster dreihde sik de Wannersmann in sienen Mantel in. Endlich geev de Noordwind Bott. Nu warmde de Sünn de Luft mit ehre fründlichen Strohlen un al na en poor Ogenblicke töög de Wannersmann sienen Mantel ut. Do möss de Nordwind togeben, dat de Sünn von jem beiden de Stärkere wöör.",Femme,642.4568451085945,1524.304932734827,10.297898699520875,83.78291581108829,0
899,Swabian,EU,9.30324,48.738316,https://atlas.lisn.upsaclay.fr/sounds/Esslingen_Swabian.mp3,"Nordwẽd ond Sonn hend sich ãmål gs̆dridda, wär vo ẽne båe-de der S̆dergere wär, må on Wanderer, en on warma Mandl aegwiggled, saes Wäags dorhärkomma isch. Se send sich aenich wårda, dass der säll firr der S̆dergere gälda soll, där må der Wanderer zwenga kẽd, saen Mandl aus-zommzia. Der Nordwẽd håd nå midd äller Gwald blåsa. Aber je mae-or blåsa håd, omso mae håd sich der Wanderer en saen Mandl aegwiggled. Schliaslich håd der Nordwẽd der Kampf uffgäa. Nå håd d Sonn d Luufd mid ire fraendliche S̆draala gwermd, ond schao nåch weniche Aogabligg håd der Wanderer saen Mandl auszoga. Då håd der Nordwẽd zugäa miasa, dass d Sonn vo ẽne båede der S̆dergere gwäa isch.",Homme,764.6907700122318,1259.0679175404425,9.56318275154004,80.98247775496235,0
900,Székely Hungarian,EU,25.290589,46.306226,https://atlas.lisn.upsaclay.fr/sounds/Odorheiu_Secuiesc_Szekely_Hungarian.mp3,"Egyszer a nap és az északi szél azon vitatkoztak, hogy melyikük erősebb, mikor megjelent egy vastag kabátba burkolózott vándor. Megegyeztek, hogy amelyikük hatására a vándor hamarabb leteszi a kabátját, az számít erősebbnek. Az északi szél olyan erősen kezdett fújni ahogyan csak bírt. De minél erősebben fújt, a vándor annál erősebben húzta össze magán a kabátját. Végül a szél feladta. Utána a nap kezdett olyan erősen sütni, hogy a vándor azonnal letette a kabáját. Igy történt hogy a szélnek el kellett ismernie, hogy kettőjük közül a nap az erősebb.",Homme,756.7723723739854,1534.3925300500916,9.316954140999316,76.686810403833,0
901,Tabant,Maroc,-6.413515,31.658201,https://atlas.lisn.upsaclay.fr/sounds/Tabant.mp3,ⵜⴰⴼⵓⴽⵜ ⴷ ⵓⵚⵎⵎⵉⴹ ⴰⵔ ⵜⵜⵏⴰⵖⵏ. ⴰⵛⴽⵓ ⴽⵓⵢⴰⵏ ⴳⵉⵙⵏ ⵉⵏⵏⴰⵙ ⵉ ⵡⴰⴷⴰ ⵏⴽⴽⵉⵏ ⴰⴽⴽ ⵉⵏⵔⴰⵏ. ⵥⵔⴰⵏ ⵢⴰⵏ ⵓⵔⴳⴰⵣ ⵉⴷⴷⴰⴷ ⵉⵖⵏⵙ ⴰⵥⵏⵏⴰⵕ. ⵎⵉⵜ ⴳⵉⵙⵏ ⴰⵢⵖⵉⵏ ⴰⴷⴰⵙ ⵉⴽⴽⵙ ⴰⵥⵏⵏⴰⵕ. ⵀⵉⵢⵢⴰ ⵏⵜⵜⴰ ⴰⵢⵃⴰⵔⵛⵏ.  ⵉⴷⴷⴰⴷ ⵍⵓⵇⵜ ⵏ ⵓⵚⵎⵎⵉⴹ. ⴰⵔ ⵉⵜⵜⵚⵓⵟ ⵉ ⴱⵓ ⵓⵥⵏⵏⴰⵕ. ⴰⵔ ⵉⵜⵜⵚⵓⵟ ⴰⵔ ⵉⵜⵜⵚⵓⵟ ⴰⵔ ⵉⵜⵜⵚⵓⵟ ⵡⴰⵍⴰⴽⵉⵏ ⴱⵓ ⵓⵥⵏⵏⴰⵕ ⵉⴽⵓⵎⵛ. ⴰⵚⵎⵎⵉⴹ ⵚⴰⴼⵉ ⵉⵡⵃⴰⵍ. ⵜⴰⴷⴷⴰⴷ ⵍⵓⵇⵜ ⵏ ⵜⴰⴼⵓⴽⵜ. ⵜⴰⴼⵓⴽⵜ ⵜⵔⴰ ⴰⴷ ⵜⵙⵙⵔⵖ ⵍⵓⵇⵜ. ⴰⵔⴳⴰⵣ ⵍⵍⵉⵖ ⵉⵏⵖⴰⵜ ⵍⵃⵎⴰ. ⵉⴽⴽⵙ ⴰⵥⵏⵏⴰⵕ ⵉ ⴳⵔⵉⵙ. ⵜⵉⴳⵉⵔⴰ ⵜⴰⴼⵓⴽⵜ ⵜⵏⵔⴰ ⵉ ⵓⵚⵎⵎⵉⴹ.,Femme,730.061106323844,1220.8104612717812,13.829582477754963,44.5447227926078,0
902,Tadighoust,Maroc,-4.964432,31.829461,https://atlas.lisn.upsaclay.fr/sounds/berbere_tamazight.mp3,"tifinagh      alphabet latin  ⴰⵣⵡⵓ ⵉⵇⵔⴼⵏ ⴷ ⵜⴰⴼⵓⵢⵜ ⴷⴰⵢⵎⵏ ⴷⴰⵜⵏⵏⴰⵖⵏ.ⴽⵓ ⵢⵓⵡⵡⵏ ⴷⴰⵢⵜⵜⵉⵏⵉ ⵏⵜⵜⴰ ⴰⵢⴷ ⵉⵇⵙⵃⴰⵏ.ⵏⵏⵉⴴ ⴰⵏⵏⴰⵢⵏ ⵢⵓⵡⵡⵏ ⵓⵔⵢⴰⵣ ⵉⵏⵙⴰ ⵍⴽⴱⴱⵓⵟ ⵏⵏⵙⵎⵜⴰⴼⴰⵇⵏ ⵓⵏⵏⴰ ⵜⴰⵢⵓⴵⴵⵏ ⴰⴷⵉⴽⴽⵙ ⵍⴽⴱⴱⵓⵟ ⵏⵏⵙ ⴰⵢⴷ ⵉⵙⵊⴰⵀⴷⵏⵙⴰⴼⵉ, ⵉⴱⴷⴰ ⵓⵣⵡⵓ ⵉⵇⵔⴼⵏ ⴰⵔ ⵉⵚⵓⵟⵓ ⵙ ⵍⵊⴰⵀⴷ ⵏⵏⵙⵡⴰⵍⴰⵢⵏⵏⵉ, ⴽⵓ ⴷⴰⵢⵚⵓⵟⵓ, ⴽⵓⵢ ⴰⵕⵢⴰⵣ ⴷⴰⵢⵜⵣⵢⵢⴰⵔ ⵍⴽⴱⴱⵓⵟ ⵏⵏⵙ ⵖⵉⴼⵙ.ⴰⵎⴳⴳⴰⵔⵓ, ⴰⵣⵡⵓ ⵉⴴⴰ ⴱⵏⵏⴰⵇⵙ.ⵉⵡⴰ, ⵜⴰⴼⵓⵢⵜ ⵜⴱⴷⴰ ⴰⵔⵜ ⵙⴼⵉⴽⴽⵉⵜ.ⴰⵕⵢⴰⵣ ⵉⵃⵎⴰ, ⵉⴽⴽⵉⵙ ⵍⴽⴱⴱⵓⵟ ⵏⵏⵙ.ⴷⵉⵏⵏⴰⵅ, ⴰⵣⵡⵓ ⵉⵙⵙⵏ ⵉⴷ ⵜⴰⴼⵓⵢⵜ ⴰⵢⴷ ⵉⵊⵀⴰⴷⵏ.                       azwo iqerfan d tafoyt daymen deytnaɣen.ko yuwwen day-ttini netta ayd iqs ḥan.nnigh annayn yewwen oṛyaz insa lkabboṭ nnesmtafaqen onna tayodjdjen adikks lkabboṭ nnes, ayd ijahdensafi ibda ozwo iqerfan ar-iṣoṭo s lejahed nnes walaynni, ko dayṣoṭo, ko-y aṛyaz daytzeyyar lkebboṭ nnes ɣifesameggaro, azwo igha bennaqesiwa, tafoyt tebda art sfikkitaṛyaz iḥma, ikkis lkebboṭ nnesdinnakh, azwo issen id tafoyt ayd ijhaden",Femme,636.2699083782517,1148.8664063070214,15.753004791238878,43.722854209445586,0
903,Tafers,Suisse,7.216703,46.814685,https://atlas.lisn.upsaclay.fr/sounds/CH_Nordwind_Tafers.mp3,"D Bisa ù d Sùna — D Bisa ù d Sùna hì amau es Gschtǜǜrm ghääbe, wär vo ììne di Schteercheri sigi. Da isch grad e Wanderer cho lùùffe, wo ima waarme Mantù iipackta gsii ìsch. Sì hì abgmacht, dass dia di Schteercheri sigi, wo dä Wanderer dezue brìngi, si Mantù abzzie. D Bisa hèt afa blaase ù blaase, aber je mee dass si gchuutet hèt, desto föschter hèt sich de Wanderer ì si Mantù iighùschelet. Schliesslich hèt d Bisa de Kampf ufggää. Itz hèt d Sùna di ganzi Lùft mit ììras aagnääme Schtraale ufgwäärmt ù ì chǜǜrzeschter Zit hèt de Wanderer si Mantù abzòge. Ja, da hèt d Bisa müesse zuegää, dass d Sùna di Schteercheri vo ììne zwǜǜne sigi.",Homme,829.9451683482062,1512.0476401480105,9.626475017111568,78.46143052703627,0
904,Tagherdaït,Algerie,3.669005,32.485627,https://atlas.lisn.upsaclay.fr/sounds/berbere_mozabite.mp3,"Iggen wass, tfuyt d waḍu asemmaḍ menɣen, ač iggen yeqqar netta d azimer, d netta ad yerna, si regben iggen umsikel yus-d yireḍ abeṛnus. Mfahamen wenni ad as-t-yettes d amezwar d natta yerna. Iziɣ, yeččer waḍu yeccat s wayen i inejjem, ač tiččelt ad yewwet, amsikel-nni yetteṭṭef abeṛnus-s ikemmec ujar, wel inejjem waḍu as-t-yettes. Tus-d ddalet n tfuyt, tuli-d, ammu bessi amsikel-nni yezɣel yettes abeṛnus-s. Dinni aḍu asemmaḍ yessen, iqerr s tfuyt d nettaha terna.",Homme,706.4953578534106,1554.4432151721414,21.857323750855578,35.62767282683094,0
905,tahitien,PF,-149.5696,-17.535,https://atlas.lisn.upsaclay.fr/sounds/tahitien.mp3,"[I te hō'ē mahana,] tē tātama'i noa ra 'o Mara'amu 'e 'o Mahana, fa'ateniteni noa ai 'o vai rā te mea pūai a'e. 'Ite mai ra rāua i te tahi rātere i te haerera'a mai 'e tōna perēue māhanahana. Fa'aau iho ra rāua ē, hō'ē o rāua e roa'a iāna 'ia tātara te rātere i tōna perēue, 'ōna īa te mea pūai roa a'e. Farara 'ū'ana iho ra 'o Mara'amu 'e 'a pūhi noa ai, pūpuni roa a'e ra te rātere i roto i tōna perēue, 'e 'aita ihoā, fa'aea iho ra 'o Mara'amu. Ahu mai ra 'o Mahana 'e nō te rahi o te ve'ave'a, tātara iho ra te rātere i tōna perēue. Ta'a roa a'e ra ia Mara'amu ē, 'o Mahana ihoā te mea pūai roa a'e.",Femme,563.4162884132757,696.2947751210223,26.213655030800822,79.2795961670089,1
906,tahitien (reo Maupiti),PF,-152.24903,-16.44937,https://atlas.lisn.upsaclay.fr/sounds/tahitien_(reo_Maupiti).mp3,"Kē 'aimārō noa ra 'o Arupā 'e 'o Mahana, fa'akiekie noa ai 'o vai ke mea pūai a'e i roko ia rā'ua. 'E ina'a, kē ite aku nei i te tahi rākere i te haerera'a mai ko roko i tona pereue māhanahana. Fa'aau iho ra rā'ua ē, hō'ē noa aku o rā'ua e makara ia na te pereue o ke rākere, 'ona īa ke mea pūai a'e. Farara 'ū'ana ihora 'o Arupā. Pūai noa aku ā kana pupuhi, rahi noa ako'a aku ā te rākere i te mohi i roko i tona pereue māhanahana. 'E i te pae hōpe'a, fa'aea noa aku ra 'o Arupā. Ha'amaka a'e nei 'o Mahana i te ahu mai. 'E 'ia kae i te hō'ē taime, 'ua mahanahana ke rākere, makara a'e nei te pereue. I reira noa, fa'ari'i aku ra 'o Arupa ē, 'o Mahana ke mea pūai a'e i roko ia rā'ua.",Femme,575.3593261566715,837.3513695790418,26.97752908966461,79.35716632443533,1
907,Talencieux,Croissant,4.77643,45.221829,https://atlas.lisn.upsaclay.fr/sounds/Talencieux.mp3,"La bisa e lu surelh se bigornavan, chascun disiá qu'èra le plus fòrt, quand veguèran un rotlant que s'adusiá, paquetat dins son mantòl. Tombèran d'acòrd que quelu qu'arrivará lo promeir a li faire quitar son mantèl seriá reconeissut coma lu plus fòrt. Alòrs la bisa se metèt a bofar tant que poviá mès mai bofava, mai lu rotlant sarrava son mantèl sus son ventre qu'a la fin la bisa calèt. Alòrs lu surelh comencèt a chaufar e au bot d'un moment, lu rotlant, eschaufat, quitèt son mantèl. Com' iquò la bisa a reconeissut que le surelh èra le plus fòrt daus dos.",Homme,560.6061526692079,832.304324827453,12.670232717316905,74.94019849418207,0
908,Tánger,Maroc,-5.822059,35.762175,https://atlas.lisn.upsaclay.fr/sounds/Tanger.mp3,"El viento de safón y el sol ḥokkeaban pa saber quién y quién de los dos era el más sḥeḥ, del mazzal pasó un sajén, ḥozzeado en un sulĥam qade un 'olam. Lo shaurearon y shartearon que el primero que ĵiffeara al viajero ḥatta que se quitara el sulĥam, dirán que ése tendría más gueburá. El viento de safón se puzzo, yal.la, sopla que te sopla, ma cuantimás soplaba, más se daḥseaba el amargo del sajén en el dichozzo sulĥam, wa ba'adá el viento de safón se qanteó de tanta soplina. ‘Ad brilló el sol, y le shshueó, dirás la qaila, i biĥa-biĥa se shenshleó el sulĥam el viajero, y ansina el viento de safón bezzez menén agashó la cabesa diziendo que el sol tenía muncho más poder.",Femme,665.569255170782,1386.8104649571808,18.839568788501026,77.70142368240931,0
909,Tangstedt,Deutschland_SH,10.088013,53.732538,https://atlas.lisn.upsaclay.fr/sounds/Tangstedt.mp3,"Eenst stroben sik Noordwind un de Sünn. Se striden sik wer woll de Starkste weer, as een Wannersmann, de een warm Mantel anhett, so dorherkeem. Se weern sik beide enig, dat dejenige för den Starken holen schall, de den Wannersmann ut sien Mantel trecken kunn. De Noordwind blies mit aller Macht, aber je mehr he bliesen dee, desto faster hüllt sik de Wannersmann in sien Mantel in. De Noordwind geev den Kampf op. Nun weer de Sünn mit den warm Strohlen an de Reeg un nach enigen, wenigen Ogenblicken treck sik de Wannersmann sien Mantel ut. Do müss de Noordwind togeben, dat de Sünn mehr Macht harr.",Femme,711.7471412970573,1043.1883131953289,10.025256673511294,83.39663244353183,0
910,tapiete,Bolivia,-63.46194727917712,-21.26354214672608,https://atlas.lisn.upsaclay.fr/sounds/tapiete.mp3,"Ɨguɨtu roguai guasu jandi kuarasi, pente ara iyaka nda yɨre ïära mbaiguara mas seteite pɨranta gua, jasa nda pente mbiviaja igua ñɨmama kagui i pɨgua yɨ tɨru. Jama jei nda iyupe reta tinonde mbi oaka shigua mbiviaja igua yɨ tɨru, jae po kui mas seteite pɨrantagua. Jama, ɨguɨtu roguai guasu mbiyɨpɨ nda peyu opaite ñɨpɨranta ka pe. Kati mas jinantu peyura mbiviaja igua mas nda jɨnantu pɨsɨ yɨtɨru; hasta que ɨguɨtu ñɨ mishi. Jama, kuarasɨ mbiyɨpɨ jimbipe opaite yɨ guera kue pɨ, tinga arakukue reje mbi viaja igua jekɨ nda iyujui yɨ tiru. Kɨra kogua reje ɨguɨtu roguai guasu kua kuarasɨ yɨ sete pɨranta kue.",Homme,574.7702022040705,586.3636463399348,22.682477754962353,57.2666598220397,0
911,Tarmstedt,Deutschland_OF,9.085080023521003,53.222528574629145,https://atlas.lisn.upsaclay.fr/sounds/Tarmstedt.mp3,"Een Tied hefft sik Noordwind un Sünn streern, wokeen von jem beiden de Starkere ween schull, as en Wannersmann, de in en warmen Mantel inpackt weue, den Weg langskööm. Se weun sik enig, dat de de Starkere ween schull, de den Wannersmann dorto kriegen dee, sien Mantel uttotehn. De Noordwind puust mit all sien Macht, bloß je düchtiger he puusten dee, je faster pack sik de Wannersmann in sien Mantel in. Endlich geev de Noordwind den Wettstried op. Nu möök de Sünn mit ehre fründlichen Strohlen de Luft warm und al no en korten Ogenblick töög de Wannersmann sien Mantel ut. Dor müss de Noordwind togeben, dat de Sünn von jem beiden de Starkere weue.",Femme,754.7497758420009,1234.2321419657956,10.249568788501028,83.03160164271047,0
912,Tating,Deutschland_SH,8.716666221618652,54.33333206176758,https://atlas.lisn.upsaclay.fr/sounds/Tating.mp3,"Vör lange Tiet hebt de Noordwind un de Sünn sik mol beten streden, wer von de beiden wohl de Starkste weer. Un denn keem dor een Lööper lang de Wegs, de weer in so 'n warme dicke Mantel und do wurrn se sik eni, dat dejenige för de Starkste ween schull, de de Lööper dwingen wää, dat he sien Mantel uttrecken dee. De Noordwind fung an un bloos mit alle Macht, ober je mehr he blosen dee, desto faster wickelt de anner sik in sien Mantel in. Toletzt geev de Noordwind de Kampf op und nu keem de Sünn an. De warmte de Luft so dull mit ehr fründliche Strohlen un na wenige Ogenblicken trock se de Lööper sien Mantel ut. Do muss de Noordwind togeben, dat de Sünn von se beide de Starkste weer.",Femme,801.1227968923691,1319.646216024245,10.245530458590006,85.69598220396989,0
913,tawahka,AG,-84.979438,14.960428,https://atlas.lisn.upsaclay.fr/sounds/tawahka.mp3,"Mapiwadah Wing dawak Mâ karak yulkau kalbabawa dai, bupak kaupak andik kidik baisa parasni pah, kaunah tâ munah pâ uk kiwa muinh as asna surumh bayakwalik kat yuyulna. Andik kidik pas kalyamwak asnina kalmukwi kiwa kidik bukwarang kat kidik kau parasni ki. Kapat bangh Mapiwadah Wing kidik rait min kalawak wauhna, Bik, kau parasni kalawa yak. Muih al kidik kau parasni asnina yak laihna, Mapiwadah wing kidik sip awas dana kat. Mâ dai kidik parasnini ul buswak al dai kidik bainh palni asnina bik daih yakna. Kaput bangh Mapiwadah Wing kidik amanglana dai Mâ parasnini di kasuk kidik.",Homme,820.7809318269157,1336.6170323352126,24.77215605749487,84.16463381245723,0
914,tayo,WorldMap,166.568144,-22.265854,https://atlas.lisn.upsaclay.fr/sounds/tayo.mp3,"Du vent pi soleil da bat, da chacun dit que c'est lia plus fort. Wala que sa wa un voyageur lé vient ave jaket plia. Da dit comme ça que ""premier sa lé réussi ou fait tirer jaket ou voyageur la, ba c'est lia plus fort"". Ça fait que du vent la ké souffler soufller allé su voyageur la. Mais lia la tchou tchambo bien jaket plia. Awa ! Pas moyen ou fait tirer jaket la. Wala que c'est tour ou soleil. La ké chauffer chauffer. La ké fait ou voyageur la lé choper chaud, jusqu'à que la obliger ou tirer jaket plia. Ka du vent lé wa que soleil le réussi ou fait tirer jaket la, la obliger dit que c'est soleil plus fort.",Homme,562.335328950802,1118.9343430271472,23.771882272416153,78.10245037645448,0
915,tayo,NCWF,166.568144,-22.265854,https://atlas.lisn.upsaclay.fr/sounds/tayo.mp3,"Du vent pi soleil da bat, da chacun dit que c'est lia plus fort. Wala que sa wa un voyageur lé vient ave jaket plia. Da dit comme ça que ""premier sa lé réussi ou fait tirer jaket ou voyageur la, ba c'est lia plus fort"". Ça fait que du vent la ké souffler soufller allé su voyageur la. Mais lia la tchou tchambo bien jaket plia. Awa ! Pas moyen ou fait tirer jaket la. Wala que c'est tour ou soleil. La ké chauffer chauffer. La ké fait ou voyageur la lé choper chaud, jusqu'à que la obliger ou tirer jaket plia. Ka du vent lé wa que soleil le réussi ou fait tirer jaket la, la obliger dit que c'est soleil plus fort.",Homme,562.335328950802,1118.9343430271472,23.771882272416153,78.10245037645448,0
916,teko,AG_Guyane,-53.910333,3.399757,https://atlas.lisn.upsaclay.fr/sounds/teko.mp3,"Ike mɨnanam wɨtu o'o l am kwala'ɨ kom o dzeytɨg, o dze mõ kakasi ã'hãg. Ko ran'ĩ dzebulupa o dze ñu wan katu, o kwañ ma'ẽ rehene o ma eñ. O dzemo awu ẽdũg : dzebulupa o wɨlu hog ɨpɨ ma'ẽ ate ɨwɨle'e i kasi tat, e iñ. Ko ran'ĩ, djɨ wɨtu a'ɨ nẽ o dzemo kasi. O dzemo kakasi pɨli ne dzepe, dzebulupa o dzeñuwan ñuwan a pɨlɨ ne. A'ewi abɨt, i djɨ wɨtu pig. Kwala'ɨ e kwöt o dzemo aku, hi'ãhã nawe akɨwɨt dzebulupa lehe o dze ɨɨu hog. ""A ! ẽnde ane ɨwɨ lehe nde kasi"", e'i wɨtu kwala'ɨ pe.",Homme,716.1714556234951,1234.5316990341826,26.26214236824093,80.57379876796715,1
917,Tellin,Belgique,5.220159128566898,50.08494305701628,https://atlas.lisn.upsaclay.fr/sounds/Tellin.mp3,"Li bîje èt l' solê, i s' dispètrognint. Onk èt l'ôte, i dijot : ""c'est mi l' pus fwârt"". Il ont vèyu ène djin k'arivot, ravôtchîye dins on grand caban. Il ont gadjè ki l' cî ki lî frot rsatchî s' caban, ça srot li ki srot rwêtî come li pus fwârt. Adon, c'èst l' toûr do solê. Èle chofule ostant k'èle put. Mês pus çk'èle chofule, pus çki l' ome si rascrapote dins s' caban. Ça fêt ki l' bîje a lèyî tumer les brès. Adon, c'èst l' toûr du solê. Il a cmincè a lûre, k'i fujot pètant d' tchôd. L'ome a cmincî a souwè des gotes come des ptits pwès. A ç' momint la, il a tapè s' caban su si spale. Al fin des fins, li bîje a dèvu rconuche ki l' solê astot l' pus fwârt di zels deûs.",Femme,572.1374626011939,1364.0509078910331,10.144277891854895,82.97253935660507,0
918,Terneuzen,Belgique,3.831749,51.331537,https://atlas.lisn.upsaclay.fr/sounds/Terneuzen_Henk.mp3,"De noordenwind en de zonne aoden een bitje ruzie over de vraog wien van udder beien de sterksten was. Sjuust op da moment kwam d'r een reizeger voorbie, mee een langen wermen jas aon. Ze wieren het er over sjeens da wien a 't zou lukken om as eesten de reizeger z'n jas te laoten uuttrekken dad da de sterksten vanudder tweeën was. De noordenwind begon as een zot te blaozen, maor oe arder a tie blies oe dichter dad de reizeger in z'n jas kroop .Uuteindeluk gaf de noordenwind het op. Toen begon de zonne eel ard te schienen en de reizeger trok daodeluk z'n jas uut. De noordenwind kon nie meer doen as toegeven dad de zonne van udder tweeën de sterksten was.",Femme,631.9033893361374,694.4527629583501,11.76182751540041,82.396810403833,0
919,Thélis-la-Combe,Croissant,4.554788,45.327302,https://atlas.lisn.upsaclay.fr/sounds/Thelis-la-Combe.mp3,"La bisa e le surelh se disputavan, chascun d'assurar qu'èra lo plus fòrt. Quand veguran un òme que s'avançava, ensarrat dans son mantèl. Se bitèran d'acòrd que quau qu'arrivarai lo promeir a le faire chaire son mantèl a quel òme serai avisat coma le plus fòrt. Alòrs la bisa se bitèt a roflar de tota sa fòrça mès mai èla roflava, mai le voiatjuer sarrava son mantèl autòrn de iele e a la fin la bisa duguèt renonçar a le li faire chaire. Alòrs le surelh a començat a brilhar e au bot d'un moment, l'òme, eschandit, a ostat son mantèl. Coma aquò la bisa deupèt reconeistre que le surelh èra le plus fòrt dels dos.",Femme,568.5282763400896,1129.7687225231098,11.264414784394251,76.31379192334018,0
920,"Thézan-lès-
Béziers",France,3.1680288698209504,43.421569005528966,https://atlas.lisn.upsaclay.fr/sounds/Thezan-les-Beziers.mp3,"La bisa e lo sorelh se disputavan, cadun assegurat qu'èra lo pus fòrt, quand vegèron un viatjaire que envançava envelopat dins son mantèl. Tombèron d'acòrdi que lo qu'arribariá lo prumièr a faire enlevar son mantèl seriá gaitat lo pus fòrt. La bisa se metèt a bufar de tota sa fòrça, e mai que bufava, lo voiatjaire sarrava son mantèl astorn d'el e a la fin, la bisa renoncèt a l'i faire quitar. Lo sorelh comencèt a brilhar e al bot d'un moment, lo viatjaire, rescaufat, quitèt son mantèl. Atal la bisa deguèt reconóisser que lo sorelh èra lo pus fòrt dels dos.",Homme,662.6790587447739,1326.106161751151,14.183230663928816,73.62930869267625,0
921,Thiers,France,3.5667,45.85,https://atlas.lisn.upsaclay.fr/sounds/Thiers.mp3,"La bisa e le solelh se pelavon, chascun assurava qu'èia le pus fòrt quand veguèton un voiatjor que s'avançava, envelopat dins son mantèl. Son tomabats d'acòrd que quel qu'arribariá le promèir de lhi foaire enlevar son mantèl seriá regardat 'ma le pus fòrt. Alòr la bisa se botèt de bofar de tota sa fòrça mas moai bofava, moai le voiatjor sarrava son matèl autorn de se, e a la fin la bisa renoncèt de lhi foaire enlevar. Alòr le solelh comencèt de brilhar e au bot d'un moment, le voiatjor, eschadit, doutèt son mantèl. Alòr la bisa duguèt reconiutre que le solelh èia le moai fòrt daus dos.",Femme,763.1291916514635,1459.5136086680639,11.104880219028063,77.67714579055442,0
922,Thiers / Tièrn,Occitanie,3.5667,45.85,https://atlas.lisn.upsaclay.fr/sounds/Thiers.mp3,"La bisa e le solelh se pelavon, chascun assurava qu'èia le pus fòrt quand veguèton un voiatjor que s'avançava, envelopat dins son mantèl. Son tomabats d'acòrd que quel qu'arribariá le promèir de lhi foaire enlevar son mantèl seriá regardat 'ma le pus fòrt. Alòr la bisa se botèt de bofar de tota sa fòrça mas moai bofava, moai le voiatjor sarrava son matèl autorn de se, e a la fin la bisa renoncèt de lhi foaire enlevar. Alòr le solelh comencèt de brilhar e au bot d'un moment, le voiatjor, eschadit, doutèt son mantèl. Alòr la bisa duguèt reconiutre que le solelh èia le moai fòrt daus dos.",Femme,763.1291916514635,1459.5136086680639,11.104880219028063,77.67714579055442,0
923,Thiétreville,France,0.5167,49.7167,https://atlas.lisn.upsaclay.fr/sounds/Thietreville.mp3,"La bise pis l'soleil s'chipotaient, l'un pis l'aôte chertifiaient qu'i's étaient eul pus dru, quand i's ont vu un viageû qui s'avanchait emmitoufle dans sen paletot. I's sont teumbès d'accord, que c'ti là qui arriverait l'premier à fai foute bas la veste du viageû s'rait déclare eul pus dru. Aussitôt dit aussitôt fait, la bise s'met à souffler eud toute sa forche, mas pusse qu'a soufflait, pusse qu'eul viageû s'errait sen paletot su li, qu'à la fin, la bise aqueutèye a j'tè l'éponge. Sitôt cha l'soleil a c'mmanchè à caôffer pis au bout d'un moument, eul viageû récaôffè à teumbè sen paletot. Est comme cha qu'la bise a proclame que l'soleil était eul pus dru.",Homme,614.6581592989324,1279.463413540574,11.92652977412731,82.3703832991102,0
924,Thollon-les-Mémises,France,6.7167,46.3833,https://atlas.lisn.upsaclay.fr/sounds/Thollon-les-Memises.mp3,"La bisa pwé le fèleu se rubrikavan, shakon achurâve ké l'étai le ple fô, kan-t-é z'an viu on voyazheu ke s'avensive, enpatô dien son manté. É san tombô d'ako ke cétye ke sarè le premi à fâre doutâ son manté u voyazheu sarè rguéti kemin le ple fô. Adan la bisa c'é mètyua a soflâ de tote cé fource mè, mé le soflâve, mé le voyazheu sèrâve son manté linto de liu pwé a la fan, la bisa z'a renonchâ a liè fâre doutâ. Adan le fèleu z'a keminfia de balyi, pwé u bè d'on momin, le voyazheu, resheudô, z'a doutô son manté. Sin fô, la bisa z'â du r'kounyitre ke le fèleu z'étè le ple fo dé dou.",Homme,656.957662132439,1245.818883159655,8.539671457905543,76.9775564681725,0
925,Thonon-les-Bains,France,6.475,46.3627,https://atlas.lisn.upsaclay.fr/sounds/Thonon-les-Bains.mp3,"Y'avè on kou, la biza pwé le féleu ke se rubricâve, chakon dizin k'él été plye dégordi k'lâtre. To d'on kou, y 'an viu arva on monchu, ben métu dyan sen brove manté. Y se san métu d'akou, ke le premi ke poré fâre d'outâ son manté u voyazheu, saré bin le plye dégordi de-lou dou... Dinse fassin, la biza kminsive à roflâ tan k'le pu, mé plye le soflâve plye le monchu s'ingroubounave dyan son manté, sin-fô k'u bè d'on momin, l'a lassi tièdre i'invia de lyu fâre d'outâ... Alo, Dian-Rossè à kminfi à burlo, tan k'a l'monchu, to bin r'sheudâ, forni par d'outâ son manté... Pé forni, la biza du r'counyètre ke le féleu z'itâ bin le plye dégordi d'lou dou...",Femme,579.297339649067,1090.9560850488147,10.185167693360713,77.75848049281313,0
926,Tienen,Belgique,4.938335,50.809427,https://atlas.lisn.upsaclay.fr/sounds/Tienen.mp3,"De wind aat et noorden en de zon disputaierde dat ze elek paazde dat zij et sterekste wéér, als ze de reiziger zaage oankaame in zijne Paltow. Ze zijn dakout gerakt dat degééne dä den eerste de Paltow van de reiziger zou deun aatdeun as de sterkste zou anzéin worde. Dan is de wind in al zijn force beginne te blooze, ma meer dat en blois hoe meer de reiziger zene Paltow rond zich aantrok en ten slotte had de wind em tegegehoude om em aat te don. En zo begon de zon te schijne en na en moment hajd de reiziger opgewarmt zene Paltow aatgedoon. Dus hajd de wind moeten erkennen dat de zon de sterekste was van hön getwée.",Femme,760.8673297890341,1394.3880718829957,11.286673511293635,80.72642710472279,0
927,Timau,Italia,13.003995,46.583352,https://atlas.lisn.upsaclay.fr/sounds/Timau.mp3,"Aan toog, dar bint unt da suna hont ctritn, bal andar hott gabelt schterckar asbia dar ondara sain, pis asa hont tzeachn aan moon in aan montl aingabicklt. Da zbaa schtraitara hont noor tzok as schterckarar baar gabeisn dar see as zareacht bar ckeman zan mochn ooziachn in montl in moon. Dar bint hott onckeipt schtoarck zan plosn, obla schterckar, asou vill as dar moon iis obla mear aingabicklt in montl. Dar oarma bint hott gamuast sain losn. Dar nooch iis da suna auftschtonan, unt nooch aa pisl dar moon hott boarm ckoot unt hott in montl oogazougn. Dar bint hott asou gamuast soon as da suna schterckar iis gabeisn.",Femme,700.4100148307198,1502.9930000864927,7.728761122518822,79.70069130732375,0
928,Tinghir,Maroc,-5.535743,31.514724,https://atlas.lisn.upsaclay.fr/sounds/Tinghir.mp3,"ⵉⵏⵏⴰⵖ ⵓⵙⵎⵎⵉⵜ ⴷ ⵜⴰⴼⵓⵢⵜ, ⴽⵓⵢⵓⵡⵏ ⵢⵉⵏⴰⵙ ⵏⴽⴽⵉⵏ ⴰⴷ ⵉⵛⵇⴰⵏ, ⵉⴷⵖ ⴰⵏⵏⵉⵏ ⵢⵓⵡⵏ ⵓⵔⴳⴰⵣ ⴰⵔ ⵉⵜⴷⴷⵓ ⵉⵜⵜⵍ ⴳ ⵓⵄⴱⴰⵏ ⵏⵏⵙ. ⵎⵙⴰⵙⴰⵏ ⵓⵏⵏⴰ ⵉⵖⵉⵏ ⴰⴷⴰⵙ ⵉⴽⴽⵙ ⴰⵄⴱⴰⵏ ⵉ ⵓⵔⴳⴰⵣ ⵀⴰⵜ ⵏⵜⵜⴰ ⴰⴷ ⵉⵔⵔⴰⵏ. ⵉⵡⴰ ⴰⵔ ⵉⵜⵚⵓⵟ ⵓⵙⵎⵎⵉⵜ ⵙ ⵍⵊⴻⵀⴷ ⵏⵙ ⴰⵍⵍⵉⴳ ⵉⵡⵃⴻⵍ, ⵎⴰⵛⴰ ⴽⵓⵙ ⵉⵜⵚⵓⵟ ⵉⵜⵣⵢⵢⴰⵕ ⵓⵔⴳⴰⵣ ⴰⵄⴱⴰⵏⵅⴼ ⵉⵅⴼ ⵏⵏⵙ. ⵜⴰⴼⵓⵢⵜ ⵏⵜⵜⴰⵜ ⴰⵔ ⵜⵛⴻⵄⵛⵉⵄ ⵉⵎⴰⵃ ⵉⵕⵖ ⵓⵔⴳⴰⵣ ⵉⴽⴽⵙ ⴰⵄⴱⴰⵏ ⵉⵢⵅⴼ ⵏⵏⵙ. ⵙⴰ ⵜⴳⵉⵔⴰ ⵉⵙⵙⵏ ⵓⵙⵎⵎⵉⵟ ⵉ ⴷ ⵜⴰⴼⵓⵢ ⴰⴷ ⵉⵔⵔⴰⵏ.",Femme,569.5847451493069,860.4729262230823,15.507693360711842,39.342436687200546,0
929,Tinizong,Suisse,9.619446417512336,46.58100789978956,https://atlas.lisn.upsaclay.fr/sounds/CH_Nordwind_Tinizong.mp3,"vent digl nord ed igl suglegl. Enada sa ghittinavan igl vent digl nord ed igl suglegl tgi tgi seia igl pi ferm, cura tgi en viandant, tgi veva aint en mantel tgod, rivava per veia. Els reivan da paregna, tgi chel vala scu igl pi ferm, tgi reiva da far trer or igl viandant igl sies mantel. Igl vent dil nord buffava cun totta forza, pero ple tgi el buffava, ple tgi igl viandant sa pachatava aint igl sies mantel. Finalmaintg ò igl vent digl nord do se sies cumbat. Ossa scaldava igl sulegl l’aria cun sies radis mievels, e bagnspert tireva igl viandant or sies mantel. Cò ò igl vent digl nord gie da dar tiers, tgi igl sulegl seia igl pi ferm dad els dus.",Homme,702.4380870534519,1345.659244522145,1.754031485284052,84.94392197125258,1
930,Tizi-Ouzou,Algerie,4.047724,36.714265,https://atlas.lisn.upsaclay.fr/sounds/berbere_kabyle.mp3,"Ikker umennuɣ gar usersar d yitij, yal yiwen deg-sen iqqar-as d nekk i iǧehden uagr. Akken walan yiwen iminig la d-iteddu, isburr takebbut, msefhamen : Yiwen seg neɣ ara yessiwden ad as d-ikkes takebbuṭ i yiminig nni, d netta i iǧehden ugar. Ihi, ibda uṣersar ittzuffu s tezmart-is acu kan, simal ittzuffu irennu  simal iminig izemmeḍ takebbuṭ-is, ickucbur deg-s ; taggara, yuɣal iḥbes uṣersar azuffu ibra i wawal. Dɣa ibda yiṭij aẓenzer, cwit kan akka, seg wakken d azɣal, iminig iknef deg tkebbuṭis, idegger-itt.  Dɣa aṣersar iqarr-d, iṭij i t-yugaren ljehd.",Femme,734.4719886113941,1377.2079354912553,18.143655030800822,62.50603011635866,0
931,Toledo,Espagne,-4.025147,39.863866,https://atlas.lisn.upsaclay.fr/sounds/Toledo.mp3,"Un buen día, el sol y el viento se enfrentaron en una gran discusión. Ambos afirmaban que era más poderoso uno quel el otro. Para hacer efectiva la prueba, escogieron un hombre - este hombre tiba una capa. Entonces, el viento dijo: ""Yo le quitaré la capa y probaré así que soy más poderoso que tú."" El viento comenzó a soplar cada vez con más fuerza, pero el hombre se acerró mucho más a esta. Vencido, el viento aceptó su derrota y se dispuso a dejar el turno al sol, que empezó la prueba. Tras unos pocos minutos, el hombre comenzó a sudar y, a continuación, procedió a quitarse la capa. El sol le dijo: ""¡EHas visto que se obtiene más con paciencia y persuasión que con un acto de violencia o de fuerza bruta!""",Homme,1123.2194222273615,1168.3177708308497,15.556919917864477,61.991546885694724,0
932,Tollembeek,Belgique,4.006971,50.740962,https://atlas.lisn.upsaclay.fr/sounds/Tollembeek.mp3,"De noordewind en de zonne waren aan''t discuteren over wie van hun tweeën de sterkste zou zijn. Just op da moment, passeerd'er ne vreemdeling geduffeld in ne chique pardessus. Direct gingen z'een wedspel houden, voor wie om zijn eersten diene vreemdeling zijne pardessus te doen uitdoen. De noordewind begon te blazen en maar blazen, maar hoe meer hij blaasden, hoe korter diene vreemdeling zijne pardessus tegen hem trok. Geen avance, de noordewind zag het nie meer zitten. Dan was't aan de zonne om vollen bak hard te schijnen, maar ze was nog maar goe bezig of de vreemdeling trok zijne pardessus al uit. Nja, de noordewind moest passen de zon ha gewonnen.",Femme,575.8558388785016,1277.9560928112628,11.122498288843257,82.38370294318959,0
933,Tôtes,France,1.047,49.681,https://atlas.lisn.upsaclay.fr/sounds/Totes.mp3,"Eul vent freid pis eul solei s'chicaillaient chacun d'sen côtè jurait ses grands dius qu'il était eul pus fort, quand qu'il'ont vu arriver un viâgeû qui s'avanchait emmitouflè dans sen paletot. I sont teumbés d'accord qu'eul sienne qu'arriverait eul premier à c'que eul viâgeû enleuve sen paletot s'sait cossidérè comme étant eul pus fort. Là-d'sus eul vent freid a c'menchè à souffler eud toutes ses forches mais, pusse qu'i soufflait, pusse qu'eul viâgeû r'serrait sen paletot autou d'li, si bié que pou fini eul vent freid a r'noncè à li fé enl'ver. Amprès cha eul solei a c'menchè à briller pis, au bout d'un moment, eul viâgeû récaôffè a défé sen paletot (i mouillait sa qu'minze). Est comme cha qu'eul vent freid a étè bié obligè de r'connaîte qu'eul solei est eul pus fort des deux.",Homme,554.5751206376899,805.017444094275,11.471156741957564,82.4231279945243,0
934,Toulouse,France,1.44367,43.60426,https://atlas.lisn.upsaclay.fr/sounds/Toulouse.mp3,"La bisa e le solelh se carpinhavan, cadun assegurant qu'èra le mès fòrt, quand vegèguen un viatjaire que s'avançava, estropat dins son mantelh. Tombèguen d'acòrdi qu'aqueste qu'arribariá prumièr a descargar le mantelh al viatjaire seriá agaitat coma le mès fòrt. Alavetz, la bisa se metèc a bufar al mès pòt mès al mès bufava al mès le viatjaire se serrava le mantelh sus el meteish e a la fin, la bisa renoncièc a le li fèr descargar. Alavetz le solelh comencèc a lusir e al cap d'una estona, le viatjaire, rescaufat, se descarguèc le mantelh. Atal, la bisa se deguèc reconéisher que le solelh èra le mès fòrt dels duses.",Homme,601.2023663084585,1285.0323606173079,14.693175906913073,74.89146475017111,0
935,Tournai,Belgique,3.390396,50.607808,https://atlas.lisn.upsaclay.fr/sounds/Tournai.mp3,"El biss' et l' solèl s' batcheott'nt à queoss' qu'ein diseot qu'i-éteot pu har que l'eaut'. Quanc' qu'i apercheot'nt ein voyageu qui s'avancheot, imballé dins s' casaque. I seont qués d'accord que l' ceu qui arrivreot l' prumier à fair' orsaquer s' casaque au voyageu i s'reot ravisé comm' el meilleu. Adeon, l' biss', i soufiell' du pu qu'i sait mais au pu qu'i soufleot, au pu que l' voyageu i-orserreot s' cassaque jusqu'au moumint que l' biss' i-a ornonché à li fair' orsaquer. Adeon, l' solèl i-a c'minché à lur' et au d'beout d'einn moumint, l' voyageu, récauffé, i-a orsaqué s' casaque. Ch' t'ainsin que l' biss' i-a du orconnait' que l' solèl i-éteot l' pu har d'eusses deux.",Homme,653.036083501831,1364.7299254166778,11.345092402464067,82.34185489390828,0
936,Tours,France,0.685712,47.394481,https://atlas.lisn.upsaclay.fr/sounds/Tours.mp3,"La galarne quant et eul soulet étaint damprés qué d'hargner, açartifiyant chaquieun qu'il était eul pius fourciabe, quanqu'is veyiront eun viageux qui s'avanciait, enlouppéye dins seun manquiau. Is cheyiront d'assent sul fait qu'esti qu'anriverait eul promier à faire toude seun manquiau d'au viageux sérait areuilléye coumme eul pius fourciabe. Adongne, la galarne sé mettit à buffer dé totes ses fources mais pius qu'alle buffait, pius qu'eul viageux crimpait seun manquiau à seun antor et à l'aboutement, la galarne ernoncït à li faire toude. Adongne eul soulet entoumit à erluquier et anrivéye eun moument, eul viageux, rorduye, tollit seun manquiau. Ansia, la galarne dévit ercounnaîte qu'eul soulet était eul pius fourciabe des deuïs.",Homme,643.2152406855838,1458.8714485146509,12.771533196440794,78.1175085557837,0
937,Tours-en-Savoie,France,6.4333,45.65,https://atlas.lisn.upsaclay.fr/sounds/Tours-en-Savoie.mp3,"La bije et le solyẅin s'aganyâvon parkin stâkon étyâ chur k'âl érè le pè farô. To pè on kou, i vèyon venyi on roulan, k'â modavè tot inpatounâ djin na djâka dè vyâz. I s'è son bètâ d'akô kè chôkè k'aruvér le pronmyi a fér doutâ la djâka, sar avétâ min le pè fôr d'lô dou. Adan, la bijè kminchâvè à soflâ vré dru ; mé kanbin l'soflâvè adé myu, le roulan s'invortoyâvè adé myu djin sa djâka, tinka chla borta bije rènonchissè a fér doutâ chl'afeblurè. Adan, le solyẅin kminche a ébarniklyâ, è dispwétè le roulan, to rèsteudâ, doutè pwé la djâka. Dinche, la bije a preu du s'avouâ kè l'solyẅin érè le pè farô d'lô dou.",Homme,789.2411723375776,1345.108722833164,7.299315537303216,77.13245722108145,0
938,Transinne,Belgique,5.203543,50.000545,https://atlas.lisn.upsaclay.fr/sounds/Transinne.mp3,"Rifondou walon La bîje èt l' solê astint ki s' margayint pou sawèr kî çki, dès deûs astot l' pus fwârt. Mês ç' côp la, la k' i wèyèt on tchminaud k' arivot pyim piam, dins in bê nû tchôd paltot. Ladsu, i s' mètèt d' acwârd pou çci : lu cé ki parvinrot l' prèmî a lî haper s' mantê, ça srot li ki srot rwaité come lu pus fwârt. Adon, la k' la bîje su mèt a choufler tant k' èle put. Mês non pus, pus çk' èle chouflot, pus çku l' routeû s' racafûlot dins s' grand paltot. Ça fwèt k' èlle è lêchu ûve. A ç' moumint la, la ku l' solê s' mèt a loûre come cand i loût dès cate costés. Èt c' èst ku: après ène hapêye, la ku l' pourmonneû è sté rachandi, èt il è tiré s' mantê. Ça fwèt k' la bîje è bin dvu rcounuche ku l' solê astot l' pus fwârt du zês deûs.",Homme,698.4236371285022,1478.0602156491138,10.144277891854895,82.97253935660507,0
939,Transylvanian Romanian,EU,22.639458,47.525916,https://atlas.lisn.upsaclay.fr/sounds/Tasnad_Transylvanian_Romanian.mp3,"S'ău încăĭeratŭ vîntułŭ de mĭéḑă-nópte şi cu sórile, că nó, quarile din eĭ doĭ ĕĭ celŭ maĭ tare. Nó bagŭ samă ău vĕḑutŭ unŭ omŭ, unŭ căŭălătorŭ, quare sĕ preumbla, cu guba pĕ elŭ. Acmu aşea s'ău tomnitŭ eĭ că acela quare lŭ ŭa lămuri pĕ omŭ că şi şĭ deŭe josŭ şuba de pĕ elŭ, acela ŭa câştiga. Nó poţĭ şci că ău începutŭ vîntułŭ cela de mĭéḑă-nópte a sufla, şi apoĭ tătŭ ău suflatŭ, numa că tătŭ maĭ tare strîngea omułŭ acela guba pĕ elŭ, până ce s'ău urîtŭ vîntułŭ. Atuncine s'ău hăţîtŭ sórile a luci şi străluci, şi atâta lŭ ău încălḑîtŭ pĕ bĭetułŭ omŭ, până ce şĭ ău ţîpatŭ şuba josŭ de pĕ elŭ. Nó aşea ău înţĕlesŭ vîntułŭ că sórile ĕĭ maĭ tare ca elŭ.",Homme,591.0980929057581,1023.291157162246,11.629267624914442,74.47030800821355,0
940,Trasianka,EU,27.539947,52.960518,https://atlas.lisn.upsaclay.fr/sounds/Kirava_Trasianka.mp3,"Северны вецер і сонца спорылі аб тым, хто з іх сільнейшы, калі яны встрэцілі падарожніка, закутанага ў цёплы плашч. Яны рэшылі, што той, хто першы заставіць падарожніка раздзецца, будзе шчытацца самым сільным. Тады северны вецер падуў са ўсей сілы, але чэм большэ ён дуў, цем большэ падарожнік кутаўся ў свой плашч, і наканец северны вецер здаўся. Тады засіяла сонца і сагрэла падарожніка. Ён у той жа мамент сняў свой плашч. Такім образам, севернаму ветру прыйшлось сагласіцца с цем, што сонца сільнее яго.",Homme,778.0448853024989,1540.3269105956124,7.418042436687201,84.99364818617386,0
941,Trento,Italia,11.120463,46.071388,https://atlas.lisn.upsaclay.fr/sounds/Trento.mp3,"'N bel dì 'l vent de tramontana e 'l sol i era dre a questionar per dezider chi che 'l era 'l pu fort ntra de lori doi; 'n quela i ha vist vegnir un con en dos en paletò. Alor i ha dezidest che el pu fort saria sta quel che fussa sta bon de cavarghe 'l paletò. El vent per prim 'l ha tacà a sofiar con tuta la forza che 'l gaveva, ma con de pu che 'l sofiava, de pu 'l om el se feva dent 'n tel paletò, finché, ala fin, el vent 'l ha asà perder. El sol alor 'l ha scominzià a lùser e a 'n zert moment 'l om 'l ha dovest cavarse el paletò dal calt che 'l era. Cossì la tramontana l'ha dovest ameter che l sol 'l era 'l pu fort.",Homme,759.6195013298509,1347.6646341741389,8.416009582477756,76.56618069815195,0
942,Trévé,France,-2.795345,48.212638,https://atlas.lisn.upsaclay.fr/sounds/Treve.mp3,"Y avaet biao jeu entèr le vent d'a haot e le sourai, l'un e l'aoute dizant q'étaet li le pus fort, qand i veyite un prom'nou doubllë dan son pal'tot veni devèr yeûs. I fute d'aviz qe li qi s'en cheuiraet le permier a mettr le prom'nou a se depouiller de son pal'tot, seraet stula le pus fort. Alôr le vent d'a haot se mint a soufller du pus q'i pouaet, me pus q'i soufllaet, pus le prom'nou serrë son pal'tot entour de lu, e pour fini, le vent d'a haot calit. Alôr le sourai comencit a rayë e une boutée de temp aprés, le prom'nou, erchaofë, tirit son pal'tot. E de méme le vent d'a haot deût erconétr q'étaet le sourai le métr.",Femme,686.2666469619127,1539.4137124917409,12.451088295687885,81.79050650239562,0
943,Treyvaux,Suisse,7.137437,46.727152,https://atlas.lisn.upsaclay.fr/sounds/Treyvaux.mp3,"La bije è le chèlà chè kontrèyivan ; tsakon achurin k'irè li, le pye yô ; kan l'an yu on voyadyà ke ch'avanhyivè, inbortoyi din chon mantô. I chon tseju d'akouâ ke chi k'arouvèrè le premi a fére trére chon mantô ou voyadyà, cherè yu kemin le pye yô. Adon la bije chè betâye a choyâ dè totè chè fouâchè, ma, mé y chohyavè, mé le voyadyà charâvè chon mantô outoua dè li, pu po fourni, la bije l'a pyakâ dè l'i fére ôthâ. Adon le chèlà l'a keminhyi a èhyiri, è ou bè de na vouêrbèta, le voyadyà, rètsoudâ, l'a tré chon mantô. Dinche, la bije, l'i a fayu rèkonyèthre ke le chèlà irè le pye yô di dou.",Femme,747.6163437371833,1418.0120419083717,8.539671457905543,76.9775564681725,0
944,Trois-Ponts,Belgique,5.958531,50.342664,https://atlas.lisn.upsaclay.fr/sounds/Roanne_Logbierme.mp3,"Lu bîche èt l' solo èstint an margaye. Tos lès deûsses èstint sûr d'èsse lu pus fwêrt. Adon, i-z-ont vèyou on pormineûr ki avancéve, moussî d'on pâletot. I sont toumés d'akwèrd po dîre ku l' prumî d' zèls ki arivreût à lî fé tirer s' pâletot sèreût l' pus fwêrt. Adon pwis, lu bîche ataka à sofler du totes sès fwèces, mins pusse èle sofleût èt pusse lu voyèdjeû tunéve su pâletot. Tant èt si bin ku l' bîche lèya oûve. Adon pwis, lu solo s' mèta à lûre èt pô d' timps après, lu voyèdjeû, crèvant d' tchôd, tira s' pâletot. Lu bîche fourit bin oblidjîe du ruknohe ku l' solo èsteût l' pus fwêrt dès deûsses.",Femme,771.3525078243364,1296.9129351919423,9.366509240246407,83.56731690622861,0
945,"Trouville-
sur-Mer",France,0.082518,49.366261,https://atlas.lisn.upsaclay.fr/sounds/Trouville-sur-Mer.mp3,"Le rile  et le solé se maquaient, chaqueun acertainaunt qu'i 'tait le pus quœuru quaund il ount veu eun voyageus qui s'avaunchait, enveloppaé, encarcanaé, dauns sen mauntiâo. il sount aintaé d'accord que chelui qui serait lé prémyi à faire enlevaer sen mauntiâo oû voyageus s'rait regadaé coume le pus quœuru. Alors, le rile s'est mins à choufflaer à toute forche mais, pus i choufflait, pus l'voyageus cherrait sen mauntiâo autouor de li ; à la fin le rile a arrêtaé de li faire enlevaer. Alors le solé a quemenchaé à ête en enjourie, oû bout d'eun moment, le voyageus s'est récôffaé, il a enlevaé sen mauntiâo. Coume cha le rile a deu arcounaîte que l'solé était le pus quœuru des déeus.",Homme,551.2867550965273,1109.1297051255915,12.606639288158794,82.49764544832307,0
946,Tschierv,Suisse,10.334571344132812,46.62776972345383,https://atlas.lisn.upsaclay.fr/sounds/CH_Nordwind_Tschierv.mp3,"Il vent nordic e’l sulai. Üna jà sa dispittean il vent nordic e’l sulai chanün dad ès chi sia il plü ferm, cur ch’ün viandaunt vesti in ün mantel chad es gni per via. Ès s’haun abinats cha tal sia il plü ferm chi riva da sforzer al viandaunt da sa delibrer dal mantel. Il vent nordic ha zuflà cun totta forza ma daplü ch’el zoflea daplü cha’l viandaunt tegnea ses mantel. Finalmaing ceda il vent nordic. Lura ha il sulai s-chaldà l’aria cun ses razs buntadaivels ed in paca pezza ha’l il vent [sic] trat ora ses mantel. In quist mumaint ha’l il vent nordic declerà sia sconfitta ed admiss cha’l sulai sia il plü ferm dad ès.",Femme,741.06073141395,1321.483168230459,2.552580424366872,80.97360027378507,1
947,tsimane,Bolivia,-66.745676,-14.856713,https://atlas.lisn.upsaclay.fr/sounds/tsimane.mp3,"Mú jätiswety tyímu judyeyá mú tsuñ jitidyeij in tyibuty mu anic mujúchhá ferdyetumtyí, Watyequej jiyí yirity viajeityí busbuyity tumtyí. Jitidyeij muiñ iñ tyichuc tashché jiwachaptety busbuyity mu viajeityity mú. Mú ra yutyejá anic fertyi. Chaty qui, mú jätiswety tyímu yacchhutij anic fer fujyi; métsañ mu anic fer fujyi, mú na viajeityi dadám mu anic jämchhuqui busbuyity mú, junquí chuc mú tyímu uyáyai. Chaty qui mú tsuñ tiyacchhutij pashyi anic räjtumdyé pashquedyé mú. medyes qui mú viajeityi japacyedyeyá tsuñ si mú meij jeyaqui busbuyity mú. Chat qui mú jätiswety tyímu kimdyen anicjepte ferdyé tsuñsi mu.",Homme,524.4987182622923,1157.6944688037318,25.368281998631073,79.25474332648871,1
948,Tuchan,France,2.7167,42.8833,https://atlas.lisn.upsaclay.fr/sounds/Tuchan.mp3,"La bisa e le solelh se disputavan. Cadun assurava qu'èra le mai fòrt. Quand an vist un voiajur que s'avançava, envolopat dins son capòt, son tombats d'acòrdi que lo qu'arribariá le primièr a faire traire son mantèu al voiajur sariá regardat coma le mai fòrt. Alavetz, la bisa s'es fotuda a bufar de tota sa fòrça. Mès pus bufava, mai le voiajur serrava son capòt al torn d'elh. E a la fin, la bisa a renonciat a l'i faire traire. Alòr, le solelh a començat a brilhar e, au bot d'un moment, le voiajur, recaufat, a ostat son capòt. Ansin, la bisa a dut reconeistre que lo solelh èra le mai fòrt dels dos.",Homme,713.6873649283066,1298.8548931096784,13.91690622861054,75.15832306639288,0
949,tukano,AG,-67.08757022713789,-0.1168391337031574,https://atlas.lisn.upsaclay.fr/sounds/tukano.mp3,"Õ'mẽ mahsʉ̃ muhĩpũ mʉhatirokhũ, a'rĩ muhĩpũ ʉmʉkho khʉ̃ me'ra, noape tuhtua yʉroti ni ʉkũpãrã, nã tho ni ukũweroré, ni'kũ mahsʉ̃ siabahakétigu, yʉhsʉasesuti sañaku yʉ'rʉpʉ. Kʉ̃rẽ ñarã, ukũpãrã, noa khʉ̃ sañase su'ti tuweduhtimʉtãrõ, marĩ waterore tuhtuayʉrʉgʉ nigʉsami. Õ'mẽ mahsʉ̃ muhĩpũ mʉhatirokhũ nʉ'kãpʉ, tʉhtuaro me'rã puhtipʉ, kʉ̃ ahpʉtʉ puhtikãta kʉ̃ siabahaketigʉpe ahpʉtʉ õmãbiapʉ, thowekã ñagʉ, dukãpʉ. Ã'rĩ muhĩpũ ʉmʉkho khʉ̃ wapʉ mha, kʉ̃ tuhtuaro poteõrõ ahsikeõpʉ, kʉ̃ mahsʉ̃ siabahaketigʉre, kʉ̃ poteõti su'tiroreˊ tuwekãpʉ. Yu'ure o'we nipu õ'mẽ mahsʉ̃ muhĩpũ mʉhatirokhũ, tho we, mu'ũ ni'ĩ tuhtuayʉrʉgʉ nipu.",Homme,590.3273581548517,1181.6503404766756,25.771875427789183,92.00425051334702,1
950,Tümlauer Koog,Deutschland,8.683333396911621,54.34999847412109,https://atlas.lisn.upsaclay.fr/sounds/Tumlauer-Koog.mp3,"Eenst stre'en sik Noordwind un Sünn, wer woll von de beiden de Stärkere weer. As een Wanderer, de en een warme Mantel hüllt weer, de Weg lang keem. Se wurrn sik enig, dat de as de Stärkere gellen schull, de de Wanderer zwingen worr sien Mantel aftonehmen. De Nordwind puust mit aller Macht, ober je mehr he puust, desto mehr hüllte sik de Wanderer in sien Mantel. Endlich geev de Nordwind de Kampf op. Nun warmte de Sünn de Luft mit ehr fründlich Strohlen un schon na wenige Ogenblicke trock de Wanderer sien Mantel ut. Do muss de Nordwind togeben, dat de Sünn von beide de Stärkere weer.",Femme,742.1170924451968,1169.2736695721924,10.245530458590006,85.69598220396989,0
951,Tunis,Tunisie,10.180412,36.812351,https://atlas.lisn.upsaclay.fr/sounds/arabe_tunisien.mp3,"alphabet arabe alphabet latin الشمس و الريح  قاعدين  يتعاركوا هكّاك و راوا واحد  مسافر متعدّي و ملفوف في  كبّوطه.يا خي تفاهموا على خطار الّي ينجّم  ينحّيله  كبّوطه  قبل  الاخرهو الأقوى. الريح  بدا  يهبّ  بكلّ  قوّته، قدّ ما الريح يهبّ قدّ ما المسافر يزيد  يتلفّ  في  كبّوطه.في اللاخر الريح  بطّل  وقال  زايد ما  هوش  باش  ينجّم ينحّيله  كبّوطه.ياخي الشمس  بدات  تزرق  و المسافر  بدا يسخن حتّى لين  نحّى كبّوطه وحده.  ولّى الريح مجبور باش يستعرف الّي الشمس أقوى  منّه.š-šams u r-rīḥ qāɛdīn yǝtɛārk-u, hakkāk u rā-u wāḥǝd msāfǝr mǝtɛaddi u malfūf fi kabbūt-u, yā xi tfāhm-u ɛla xṭār, ǝlli ynažžǝm yǝnaḥḥī-lu kabbūt-u qbǝl l-āxǝr huwa l-'aqwa, r-rīḥ bda yhǝbb, b-kull quwwt-u, qǝdd-ma r-rīḥ yhǝbb qǝdd-ma l-msāfǝr yzīd yǝttlaff fi kabbūt-u, fi l-lǝxxǝr, r-rīḥ baṭṭal, u qāl zāyid, ma-hūš bāš ynažžǝm ynaḥḥī-lu kabbūt-u, yā xi š-šams bdāt tuzruq, u l-msāfǝr bda yǝsxun, ḥatta līn naḥḥa kabbūt-u waḥd-u, walla r-rīḥ mažbūr, baš yǝstǝɛrǝf lli š-šams 'aqwa mǝnn-u.",Femme,681.5571466982077,1243.941872580468,19.824428473648187,67.1464681724846,0
952,Tyrolean,EU,10.969336,47.307856,https://atlas.lisn.upsaclay.fr/sounds/North_Tyrolean.mp3,"Es hom sig amol da Nordwind und die Sunn' gstritt'n, wer da Stärkere war, wia a Wanderer, der in am warmen Mantel g'hüllt war, z'Weig kemmen isch. Dei sein sig einig g'wordn, dass der da Stärkere sein sollt, der in Wanderer zwingen tat, in Mantel weg z'tian. Da Nordwind hat mit aller Macht blaßn, aber um so mehr er blaßn hat, desto feschter hat sich da Wanderer innen Mantel eing'hüllt. Entlig hat da Nordwind in Kampf augeb'm. Iatz hat die Sonn' mit di freindlig'n Strahl'n die Luft au'gwärmt und glei danoch hat da Wanderer in Mant'l auszog'n. Da Nordwind hat zuageb'n miaßn, dass die Sunn' da Stärkere war.",Homme,515.268443942101,537.6135034599376,6.654380561259411,82.1407460643395,0
953,Uesca,Espagne,-0.409953,42.13785,https://atlas.lisn.upsaclay.fr/sounds/Huesca.mp3,"A brochina e o sol pleitiaban sobre quí d'os dos yera o más fuerte, cuan beyoron que beniba un biachero, embolicato en a suya manta. Se metioron d'alcuerdo en que o primero que conseguise fer-le tirar-se a suya manta serba bisto como o más fuerte. Allora, a brochina se metió a bufar de firme pero contra más bufaba, más se pretaba o biachero a manta e a la fin, a brochina rebló. Allora o sol prenzipió a pretar y en pasar un inte, o biachero, acalorato s'aforró d'a suya manta. Asinas, a brochina tenió que reconoxer que o sol yera o más fuerte d'os dos.",Homme,808.8015775800668,1365.9069626011149,14.774996577686517,67.33826146475018,0
954,Untergriesbach,Deutschland,13.668196,48.573549,https://atlas.lisn.upsaclay.fr/sounds/Untergriesbach.mp3,"Friara ham se da Nordwind und d Sunn gstrinn, wia a Wanderer, der in an woama Mantel ghüllt war, daherkemma is, wer vo de zwoa woi der Stärkere is Se han se einig woan, dass derjenige als Stärkerer götn werd, der en Wanderer zwingt, dass a sein Mantel obnimmt. Da Nordwind hod mid olla Macht bloßn, owa je mehr a bloßn hod, desto mehr hod se da Wanderer in sein Mantel eighüllt. Endlich hod da Nordwind sein Kampf afgem. Iaz hod d'Sonn d'Luft mid ihrane freindligen Strahlen afgwamt und scha noch a boa Augenblicke hod da Wanderer sein Mantel auszong. Do hod da Nordwind zuagem miassn, dass d Sunn vo de zwoa da Stärkere war.",Femme,721.5648232306187,1440.4298281282845,8.934045174537987,82.72696098562628,0
955,uru,Bolivia,-68.08976,-19.042013,https://atlas.lisn.upsaclay.fr/sounds/uru.mp3,"Ni uźata Thami iya ni Thuñźtan ch’ärasatkiź xaqsiltaźlax walxa aśśiś, tshïn tshi wïja oqhñi iśpantichuka ancha thelhsi niź śkitźtan. Kheassikićha jekit niź śkiti śhoqhźinas ni wïja oqhñi źonź śkiti ni waqta khita khekićha. Ni Thami qallantichikićha thapa aśtan źawxchi, nuźumi tshan pjujan, tshantholsnatkićha. Nuźkiś atipsqatchen khichikićha, iya ni thuñiśa qallantichikićha jiwta k’ajkan qhanchikićha qhaqi, ni orpacha ni źoñiki śhoqśikićha nïź śkiti; iya nuźkiś qhana kama kirchikićha ni thuñitakiź walxakhitaki Thamźkiśtankhen.",Homme,667.7183431084393,1529.9939934968997,9.788726899383983,38.06113620807666,0
956,Uttum,Deutschland,7.156388889,53.45305556,https://atlas.lisn.upsaclay.fr/sounds/Uttum.mp3,"Eenmaal wassen de Noordwind un de Sünn an 't Strieden, well van de beid de Machtigere was, as en Wannersmann up de Straat daarherkwamm; de harr en warme Mantel an. Se wurren sük enig, dat de as machtiger gellen sull, well de Wannersmann dwingen würr, de Mantel oftoleggen. De Noordwind puustde mit all Kracht, man so mehr he an 't Puusten was, so mehr wickelde sük de Wannersmann in sien Mantel. Amenn gaff de Noordwind de Stried to. Nu mook de Sünn de Lücht mit hör frünnelk Strahlen warm; kört daarna leggde de Wannersmann sien Mantel of. Do muss de Noordwind ingestahn, dat de Sünn van de beid de Machtigere was.",Homme,674.2328166407294,1322.3648215210867,10.881738535249829,83.91013004791239,0
957,Vaduz,Autriche,9.516653,47.146627,https://atlas.lisn.upsaclay.fr/sounds/Vaduz.mp3,"Es hend sich amol da Nordwind und d Sunna gstritta wer vu ina wol di Stärkere wär, wo grad an Wanderer im-e-ne warma Mantel ighült uf se zua ko ischd. Sie sind sich einig gworda, dass derjenig für da Stärker gelta söll, wo da Wanderer zwinga würd sin Mantel abzneh. Da Nordwind het gblosa mit aller Macht aber je mehr er gblosad het, desto festa het da Wanderer sin Mantel um sich ghüllt. Endlich het da Nordwind da Kampf ufgeah. Denn het d'Sunna mit irna fründlicha Strahla d Luft erwärmt und scho noch weniga Augablick het da Wanderer sin Mantel usgzoga. Do het da Nordwind müssa zuagea, dass d Sunna vu ina beida wohl die Stärkere sei.",Femme,660.355878958367,1020.146359157203,5.374346338124572,82.93171800136894,0
958,Vaglio,Suisse,8.957195,46.060965,https://atlas.lisn.upsaclay.fr/sounds/CH_Nordwind_Vaglio.mp3,"Or vént e or só — Un dí i tacava lid or vént e or só; vün ar diżéva de vèss püssè fòrt da quél altro, quand che i a vist un viagiadó rivá sciá, dént in d'un paltò. Qui dü che i tacava lid i a inlóra decidǘ che or püssè fòrt ar saréssa stai quél che gh riüsciva a fagh tirá vía or paltò. Or vént l'a cominciò a bofá da brütt, ma püssè che ar bofava püssè che or viagiadó ar se strengéva dént in dro paltò; ara fin dra féra or pòvro vént l'a dovǘ dismétt da bofá. Inlóra or só l'è vegnǘ fòra, e dòpo n momént or viagiadó, che ar sentéva or cald, l'a tirò vía or paltò, e inscí or vént l'a dovǘricognóss che or só l'éva püssè fòrt.",Homme,719.6136988618308,1343.5857405581687,10.727207392197126,72.15430527036277,0
959,"Val-d'Oire-et-
Gartempe",Croissant,0.9056,46.2364,https://atlas.lisn.upsaclay.fr/sounds/Bussiere-Poitevine.mp3,"graphie oïlisantegraphie classiqueLa bise et le souleil se disputiant, chacun assurant qu'eu z-étie le pus fort, quand i avant vu un voyageûr que s'avancie, enveloppat dins son manteau. I sont tombats d'accord que  queû-qui qu'arriverie le premie à faire ôtar son manteau au voyageûr srie gaitat coume le pus fort. Alors la bise s'o mès à soufllar de toute sa force, mais mai elle soufllie mai le voyageûr sarrie son manteau autour de li, et à la fin la bise renoncit à le lui faire ôtar. Alors, le souleil o començat à brillar et au bout d'un moument, le voyageûr, réchaufat, a ôtat son manteau. Ainsi, la bise dut recounétre que le souleil étie le pus fort de lous dous. La bise e le solelh se disputian, chascun assurant qu'eu-z-eti le plus fòrt, quand ilhs aven vut un voaiatgeur que s'avanci, envelopat dîns son mantau. Ilhs son tombats d'acòrd que queu-qui qu'arriveri le premier a faire ostar son mantau au voaiatgeur seri gaitat come le pus fòrt. Alòrs la bise s'á mes a soflar de tote sas fòrces mès mai èle sofli, mai le voaiatgeur sarri son mantau autorn de li e a la fîn, la bise renonci a le lu faire ostar. Alòrs le solelh á començat a brilhar, e au bot d'un moment, le voaiatgeur, reschaufat, a ostat son mantau. Ansi la bise dut reconeistre que le solelh eti le pus fòrt de los dos.",Homme,609.3731760439719,1034.788766480574,13.041629021218343,77.9623613963039,0
960,Valenciennes,France,3.5333,50.35,https://atlas.lisn.upsaclay.fr/sounds/Valenciennes.mp3,"L'bise et pis l'solel, i s'disputotent. I s'capougnottent. Chacun, i-assurot qu'i-étot l'pus fort, quand i z'ont vu un voïageur qui avinchot, inv'loppé dins sin mantiau. I sont quéus d'accord que ch'ti qu'i arriverot l'premier à i faire inl'ver s'mantiau au voïageur, i s'rot ravisé comme el'pus fort. Adès, l'bise, alle s'a mis à souffler d'toutes ses forches, mais pus alle choufflot, pus l'voïageur, i serrot sin mantiau autour ed'li, et, à la fin, l'bise, alle a arnonché d'li faire ôter. Alors, el'solel, i-a comminché à briller, et au bout d'un momint, l'voïageur, récauffé, i-a inl'vé sin mantiau. Ainsin, l'bise, alle a du r'connaîte que l'solel, i-étot l'pus fort des deux.",Femme,567.5951736179828,1105.765416229393,11.122498288843257,82.38370294318959,0
961,Valgrana,Italia,7.380552,44.412681,https://atlas.lisn.upsaclay.fr/sounds/Valgrana.mp3,"La bisa e ël sol rusavo ognidun ën disand che a l'era ël pì fòrt, cora l'han vist un viagiató ch'ës na rivava ëntortovignà ënt ël sò pastran. Së son butà d'acòrdi che ël prim che riussìa a fé gavé 'l pastran al viagiató sarìa stàit ël pì fòrt. Alora la bisa s'é butasse a sofié con tuta soa fòrsa, ma pì chila a sofiava, pì ël viagiató s'ëntortovignava ënt ël pastran. Parèj la bisa l'ha chità 'd sofié e l'ha lassà perdi. Alora ël sol ha tacà scaudé da bon e dòp un pò ël viagiató ha ciapà càud e s'é gavasse ël pastran. Parèj la pòvra bisa l'ha conossù che ël sol l'era 'l pì fòrt dij doi.",Homme,442.13898303245816,1242.3067945815806,10.850424366872005,67.05819986310746,0
962,Valladolid,Espagne,-4.725864,41.655912,https://atlas.lisn.upsaclay.fr/sounds/Valladolid.mp3,"El Viento del Norte y el Sol discutían cuál de los dos era el más fuerte, cuando pasó un viajero envuelto en una capa. Se pusieron de acuerdo en que aquel que primero pudiera obligar al viajero a que se le cayera la capa sería considerado el más fuerte. Entonces el Viento del Norte comenzó a soplar con mucha furia; pero cuanto más soplaba, más el viajero agarraba su capa, hasta que el Viento del Norte desistió. Entonces el Sol brilló con todo su esplendor e inmediatamente el viajero se quitó la capa. Así que el Viento del Norte tuvo que reconocer la superioridad del Sol.",Homme,639.932519969699,785.443387761899,13.316858316221767,67.9497672826831,0
963,"Valverde 
del Fresno",Espagne,-6.87891,40.221891,https://atlas.lisn.upsaclay.fr/sounds/Valverde_del_Fresno.mp3,"O Vento Norte e o Sol discutiam sobre qual deles era o mais forte, quando apareceu por ali um viajante envolto em ancha capa. Acordaram que o que antes conseguira obligar ao viajante a quitarse a capa seria considerau o mais forte. O Vento Norte soprou com mouta força, pero quanto mais soprava, mais se arrebulhava na sua capa o viajante; ao final o Vento Norte dejou a rinha. Depois o Sol luziu com forza, e de seguiu se quitou a sua capa o viajante. Por isso o Vento Norte tuvo que reconhecer a superioridai do Sol.",Homme,683.2582028128935,1453.1499530413237,16.058439425051336,67.19444216290212,0
964,vamale,NCWF,165.068241,-20.740029,https://atlas.lisn.upsaclay.fr/sounds/vamale.mp3,"I wabataan ma i xat, lu e-vwa wîîn, koma lu xaleke eca a vwa wîî-n. Ka ha-me thaloot ka i apuli, a thabuvi-a ca i joakan sapwen. Lu e-tena-lu hapi ka i bee-lu, i a bo uti i sapwen nya-pwa i apuli, ka ya i a bo balan ju-vaa vwa wîî-n. Ka cama vwa wîî-n, ka i apuli a bwa balan ju-vaa imwi nyakoo-n i sapwen. Ka i wabataan, a ja juu cika mwa wîî-n. Ka i xat a nyoot, a vwa wîîn, ka i apuli a ja juu uti mwa i sau-n. Bwa vuki-n ma caihnan ka i wabataan hapi na i xat i a vwa wîî-n nye-ca dawee-lu.",Femme,698.0252295639058,1353.9810274810675,24.83104722792608,76.34340862422998,0
966,Varazze,Italia,8.576651,44.359988,https://atlas.lisn.upsaclay.fr/sounds/Varazze.mp3,"'A tramontann-a e o sô raxonâvan ùn giorno in scë chi di duî o föise o ciù forte, quande han visto ùn viandante ch'o passâva ingùggïo in te 'na pesante pellegrinn-a. Se son missi d'accordo allöa che o primmo de loätri ch'o ghe l'aveise fæta a fâ levâ a pellegrinn-a de dosso a-o viandante o saieiva stæto conscideròu o ciù forte. A tramontann-a a s'è missa a sciusciâ con tùtta a seu forsa, ma ciù a sciùsâva, ciù o viandante o se ingùggiva in ta seu pellegrinn-a, tanto che a-a fin o poviòu vento a l'ha lasciòu perde. Allöa o sô o l'ha cominsòu a brillâ con tùtto o seu cädo e, de stocco, o viandante o s'è levòu a pellegrinn-a. Coscì a tramontann-a a l'ha dovùo rimarcâ che o sô o l'ëa ciù forte de lê.",Femme,687.1171783201574,1217.258773805698,14.101978097193705,75.72127310061602,0
967,Vargistagn,Suisse,9.407053,46.626604,https://atlas.lisn.upsaclay.fr/sounds/CH_Nordwind_Vargistagn.mp3,"Bischa a sulegl — Egn’eada sabaztgeavan la bischa ad igl sulegl. Tgenegn ca segi igl ple ferm dad els. Qua vean egn viandànt cun aint egn tgòld manti par veia.  Els ân sancunvagnieu, ca quel ca riva da far trer or igl  viandànt igl manti, segi igl ple ferm.  La bischa â zuflo cun tuta forza, mo ple blear c’ella zuflava  a ple fetg cigl viandànt sazugliev’aint an sieus manti.  Finalmeing a la bischa calo da zuflar.  Ussa â igl sulegl scaldo l’aria cun igls seas radis tgòlds. Suainter pintga peaza â igl viandànt tratg or igl manti.  Ascheia â la bischa stuieu rancanuscher, cigl sulegl segi igl ple ferm dad els dus.",Homme,489.97796506065754,527.1293931582313,1.754031485284052,84.94392197125258,1
968,Vaux-sur-Sûre,Belgique,5.634271,49.970404,https://atlas.lisn.upsaclay.fr/sounds/Vaux-sur-Sure_Sibret.mp3,"La bîje èt lu slo s' kihagnint ; ok come l'ôte prètandét k'il astét l' pus fwart. Â lon, i vèyant on voyadjeû avou on gros pal'tot ki s'avancét. I s' mètant d'acôrd ki l' prèmî ki ariv'rit à lî fè tirè s' pal'tot s'rit l' pus fwart. Alôr, la bîje s'a mètu à choflè d' totes sès fwaces et, po d'fini, èle s'a bin rindu conte k'èle nu plét nin-z î arivè. Èt pu, lu slo s'a mètu à lûre èt, pô d' timps après, lu voyadjeû, k'avét trop tchôd, è tirè s' pal'tot, et co minme lu gros pulovêr k'il avét padzo. Insi, la bîje è bin d'vu admète ki lu slo astét bin l' pus fwart des deûs.",Homme,620.9316220907396,1414.1236536332476,9.65893223819302,83.27346338124572,0
969,Velila de Cinca,Espagne,0.259749,41.586346,https://atlas.lisn.upsaclay.fr/sounds/Velilla_de_Cinca.mp3,"El aire del nort i el sol enraonaen quin de los dos ere el més fort, quan van veure un foraster pasar embolicat en una capa. Van acordar que el que aconseguisqués obigar al foraster a trause la capa seríe considerat el més poderós. El airee del nort va bufar molt fort pero quan més bufave més se emblicae el foraster en la segua capa i al final el aire del nort se va rendir. Allavonses el Sol va brillar molt poten, i inmediatamente el foraster se va traure la capa. Allà el aire del nort va reconeixe la superioridat del sol.",Femme,669.3439574545887,690.4230988378533,16.503737166324434,65.15687885010267,0
970,Vendays-Montalivet,France,-1.0667,45.35,https://atlas.lisn.upsaclay.fr/sounds/Vendays-Montalivet.mp3,"La bisa e lo sorelh se chamalhavan, cadun assegurens qu'èra lo pus hòrt, quand visturen un viatjurt que s'avançava engolopat dens son mantèth. Tombèren d'acòrd que lo premèir que 'ribaré a har quitar son mantèth au viatjurt saré gaitat coma lo pus hòrt. Alavetz, la bisa se metut a bohar de totas sas fòrças, mès, mei bohava, mei lo viatjurt sarrava son mantèth alentorn d'eth. E a la fin, la bisa renoncièt a lo ie har tirar. Alavetz lo sorelh comancèt a lusejar e au bot d'un moment lo viatjurt, escaudinat, tirèt son mantèth. Atau, la bisa divut reconéisher que lo sorelh èra lo pus hòrt daus dus.",Femme,709.7414590446073,1217.1118581109681,14.929534565366186,79.43728268309377,0
971,Vendays-Montalivet / Vendais e Montalivet,Occitanie,-1.0667,45.35,https://atlas.lisn.upsaclay.fr/sounds/Vendays-Montalivet.mp3,"La bisa e lo sorelh se chamalhavan, cadun assegurens qu'èra lo pus hòrt, quand visturen un viatjurt que s'avançava engolopat dens son mantèth. Tombèren d'acòrd que lo premèir que 'ribaré a har quitar son mantèth au viatjurt saré gaitat coma lo pus hòrt. Alavetz, la bisa se metut a bohar de totas sas fòrças, mès, mei bohava, mei lo viatjurt sarrava son mantèth alentorn d'eth. E a la fin, la bisa renoncièt a lo ie har tirar. Alavetz lo sorelh comancèt a lusejar e au bot d'un moment lo viatjurt, escaudinat, tirèt son mantèth. Atau, la bisa divut reconéisher que lo sorelh èra lo pus hòrt daus dus.",Femme,709.7414590446073,1217.1118581109681,14.929534565366186,79.43728268309377,0
972,Venteuges,France,3.498063,44.98469,https://atlas.lisn.upsaclay.fr/sounds/Venteuges.mp3,"La bisa e lo solelh se disputavan, chascun afortissent qu'èra lo pus fòrt, quand veguèron un voiatjur que s'assarrava, plejat dins son sanlhe. Se botèron d'acòrdi que aquelh qu'arribariá lo prumièr a faire levar son sanlhe alh voiatjur seriá vist coma lo pus fòrt. Adoncas, la bisa s'es botada a bofar de totas sas fòrças, mès mèlhs bofava, mèlhs lo voiatjur sarrava son sanlhe aitorn de z-elh e per la fin, la bisa renoncièt a li lo faire levar. Adoncas, lo solelh a començat a picar e per en achabar, lo voiatjur, eschalonat, s'es despolhat. D'aquelh biais, la bisa duveguèt reconéisser que lo solelh èra lo pus fòrt.",Femme,593.5342301617292,1054.5585791144406,9.276837782340861,78.35156741957563,0
973,Verdelais,France,-0.25,44.5833,https://atlas.lisn.upsaclay.fr/sounds/Verdelais.mp3,"La bisa e lo sorelh se garinhèvan, cadun assegurant qu'èra lo pus fòrt, quòra viren vèner un viatjaire que s'avancèva, envolopat dens son mantèth. Tombèren d'acòrd que lo qu'arribaré lo prumèir a hèser tirar lo mantèth au viatjaire seré gueitat coma lo pus fòrt. Lavetz, la bisa se botèt a bohar a se'n hèser esclapotar les gautas, mès tant mèi bohèva, tant mèi lo viatjaire s'anisèva dens son mantèth, e a la fin, la bisa renoncèt a li'c hèser tirar. Lavetz lo sorelh comencèt a rajar e au cap d'un moment, lo viatjaire, escalorit, se tirèt lo mantèth. Atau la bisa divut reconéisher que lo sorelh èra lo pus fòrt deus dus.",Homme,738.6322250396366,1398.6476821094473,14.465639972621492,76.8553593429158,0
974,Vesqueville,Belgique,5.394592,50.005963,https://atlas.lisn.upsaclay.fr/sounds/Saint-Hubert_Vesqueville.mp3,"Lu bîche èt l' solê astint an kigne-cagne. Chaconk du zês vlét-z èsse lu pus fwart, cand-t i-z ont vèyu on voyadjeû ki vnét a pî, agadlé dins s' mintê. I s' ant mètu d'acwârd po dire ku l' prumî ki frit desmoussè lu voyadjeû, i srit bin sûr ruwêtu come lu pus fwârt. Adon, lu bîche chofla, chofla du tote ses fwaces, mês pus ele choflét, pus l' voyadjeû su rafustulét dins s' mintê. Po fini, fèjant kerwée, lu bîche dècida du laichu tëmè l' cayèt. Alôrse, lu solê cminça a lûre, èt après on bon momint, lu voyadjeû, pètant d' tchôd, su desmoussa. Lu bîche è bin du rconu ku l' solê astét brâmint pus fwârt ku leye.",Femme,576.9730144590036,1086.8198529461338,9.65893223819302,83.27346338124572,0
975,Viana do Castelo,Portugal,-8.828829,41.692901,https://atlas.lisn.upsaclay.fr/sounds/Viana_do_Castelo.mp3,"O Vento Norte e o Sol discutiam, cada um garantindo que era o mais forte, quando viram um viajante que se aproximava, envolto no seu casaco. Chegaram a acordo que o primeiro a fazer o viajante tirar o casaco seria visto como o mais forte. Então o Vento Norte começou a soprar com toda a sua força, mas quanto mais soprava, mais o viajante aconchegava o casaco à sua volta. Por fim, o Vento Norte desistiu (de o fazer tirá-lo). Começou então o Sol a brilhar, e ao fim de um momento o viajante, acalorado, tirou o casaco. Desta maneira o Vento Norte teve de reconhecer que o Sol era o mais forte dos dois.",Femme,666.952050537876,873.8275939244373,15.539917864476386,78.97720739219713,0
976,Viane,Belgique,3.922716,50.743406,https://atlas.lisn.upsaclay.fr/sounds/Viane.mp3,"De nuuërderwendj en de zonne woeëren oeën 't discuteren wie van eulen tweeën de sterkste zou zijn. Zjust op da moment kwamt er ne voyageur oeën geklidj in ne weirme frak. Ze kwamen overieën da dien die 't ieëst de voyageur zijne frak kon doen uitdoen, de sterkste zou zijn. De nuuërderwendj begon uit al zijn force te bleizen maar hoe neiger dat 'n bleisdegen hoe mieër da de voyageur zijne frak toedeeg. Doeërachter begon de zonne neig te skijnen en de voyageur dee direc zijne frak uit. De nuuërderwind moest tein wel toegeven dat de zonne de sterkste van eulen tweeën was.",Femme,550.8233944587292,756.7189250325692,11.122498288843257,82.38370294318959,0
977,Vielha,Espagne,0.793127,42.70371,https://atlas.lisn.upsaclay.fr/sounds/Vielha.mp3,"Era tramontana e eth solei discutiguèren perque cadascun sostenguie que eth ère eth mès fòrt, quan veguèren a arribar un viatgèr embolicat damb ua capa. Acordèren qu'eth prumèr que li treiguèsse era capa serie considerat eth mès fòrt. Alavetz, eth vent comencèc a bohar damb tota era sua fòrça, e coma mès bohaue, mès fòrt s'agarraue era capa eth viatgèr. Ath finau, eth vent ac deishèc córrer. Alavetz, eth solei comencèc a cauhar e ath cap de un moment, acalorat, eth viatgèr se la treiguec. E atau, eth vent aguec de reconéisher qu'eth solei ère eth mès fòrt des dus.",Homme,694.5812301427814,1398.6160461046677,8.311711156741957,74.05190965092402,0
978,Vielha,Occitanie,0.793127,42.70371,https://atlas.lisn.upsaclay.fr/sounds/Vielha.mp3,"Era tramontana e eth solelh discutiguèren perque cadascun sostenguie que eth ère eth mès fòrt, quan veguèren a arribar un viatgèr embolicat damb ua capa. Acordèren qu'eth prumèr que li treiguèsse era capa serie considerat eth mès fòrt. Alavetz, eth vent comencèc a bohar damb tuta era sua fòrça, e coma mès bohaue, mès fòrt s'agarraue era capa eth viatgèr. Ath finau, eth vent ac deishèc córrer. Alavetz, eth solelh comencèc a cauhar e ath cap de un moment, acalorat, eth viatgèr se la treiguèc. E atau, eth vent aguèc de reconéisser qu'eth solelh ère eth mès fòrt des dus.",Homme,694.5812301427814,1398.6160461046677,8.311711156741957,74.05190965092402,0
979,Vielsalm,Belgique,5.915688,50.28269,https://atlas.lisn.upsaclay.fr/sounds/Vielsalm.mp3,"Li bîche èt l' solo si k'hagnint, chaskonk acèrtinant sèye li pus fwèrt adon k' on voyèdjeûr s' avancût bin ravôtchî divins s' mantê. Is toumint d' acwèrd po dèclarî li pus fwèrt li ci ki sèrût l' prumî à d'halî li voyèdjeûr di s' mantê. Adon li bîche s' ènonda po soflî di totes sès fwèces mins pus' soflût-èle, pus' li voyèdjeûr si rèssèrût-i o s' mantê èt po 'nnè fini li bîche rinonça. C' è-st-adon ki l' solo ataka à lûre èt i n' fala nin lontins po ki l' voyèdjeûr, bin rèchandi, lèyache toumî s' mantê. Insi, li bîche admèta ki l' solo èstût li pus fwèrt dès deûs.",Homme,690.4199078428065,1525.4191456237036,10.312929500342232,82.08999315537302,0
980,Vila Baleira,Portugal,-16.332884,33.061365,https://atlas.lisn.upsaclay.fr/sounds/Vila_Baleira.mp3,"O vento norte e o sol discutiam sobre quem era o mais forte, quando surgiu um viajante que estava envolto numa capa. Eles concordaram que o primeiro que fizesse com que o viajante tirasse a capa seria dos dois o mais forte. Então o vento norte soprou o mais que pôde, mas, quanto mais soprava, mais firmemente o viajante segurava sua capa. Por fim o vento norte deixou de tentar. Então o sol brilhou bastante, e o viajante tirou de imediato a sua capa. Com isto o vento norte foi obrigado a confessar que o sol era dos dois o mais forte.",Homme,694.2081330060198,1090.686262962815,20.022915811088296,78.99484599589323,0
981,Vilalba,Espagne,-7.681157,43.297486,https://atlas.lisn.upsaclay.fr/sounds/Vilalba.mp3,"O aire de norte e o sol discutían sobre cal deles era o máis forte, mentras pasaba un viaxeiro envolto nunha capa mui grande. Acordaron que o que antes lle fixese quita-la capa ó viaxeiro sería considerado o máis forte. O aire do norte petou con moita furia. Canto máis petaba, máis se envolvía o viaxeiro na súa capa e ó final o aire do norte desistiu. Despois, o sol quentou con forza e o viaxeiro sacou a capa. E entón o vento do norte tivo que recoñece-la superioridade do sol.",Femme,727.4651580477399,1042.6433281963498,13.048952772073923,82.74634496919919,0
982,Vilamovicean,EU,19.151926,49.916511,https://atlas.lisn.upsaclay.fr/sounds/Vilamovice_Vilamovicean.mp3,"Der hołwanahtwynd ȧn dy zun hon zih gyśułda, wyłer ej śtȧkjer. Derwȧjł ej ȧ batłer ym wȧg ferhejnganga ȧn'ȧ wiöe myt ȧm wiöema ibercijer ymkyct. Zy köma bȧdy uf ȧs, do dar, wo'ȧ der jyśty ȧ batłer wyt cwyngja cy dam, do'ȧ dy fłȧk rocoügt, wyt błȧjn gyzan, do'ȧ ej śtȧkjer. Der hołwanahtwynd füng o cy wyn fur ganca maht, oder im ȧ śtȧkjer wyt, y dam ymkyct zih mejer der batłer mytum ibercijer. Endłik höt der hołwanahtwynd ufgyhüt. Derzȧnk füng o dy zun hater cy śȧjn ȧn nö ȧr wȧjł cug der batłer ȧ ibercijer oüs. Ȧzu müst der hołwanahtwynd cüziöen, do dy zun wiöe śtȧkjer föna cwejn.",Homme,687.9204704018191,1290.2769178936974,8.927761806981518,81.51466803559205,0
983,"Vincentian
Creole",AGVoisin,-61.225837,13.155143,https://atlas.lisn.upsaclay.fr/sounds/vincentian_creole.mp3,Naat Win an Suhn bina aagyu fo no hu ga mo powa seim taim wan chavla kuhm pan i siin rap uhp ina wan tik koot. Dem bet da hau hu fuhs mek i chavla tek aaf fo i koot a i strangis wan. Den Naat Win blo i blo aal i kod buh aal i blo i blo i mek i chavla pol fo i koot mo taita pan fo i badi. An a so Naat Win stap chai. Nau Suhn kuhm hat hat an a rait so i chavla tek aaf fo i koot. An a so Naat Win bin hafo gri da hau a Suhn we bin ga i moos powa.,Femme,614.5659974688026,957.8249351857525,27.684544832306642,77.34822724161533,1
984,"Viodos-
Abense-
de-Bas",France,-0.881,43.243,https://atlas.lisn.upsaclay.fr/sounds/Viodos-Abense-de-Bas.mp3,"Aize beltza eta ekia bilaskatzen ziren, bakotxak segürtatüz azkarrena zela eta behin, bidajant bat ikusi züen hüilantzen, beroki batez üngüratürik. Bidajantari berokiaren kentzera heltüko zena azkarrena izanen zela ados jarri ziren. Ordüan aize beltza egin ahal oroz buhatzen hasi zen, bena buhatzenago eta bidajantak berokia tinkago etxekitzen züan, eta azkenean, aize beltzak üko egin züan. Ordüan ekia azkarrago dirdiratzen hasi zen eta ixtant baten bürüan, berotürik, bidajantak berokia elki züan. Holaz aize beltzak honartü züan ekia zela bietarik azkarrena.",Homme,568.5729915850176,1085.1985378412942,11.360862422997947,78.89776180698152,0
985,Viozene,Italia,7.781567,44.14472,https://atlas.lisn.upsaclay.fr/sounds/Viozene.mp3,"Ër vent e 'r sùu i discütìn 'n dì, sciü chi di düi l'era 'r ciü fort, 'ntra ili. Quand a 'n mument ër passa ün, ënvërücà 'nt ün mantèe pesë, e alura i së sun acurdai ch'ër primée d'ili ch'ër fuss arivà a farlì lëvàa 'r mantèe d'ëncol, ër sërìa avü 'r ciü fort. E 'r vent s'é mes a sciüsciàa, cun tüt a se forsa, ma ciü chë sciüsciàva, ciü quër-lì, 'r s'ënvërücàva 'n l'mantèe, tant ch'a ra fin, ër vent l'ha chità e l'ha lascià perdu. Alura 'r sùu, 'nt ün mument l'ha cumënsà a lüjìi, cun tüta a se carùu – 'r pai di marvëstìi – e imediatament ër viandant ër s'è lëvà 'r mantèe. Cuscì a tramuntana l'ha dëvü arcunusciu ch'ër sùu l'era ciü fort d'ela.",Homme,590.8147139383019,1206.8694325106294,12.37700205338809,68.99560574948666,0
986,Vireux-Molhain,France,4.725,50.0842,https://atlas.lisn.upsaclay.fr/sounds/Vireux-Molhain.mp3,"Li biche et l'solia s'chamayaient, chacon'que dijant qu'il estait le plus fwar, quand is ont véyu un voyèdjeu qui s'aprètait, rasserré dins un mantia. Is ont tchehu d'acwer qui l'ci qui arriv'rait le premî à fer dismouchi s'mantia autour d'li serait regardé com estan l'pus fwar des deux. Adon, la bise s'est mètue à chouffler di toutes ses fwarces. Min di plus qu'elle choufflait plus l'voyèdjeu s'rasserrait din s'mantia. Et à l'fin, la biche, discorèdjèye, renonça li fer vesser. Adon, alors, li solieil a attaqué à reluire di tous ses rayons et ben vite le voyageur, restchauffé, s'est dismouchi di son manteau. Et c'est com ça que la biche a été obligée de reconnaîte qui l'solia était l'plus fort.",Homme,516.2744567383598,793.1718432143582,10.144277891854895,82.97253935660507,0
987,Viroinval,Belgique,4.606535,50.074884,https://atlas.lisn.upsaclay.fr/sounds/Viroinval.mp3,"L' bîje èt l' solya s' tignént - brèf, is s' cachént mizêre - pou sawè l' quél des deûs èsteut l' mwins molasson.C'èsteut bén-astcheû ! En wèyant in bèrlu qui v'neut adé zias, tout racrapotè dins s' paltot, is-ont tcheû su èn arindj'mint : el cia qui ariv'reut l' preumî à fé s' dèsfèrloquér l' rafreudi, ç'ti-là pas'reut vrêmint. Adon l' bîje s'a mètu à chouflér tint qu'èle p'leut. Mês pus èle s'èspoumoneut, pus l' prom'neû s' mèteut au r'kwè dins s' cazaque. Èt pou fini, l' bîje a bachi lès brès, coûte d'alène qu'èle èsteut. Là-d'su, l' solya a cominci à lûre, mês à lûre, à s' fé mori. Èt passè in p'tit momint, l'ome, tout r'tchandi, a fini pa s' mète à purète. Bé wèy ! In côp racamardès, yun tout binauje mês l'aute tout pèneûs, is-ont conv'nu què li, l' solya, èsteut l' mwins fwèbe dè l' binde.",Homme,557.3248034247636,893.0117091675911,10.29056810403833,84.10185489390828,0
988,Virton,Belgique,5.532792,49.567561,https://atlas.lisn.upsaclay.fr/sounds/Virton.mp3,"La bîje èt l'sèlo s'dèhagnint, dijant l'inque coumme l'aute qu'il atout l'pus foût. I-s avant vû s'amoûner in voyadgeû ratorti das s'pal'tot. I s'sant mins d'accoûrd pou dère què l'preumi qui lî fârout r'tèrer l'pal'tot s'rout r'wâti coumme el pus foût. Là-d'sus, la bîje è coummaci à chouffler aussi foût qu'elle pèlout, mâs pus qu'elle choufflout, pus què l'voyadgeû r'sârout s'pal'tot autou d'lu, si bin qu'pou fini, la bîje è dèlâyi l'idée d'lî fâre tèrer. Alors, el sèlo s'è mins à lûre, èt au tchu d'in pau d'taps, el voyadgeû, ratchauffi, s'è dèhalé dè spal'tot. C'qui fât qu'la bîje n'è sû fâre autremat qu' d'admette què l'sèlo atout l'pus foût des deux.",Homme,786.1933422971433,1455.986044047872,10.283778234086242,82.25672826830937,0
989,Visbek,Deutschland_OF,8.311432516930806,52.83471408318093,https://atlas.lisn.upsaclay.fr/sounds/Visbek.mp3,"Eenmol sträften sik de Noordenwind un de Sünn, wecke vun de beiden woll de Starkere wöör, at en Wandersmann, de enen warmen Mantel anharr, den Weg hendaal güng. Se möken af, dat de at de Starkere gellen schull, de den Wandersmann sowiet kreeg, sienen Mantel uttotrecken. De Noordenwind puustde mit alle Macht, aver ümso döner he ok puustde, ümso faster trück de Wandersmann sienen Mantel. Toleste geev de Noordenwind den Wettstriet op. Nu warmde de Sünn de Luft mit ehr fründlichen Strahlen un all en Ogenblick löter trück de Wandersmann sienen Mantel ut. Do möss de Noordenwind togeben, dat de Sünn van beide de Baos wöör.",Homme,667.6603442457972,1327.6932964215043,10.33609171800137,84.22467488021903,0
990,Vocance,Croissant,4.552496,45.20142,https://atlas.lisn.upsaclay.fr/sounds/Vocance.mp3,"L'aura e le solelh se bigornavan, chascun assurava qu'èra le plus fòrt, quand veguèran un barrutlaire que s'avançava, empaquetat dins sa capa. Tombèran d'acòrd que quau qu'arrivará le promeir a faire quitar sa capa au barrutlaire seriá gaitat coma le plus fòrt. Alòrs l'aura s'es metaa a bofar de totas sas fòrças mès mielh bofava, mielh le barrutlaire sarrava sa capa autorn de ilo e a la fin l'aura a abandonnat de li faire quitar. Alòrs le solelh a començat a chaufar e dins un moment, le barrutlaire, bien eschaufat, a quitat sa capa. Alòrs l'aura a deuput reconeistre que le solelh l'èra le plus fòrt daus dos.",Femme,778.4793389528953,1462.3396891762434,10.165975359342916,77.70925393566051,0
991,Vorarlbergish,EU,9.742447,47.412089,https://atlas.lisn.upsaclay.fr/sounds/Dornbirn_Vorarlbergish.mp3,"Amol hend sich da Nordwind und d'Suna gstriatta, wer vo ena beidna da stärkere ischt, do ischt an Wandara mit anam warma Mandl ums eck ko. Sie hend abgmacht das der da Stärkere ischt, der's schafft das da Wandara da Mandl uszüht. Da Nordwind het agfanga mit alla Kraft zum blosa, aba umsomehr er blost, umso mehr schlüft da wandra in mantl ine. Nach a zit het da Nordwind ufgia. Danoch het d'Suna agfanga d'Luft zum ufwärma und schon nach a par Ogabilck züht da Wandara sin Mantl us. Do het da Nordwind zugig müssa das d'Suna stärker ischt wia Er.",Homme,584.6212139796766,1154.1665135037981,7.834914442162901,81.78446269678302,0
992,Võro,EU,27.002535,57.832786,https://atlas.lisn.upsaclay.fr/sounds/Voru_Voro.mp3,"Põh́atuul ja Päiv vaidliq, kumb näist kõvõmb om. Näist lätś tiid piten müüdä inemine ja nä lepeq kokko, et tuu, kiä sund' timmä rõivaq säläst võtma, omgi tugõvamb. Põh́atuul puhkõ nii kõvva ku joudsõ, a midä kõvõmbahe tä puhkõ, tuu kõvõmbahe tiikäüjä hinnäst rõividõ sisse mähke, nikagu Põh́atuul ärki vässü. Sis naaś Päiv lämmähe paistma ja inemine võtt' õkva rõivaq säläst ärq. Nii pidi Põh́atuul tunnistama, et Päiv om timäst kõvõmb.",Femme,747.2530093853535,1123.7164982019208,5.786700889801506,87.55227241615331,0
993,Vresse-sur-Semois,Belgique,4.901674,49.814578,https://atlas.lisn.upsaclay.fr/sounds/Vresse-sur-Semois.mp3,"La bîje èt l' solo s' tchikanint pou sawa l' ké dès deûs k'ètot l' pus fônrt. Tout d'in côp vlà èn' oume ki passe ; i voyadjot tout racafougnî dins sa paletot. A côsant atèr zeûs, i s'ant dit quu l' preumî ki l' frot dèoubi.î srot ma fwa lu pus fônrt dès deûs. La bîje è coumacî à choufler d' pus à pus fôrt més d'pus k'èle chouflot, dupus k' l'oume su racrapotot dins sa paletot, ç'ki fét k'èle è bin vû k'èle n'arivrot à rin. Tout d'in côp, l' solo è coumacî à loûre du pus à pus fônrt, pou l' fére awa tchônd ç'ki fét k' l'oume, bin rchandi, è rtiré sa paletot. An dèfinission d' conte, lu solo ètot bin l' pus fônrt dès deûs, la bîje è bin du lu rcounwate.",Homme,656.8908583642432,1590.6305044416033,10.144277891854895,82.97253935660507,0
994,Waake,Deutschland,10.05837291244976,51.55511638262036,https://atlas.lisn.upsaclay.fr/sounds/Waake.mp3,"Vor langer Tiet kabbelden sik de Noordwind un de Sunne, wer von den beiden woll de Stärkere wöre. Da kamm 'n Wandersmann vorbee, de harre 'n warmen Mantel an. Wer den dortau bröchte, sienen Mantel uttotehen, de solle de Stärkere von den beiden sien - dat mooketen sik sei unnernanner ut. De Noordwind puustede wat hei konne, over je mehr hei puustede, desto mehr mummelde sik de Wanderer in sienen Mantel in. An Enne gaff de Noordwind alle siene Meuhe up. Jetzt kamm de Sunne mit öhrer Hitte und öhren lichten Strahlen un mokede de Luft sau warme, dat de Wanderer ganz hille sienen Mantel uttoog. Do mosste de Noordwind taugeben, dat de Sunne de Stärkere von den beiden was.",Homme,716.7297064853287,1394.3751523139138,9.471047227926078,82.03071184120465,0
995,Waimes (Ovifat),Belgique,6.106427,50.46643,https://atlas.lisn.upsaclay.fr/sounds/Waimes_Ovifat.mp3,"Lè bîche èt l' solè sè dèspitînent, chaqu'onque forbatant què i-esteût lè pu fwèr', qwand i vèyont on voyadgeûr qui avancihéve, èwalpé è s' mantê. I toumont d'acwèr' què ci qui avinreût lè prèmîr à fé dèsmète sè mantê an voyadgeûr sèreût louqué come lè pu fwèr'.Adon, lè bîche sè mèta a sofler dè tote sè fwèce, mais an pus' sofléve-t-elle, an pus' lè voyadjeûr sèréve sè mantê antô d' lu, et po fini, lè bîche aban.n'na l' îdé dè lî fére tirer. Adon, lè solè cuèminça à rèlûre èt après one houbôte, lè voyadgeûr, rèchandi, tira sè mantê. Éssi lè bîche dèvla admète què l' solè esteût lè pus fwèr' des deûs'.",Homme,693.1396694843099,1452.895669884058,9.366509240246407,83.56731690622861,0
996,Waimes (Sourbrodt),Belgique,6.111726,50.479072,https://atlas.lisn.upsaclay.fr/sounds/Waimes_Sourbrodt.mp3,"Lè bîche èt l' solè sè dèspitînent, chakonk forbatant k'i-èsteût l' pus fwèr, cwand i-ont vèyu on voyadjeûr ki s'avancichéve, rafûlé è s' mantê. I-ont toumé d'acwèr kè ci dès deûs' ki parvinreût l' prèmîr à lî fé tirer s' mantê sèreût rèk'nochu come lè pus fwèr. Adon l' bîche s'a mètu à sofler dè totes sès fwèces, mès, pus' sofléve-t-èle, pus' lè voyadjeûr sè rafûléve-z-i è s' mantê, èt à l' fé, lè bîche l'a lèy bouf. Adon, lè solè a ataké à lûre, èt, à-n-on moumint d'né, lè voyadjeûr, rèstchanfé, a tiré s' mantê. Éssi, lè bîche a dèvlu rèk'noche kè l' solè èsteût l' pus fwèr dès deûs'.",Homme,654.8316435817737,1397.9537192148316,9.366509240246407,83.56731690622861,0
997,Walcourt,Belgique,4.4344631,50.266401,https://atlas.lisn.upsaclay.fr/sounds/Walcourt.mp3,"Èl bîje èyèt l' solia èstint in margaye. Yun come l'ôte acèrtineut qu'il èstèt l' pus fôrt, quand is ont vèyu on voyadjeû èmantchî dins on gros paltot. I s'ont mètu d'acôrd què l' ci qu'arivreut l' preumî a fé rsatchî l' paltot du voyadjeû sreut wétî come èl pus fôrt. Adon, èl bîje s'a mètu a chouflér du toutes sès fôrces. Mins pus èle choufleut, pus èl voyadjeû sèreut s' paltot alintoû d' li. Èt à l' fén, èl bîje a rnoncî di lî fé rsatchî. Adon, èl solia a comincî a rlûre, èt après in momint, èl voyadjeû, èrtchaufé, a rsatchî s' paltot. Insi, èl bîje a dvu rconèche qui l' solia èstèt l' pus fôrt dès deûs.",Homme,632.0880968185232,1478.1777017013899,10.816584531143054,82.7822997946612,0
998,Waldighofen,France,7.316875,47.550206,https://atlas.lisn.upsaclay.fr/sounds/Waldighofen.mp3,"Dr Nordwìng un d Sunne hai sìch deschpediert, jeder hèt behàuipte er sèig dr Stärchscht. Wu ne Wànderer ìn sim Màntel i-gwìckelt, z làuife chu ìsch, hai se sìch geinigt, àss da gwìnnt wu z erscht dr Wànderer zwìnge chà, si Màntel àb-z'zieh. Drno het dr Nordwìng blost mìt voller Chràft, àber wie mehr er blost hèt, so enger hèt sìch dr Wànderer ìn sim Màntel igmummelt, un ìm And hèt dr Nordwìng uf si Verlànge verzìchtet. Drno hèt d Sunna àfànge schiene un scho noh me Àuigeblìck hèt dr Wànderer, jetz vu dr Chälti befrèit, si Màntel àbzoge. Dodruf het dr Nordwìng müese züega, àss d Sunne vu de beidi dr Stärcher ìsch.",Homme,671.3267333714676,1016.3055999861476,9.907049965776865,81.33331279945243,0
999,Wallen,Deutschland_SH,9.269325,54.2836,https://atlas.lisn.upsaclay.fr/sounds/Wallen.mp3,"Eens kreegen sik de Noornwind un de Su¨nn inne Wull, wokeen vun su¨m beiden wull mehr Knööv harr, as en Wannersmann, de in een warm Mantel inmummelt weer, su¨m in de Mööt keem. Se worrn sik enig, dat de vun de beiden de Nöös vörn hem schull, de den Wannersmann dorto bringen dee, sien Mantel uttotrecken. De Noornwind fung an, mit allens wat he kunn to puusen, over je du¨ller he sik afmöhen dee, umso faster wickel sik de Wannersmann den Mantel um´d Liev. Do gung den Noornwind de Puust ut un he geev op. Nu keem de Su¨nn an de Reeg un fung an, de Luft mit ehr fru¨ndliche Strohlen antoböten, un de Wannersmann trock den Mantel bannig gau ut. Do muss den Noornwind togeven, dat de Su¨nn em över weer.",Femme,759.2491280852419,1416.2861050945476,9.89690622861054,85.5415537303217,0
1001,wallon du Wisconsin,AG,-87.62052943890234,44.7353541489698,https://atlas.lisn.upsaclay.fr/sounds/wallon_du_Wisconsin.mp3,"-Lë vint del Nôr èt l' solia ont yu one dispute. I vlîn' soyu li kén k' estot lë pus fwârt. Dë ç' tins k' i s' disputîn' fwârt, on voyajeûr a passé dins l' vôye, avou së capot autoû d' li. ""Faut k' on seûye contins"", lë solia a dit. ""lë cénk ki pôrot fé lë voyajeûr tirer s' capot est l' pus fwârt"". ""C'est bin"", lë vint del Nôr a grulé. Tot d' sûte, lë vint del Nôr soflé dèl fwârt frëde air conte lë voyajeûr. Avou l' prëmîne frède air sël voyajeûr, lë voyajeûr a rëbotné s' capot. Dëpës kë l' vint sofleûve, dëpës kë l' voyajeûr tënët së capot conte li. Lë vint a soflé fwârt conte lë voyajeûr. Mins lë voyajeûr n' a nén tiré s' capot. I l' a satchî conte li dëpës. Adon, lë solia a lû one miète. Èt l' voyajeûr a dësbotné së capot, èt i l' a leyî pinde su së spale. Du pus fwârt kë l' solia lûjeûve, du pus tchôd ku l' voyajeûr aveûve. Èt lu, il a tiré së calote, èt il a froté s' front. Èt lu a stî couru dins lë lombe dë l'aube k' estot dël costé dël vôye. C'est fait.",Femme,688.4065055128831,1844.7058055690386,8.428624229979466,78.75333333333333,0
1002,Walls,GB,-1.556441,60.22984,https://atlas.lisn.upsaclay.fr/sounds/Walls_Shetlandic_Scots.mp3,"Da Nort Wind an da Sun wis töllien as ta whit een o dem wis da mair bördly, whan a traiveler cam by weel happit up in a waarm cloak. Dey agreed dat da wan dat wis first ta gyet da traiveler ta takk aff his cloak sud be towt mair bördly dan da tidder. Dan da Nort Wind wis laek ta blaa as herd as he could, but da mair he blew da mair da traiveler rowed his cloak ticht aroond him; an at last da Nort Wind gied up tryin. Dan da Sun shone oot waarmly, an richt awa da traiveler laid by his cloak. An sae da Nort Wind couldna but agree dat da Sun wis da mair bördly een o dem.",Femme,655.6202243753888,1331.6978229620577,9.249377138945928,84.3086789869952,0
1003,Wardenburg,Deutschland_OF,8.195576157361105,53.06062104829483,https://atlas.lisn.upsaclay.fr/sounds/Wardenburg.mp3,"Vörtieden geev dat Striet twüschen Noordwind un Sünn, welkeen de Dannigste weer, at en Wannerer den Padd langs keem, de sik en warmen Mantel umschmeten harr. Noordwind un Sünn weren sik enig, dat dejenige de Dannigste weer, de dat schafft, den Keerl den Mantel aftonehmen. De Wind puust un puust, over je duller he puusten dee, umso faster holl de Wannersmann den Mantel to. Dor geev de Wind dat to. Nu warmde de Sünn de Luft un de Wannerer trock recht gau sien Mantel ut. Dor muss de Noordwind togeben, dat de Sünn de Dannigere von de beiden weer.",Femme,520.3819574506731,544.0256183299095,10.33609171800137,84.22467488021903,0
1004,Waterford,GB,-7.119101,52.246864,https://atlas.lisn.upsaclay.fr/sounds/Waterford_Irish_Gaelic.mp3,"Agus an Ghaoth Aduaidh agus an Ghrian ag iomarbhá lena chéile cé acu ba láidre den dís, tháinig taistealaí an tslí agus clóca cluthar air. D'aontaíodar an cúrsa do shocrú ar an tslí seo: pé acu do chuirfeadh iachall ar an dtaistealaí a chlóca do bhaint de, gurb é a mheasfaí ba chumhachtaí. Thosnaigh an Ghaoth Aduaidh, agus shéid go lán-neartmhar, ach dá dhéine a shéid sí is ea is dlúithe a chas an taistealaí a chlóca ina thimpeall; agus ar deireadh d'éirigh an Ghaoth Aduaidh as an iarracht. Ansin, do spalp an Ghrian agus lom díreach do bhain an taistealaí a chlóca de. Agus dá réir sin, b'éigean don nGaoth Aduaidh a ghéilleadh gurb í an Ghrian ba láidre.",Homme,789.3218047681494,1588.486588543817,11.684072553045858,86.78999315537303,0
1005,wayana,AG,-54.0338,3.6444,https://atlas.lisn.upsaclay.fr/sounds/wayana.mp3,"Tawun sisi malë tëheilanophetot, anumhak tëweitopkom enepohetot, masike tïtëtïtëm tënei ejahe iwëhjom tëtpï tupojao. Ëhekatïp iwepohnep topkom tëwetïhe tënom akename upo ïkipoja aptao mëkleman anumhakanme katohpëk tëwetïhe tot. Masike tawun woo meisne kunka anumhak, woo meine ikake tïtëtïtëhem  tupo apeine takïphe maka tawun eitoh pona upo ënïkïlïlanma tëkulephe. Masike sisi pulamkai kunetakïma, mëlëtpë poinë, epola tïtëtïtëhem ïja tupo tïkïhe sisi me kunëtïlëme sike. Mëlë pek ahpela katpo tawun tuhpolo sisi eitop pëk tuwalë kunëtïlï.",Femme,774.8936542368424,1164.4182630400255,26.26214236824093,80.57379876796715,1
1006,wayãpi,AG_Guyane,-52.339018,3.165328,https://atlas.lisn.upsaclay.fr/sounds/wayampi.mp3,"Kalãbae ɨwɨtu kwalaɨ lewe oyawayawayakupa, iyeyẽ ekasi e'i oyeipekupa, wɨĩ omã'ẽ oimolou oikomã'ẽlekupa, oyapewã oamãpiyape u oiko. Awayẽ tekatu oimolou oikomã'ẽ amãpiya omopɨso itɨmã'ẽ, a'eyẽ ikasi yowɨi. Wɨĩ, ɨwɨtu opeyukɨ'i opeyu aɨwete, wɨĩ amẽ oimolou mã'ẽ opɨãtã aɨ oamãpiyakɨ'i ayawile, ɨwɨtu opi iwɨi. Kwalaɨte amẽ akukɨ'ɨ ayawilewe, oimoloumã'ẽpe, akuwete, aelewamũte omopɨso oamãpiyakũ itɨ. Ayamẽte, ɨwɨtu e'i kwalaɨpe. ""Ẽdeyẽ nekasi"", e'i.",Homme,586.6415068147081,903.0633746886472,25.904517453798768,84.80865160848734,1
1007,Weener,Deutschland,7.35,53.16666667,https://atlas.lisn.upsaclay.fr/sounds/Weener.mp3,"Vör Tieden harren sük Noordwind un Sünn in d' Wull well van de beiden de Starkste was. Do kwamm nettakraat 'n Wannersmann vörbi, de en warm Mantel anharr. Se kwammen overeen, dat de de Starkste wesen sull, de de Wannersmann dwingen kunn sien Mantel uttotrecken. De Noordwind, de fung so doll an to blasen as he blot kunn, abers je doller he dat dee, umso faster truck de Wannersmann sien Mantel um sük to. De Noordwind hull up. Nu fung d' Sünn an mit hör fründelke Strahlen de Luft uptowarmen. Dat düürde neet lang, do truck de Wannersmann sien Mantel ut. De Noordwind muss togeven, dat de Sünn de Starkste van beiden was.",Femme,743.932127819237,1413.4147930351876,10.469390828199863,83.95501711156741,0
1008,Weiz,Allemagne,15.627631,47.216579,https://atlas.lisn.upsaclay.fr/sounds/Weiz.mp3,"Da Nordwind und de Sun hom amoi gstridn wer vo se zwa da stirkare warat, gach homs an Frempn in seim wờman rờk gseng. Se hom dan grờt wer an Frempn zerscht an Rờk toni dua lờst. Oft hot da Wind muaz gwaldi blờsn, owa je mehr a blờs hot, umso enga hotan zua gmocht. Nocha hot da Wind aufgebn weauil gkufn hots nix. Oft hot die sun aug-fangan zum leichtn und es is woam gwoatn. Ba klua hot da Frempe sein Rờk ozờgn. Hianz hot da wind zuagebn miasn, dass de sun gwungan hot.",Femme,651.5844675199854,1233.5910369023102,10.554709103353867,76.90201916495552,0
1009,Welkenraedt,Belgique,5.973143,50.660558,https://atlas.lisn.upsaclay.fr/sounds/Welkenraedt.mp3,"De Biis än de Zon woore zéch an et tärewäle, jékerénge wool der Schtärekste zie. Du zooge ze ene Réézender, verpakt én zinge Mantel. Ze zönt da överéékoome, dat däjéneje, dä der Öschte dä Réézender ezö wiit krääch, dat e zinge Mantel utdéng, der Schtärekste zow zie. De Biis hat du aagevange te blooze mét al hööir Kräfte. Mä wi schtäreker ze bloos, wi mie der Réézender zéch é zinge Mantel verpakde. De Biis hat du mote opgääve. De Zon hat du aagevange te schinge, än noo ene gewése Tiit hat der Réézender te wäärem än déét zinge Mantel ut. De Biis hat du mote äzie, dat de Zon de Schtärekste woor.",Homme,684.2116803711843,1038.4816108331815,9.366509240246407,83.56731690622861,0
1010,Wellin,Belgique,5.1151594616,50.08029091,https://atlas.lisn.upsaclay.fr/sounds/Wellin.mp3,"C' est l' solê èt l' êr di bîje ki s' margayèt an dijant ""c'est mi l' pus fwârt !"". Did lon, i vèyèt tos les deus on vî ome avu one grosse cazake su s' dos, k' arivot adlé zels. A zels deus, i gadjint, po veuy li ké ki sèrot l' pus fwârt des deûs, po k' l'ome tire si cazake. Adon, li bîje a atakè a chouflè. Èle choflot di totes ses fwaces. Mês, au pus fwârt k' èle choflot, l'ome si racrapôtot dins s' cazake. Au dbout d'on momint, li bîje vèyant k'èle n'î arivot nin, a bachi les brès. Ladsu, li solê a cminci a lûre èt a tchaufè. A ç' momint la, l'ome a cminci a awè tchônd. Adon, il a rtirè s' cazake, et i l' a tapè su ses spales, télmint k' il avot tchônd. Tot conte fêt, li solê a dit a l' bîje : ""ci cônp ci, c'est cand minme mi k'a gangni"".",Homme,656.4779375235531,1408.2306081132915,10.144277891854895,82.97253935660507,0
1011,Welsh,EU,-4.084584,51.696689,https://atlas.lisn.upsaclay.fr/sounds/Llangennech_Welsh.mp3,"Roedd Gwynt y Gogledd a'r Haul yn dadlau pa un oedd gryfaf, pan ddaeth teithiwr heibio wedi'i lapio mewn clogyn cynnes. Fe gytunon nhw mai'r un cyntaf i lwyddo i gael y teithiwr i dynnu'i glogyn fyddai'n cael ei ystyried fel y cryfaf o'r ddau. Yna chwythodd Gwynt y Gogledd mor galed ag y gallai, ond po fwyaf y chwythai mwyaf tynn y byddai'r teithiwr yn lapio'i glogyn o'i amgylch; ac o'r diwedd rhoddodd Gwynt y Gogledd y gorau i'r ymgais. Yna disgleiriodd yr Haul yn gynnes, ac ar unwaith tynnodd y teithiwr ei glogyn. Ac felly bu'n rhaid i Wynt y Gogledd gyfaddef mai'r Haul oedd y cryfaf o'r ddau.",Femme,852.7902216902195,1220.4328439774845,11.900547570157427,85.46321013004791,0
1012,Wesselburen,Deutschland_SH,8.916666984558105,54.21666717529297,https://atlas.lisn.upsaclay.fr/sounds/Wesselburen54.mp3,"v54       v55      v58      v61     Eenst streden sik Noordwind und Sünn, wer von de beiden wohl de Stärkere weer, as een Wanderer, di in een warmen Mannel hüllt weer, des Wegs keem. Se worrn sik enig, dat dejenige de Stärkere ween schull, de dat torech kreeg, dat dee Wanderer sien Mannel uttrecken deit. De Noordwind puust mit Macht, over je mehr he puust, desto faster hüllt sik de Wanderer in sien Mannel. Endlich geev de Noordwind den Kampf op. Nu warm de Sünn mit ehr warmen Strphlen de Luft und no wenige Ogenblicke trock de Wanderer sien Mannel ut. Nu muss de Noordwind togeben, dat de Sünn von de beiden de Stärkere weer.     Eens streden sik Noorwind un Sünn, wokeen vun de bei’en woll de Starkere weer, as een Wannersmann, de in en warm Mattel hüllt weer, den Weg dol keem. Se worrn sik eni, dat dejenige für den Starkeren gellen schull, de den Wannersmann zwingen worr, sien Mattel uttotrecken. De Noorwind bloos mit alle Macht, ober je mehr he blosen dee, umso faster hüll sik de Wannersmann in sien Mattel in. Endli geev de Noorwind den Kampf op. Nu warm de Sünn de Luft mit ehr fündliche Strohlen un wenige Ogenblicke loter trock de Wannersmann sien Mattel ut. Do muss de Noorwind togeben, dat de Sünn von de bei’en de Starkere weer.     Vor Tieden streden sik de Noornwind un de Sünn, wokeen von beiden woll de Stärkste weer. As een Wannersmann, dick antrocken in een warmen Mantel, vorbi keem. Se worrn sik eni, dat de von beiden de Stärkste is, de den Wannersmann dorto kreeg sien Mantel uttotrecken. De Noornwind puust so dull he kunn, over de Wannersmann pluuster sik in sien Mantel. To gooter Letzt leet de Noornwind no un geev op. Nu weer de Sünn an de Reeg. Mit ehr warmen Strohlen heiz se de Luft an. Kott dono trock de Wannersmann sien Mantel ut un de Noornwind muss begriepen un ok togeben, dat de Sünn von beiden doch de Stärkste is.   Eenst streden sik de Noordwind un de Sünn, wokeen von de beiden de Stärkere weer. As een Wandersmann, de in en warm Övertrecker inmummelt weer, den Weg lang keem. Se wurrn sik ens, dat de de Stärkere sien schull, de den Wandersmann twingen wörr, sien Övertrecker aftonehm. De Noorwind puust mit alle Macht, avers je duller he bloos, so faster wickelt sik de Wandersmann in sien Övertrecker in. En Enn geev de Noornwind de Striet op. Nu warmt de Sünn de Luft mit ehr fründlichen Lüchten un glieks no een lütten Ogenblick treck sik de Wandersmann sien Övertrecker ut. Do musst de Noornwind togeben, dat de Sünn vun de beiden de Stärkere weer.",Femme,716.3906004186173,1500.111951608685,10.45728952772074,85.07072553045859,0
1013,West Riding dialect,EU,-1.4669560570652669,53.38268496335094,https://atlas.lisn.upsaclay.fr/sounds/Sheffield_West_Riding_dialect.mp3,"T' North Wynd an t' Sun wor fratchin abaat who wor t' strangest when a traveller come alang lapp'd in a warm clooak. They agreed as t' one as furst succeeded i mekkin t' traveller doff his clooak shoud be consider'd stranger nor t' tother. Then t' North Wynd blaw'd as hard a he coud, but t' moor he blaw'd, t' cloiser t' traveller fowded his clooak araand hissen; an at last t' North Wynd gen up t' attemt. Then t' Sun shoan aat warmly an streight away t' traveller shifted aat on his clooak. An soa t' North Wynd wor foorced to confess as t' Sun wor t' stranger o t' two.",Homme,780.3640336904629,1385.0009212864989,9.918343600273786,86.01285420944558,0
1014,Westerdeichstrich,Deutschland_SH,8.866666793823242,54.16666793823242,https://atlas.lisn.upsaclay.fr/sounds/Westerdeichstrich.mp3,"Streden sik mol Noordwind un de Sünn, wer woll von de beiden de Stärkste weer. As ein Wanderer, dee in ein warm Mantel hüllt weer, een Weg dorher keem. Se weiln sik eini, dat dejeinige de Stärkere weer, der den Wanderer dwingen worr sien Mantel aftonehmen. De Noordwind bluus mit ganz viel Macht, over je mehr he bloos desto faster hüll de Wanderer sik in sien Mantel in. Endli geev de Noordwind den Kampf op. Nu warm de Sünn mit ehr fründlichen Strohlen de Luft op und schon nu weinigen Ogenblicken trock de Wanderer sien Mantel ut. Do musst de Noordwind togeben, dat de Sünn von de beiden de Stärkere weer.",Femme,703.4268726691575,1321.5212277155645,10.45728952772074,85.07072553045859,0
1015,"Westerende-
Holzloog",Deutschland_OF,7.391459797619648,53.455224439892696,https://atlas.lisn.upsaclay.fr/sounds/Westerende-Holzloog.mp3,"Eenst stritten sük Noordwind un Sünn, well von beiden woll de Starkere weer, as en Wanderer, de in en warme Mantel hüllt weer, de Weg daarher kwamm. Se wurren sük enig, dat dejenige för de Starkere gellen sull, de de Wanderer zwingen wüür, sien Mantel oftonehmen. De Noordwind puustdete mit aller Macht, aber je mehr he puusten dee, um so faster hüllte sük de Wanderer in sien Mantel in. Endlich gaff de Noordwind de Kampf up. Nun warmde de Sünn de Luft mit hör fründlich Strahlen un bold, na wenige Ogenblicken, truck de Wanderer sien Mantel ut. Do musste de Noordwind togeven, dat de Sünn van beiden doch woll de Starkere weer.",Femme,676.2379273248805,1578.403863242698,10.637967145790554,84.19889801505818,0
1016,Wiefelstede,Deutschland_OF,8.118263256189039,53.25443512464553,https://atlas.lisn.upsaclay.fr/sounds/Wiefelstede.mp3,"In ole Tieden streden sik Noordwind un Sünn, well van de beiden woll de Dannigere weer, at en Wannersmann, de in en warmen Mantel inhüllt weer, den Padd langs keem. Se kemen övereen, dat de at de Dannigste gellen schull, de den Wannersmann darto bringen dee, sien Mantel aftoleggen. De Noordwind puust för Gewalt, aver je mehr dat he puusten dee, je faster hüll sik de Wannersmann in sien Mantel in. Uplest geev de Noordwind dat to. Nu warmde de Sünn de Lucht mit ehre fründlichen Strahlen, un al na en paar Ogenslääg trock de Wannersmann sien Mantel ut. Do müss de Noordwind dat togeven, dat de Sünn van de beiden de Dannigere weer.",Homme,505.36121235570806,672.0035849730408,10.363162217659138,85.1339151266256,0
1017,Wien,Autriche,16.365041,48.206387,https://atlas.lisn.upsaclay.fr/sounds/Wien.mp3,"Da Wind und die Sun hom'si gstrittn und a jeda hot gmant das a da Stärkste is. Dann homs an Reisenden in sein Mantel gsehn. Da warn se si einig das der da Erste is da ihm dazu bringt san Mantel auszuziehen da Stärkste is. Dann hot da Wind mit aller Kraft blasn, oba umso mehr da Wind wurn is desto festa hots dem Reisende sein Mantel zuadruckt. Am Schluss hats dem Wind graicht und da Reisende konnte seinen Mantel ausziehen. Eh klar, dann is die Sun kumma und dem Reisenden is warm wurn und hat sein Mantel auszogn. Da hat da Wind ausm Norden gsehn das die Sun die Stärkere is.",Homme,821.4235543575213,1313.1674262823815,10.38829568788501,76.31577686516086,0
1018,Wilamowice,Deutschland,19.151926,49.916511,https://atlas.lisn.upsaclay.fr/sounds/Vilamovice_Vilamovicean.mp3,"Der hołwanahtwynd ȧn dy zun hon zih gyśułda, wyłer ej śtȧkjer. Derwȧjł ej ȧ batłer ym wȧg ferhejnganga ȧn'ȧ wiöe myt ȧm wiöema ibercijer ymkyct. Zy köma bȧdy uf ȧs, do dar, wo'ȧ der jyśty ȧ batłer wyt cwyngja cy dam, do'ȧ dy fłȧk rocoügt, wyt błȧjn gyzan, do'ȧ ej śtȧkjer. Der hołwanahtwynd füng o cy wyn fur ganca maht, oder im ȧ śtȧkjer wyt, y dam ymkyct zih mejer der batłer mytum ibercijer. Endłik höt der hołwanahtwynd ufgyhüt. Derzȧnk füng o dy zun hater cy śȧjn ȧn nö ȧr wȧjł cug der batłer ȧ ibercijer oüs. Ȧzu müst der hołwanahtwynd cüziöen, do dy zun wiöe śtȧkjer föna cwejn.",Homme,687.9204704018191,1290.2769178936974,8.927761806981518,81.51466803559205,0
1019,Wilamowice,Deutschland,19.151926,49.916511,https://atlas.lisn.upsaclay.fr/sounds/Vilamovice_Vilamovicean.mp3,"Der hołwanahtwynd ȧn dy zun hon zih gyśułda, wyłer ej śtȧkjer. Derwȧjł ej ȧ batłer ym wȧg ferhejnganga ȧn'ȧ wiöe myt ȧm wiöema ibercijer ymkyct. Zy köma bȧdy uf ȧs, do dar, wo'ȧ der jyśty ȧ batłer wyt cwyngja cy dam, do'ȧ dy fłȧk rocoügt, wyt błȧjn gyzan, do'ȧ ej śtȧkjer. Der hołwanahtwynd füng o cy wyn fur ganca maht, oder im ȧ śtȧkjer wyt, y dam ymkyct zih mejer der batłer mytum ibercijer. Endłik höt der hołwanahtwynd ufgyhüt. Derzȧnk füng o dy zun hater cy śȧjn ȧn nö ȧr wȧjł cug der batłer ȧ ibercijer oüs. Ȧzu müst der hołwanahtwynd cüziöen, do dy zun wiöe śtȧkjer föna cwejn.",Homme,687.9204704018191,1290.2769178936974,8.927761806981518,81.51466803559205,0
1020,Wiler-Lötschental,Suisse,7.780664,46.402889,https://atlas.lisn.upsaclay.fr/sounds/CH_Nordwind_Wiler-Loetschental.mp3,"Änmaal heind dr Hèrtu und d Sunna gschtrittn, wells van beeden z Schtèrchra sii. Den isch grad e Wandrer verbiigìgang, wa en dickn Mantl hed anghabed. Tùä heind d Sunna und dr Hèrtu abgmacht, dass daas z Schtèrchra sii, wa däm Wandrer chenn im Mantl abzien. Dr Hèrtu hed ungheeri gìblaasn und gìpfiifud, aber dr Wandrer hed schiin Mantl nu mee zuegìzogn. Schlussändlich hèd dr Hèrtu miessn uifgään. Aber deen hed d Sunna ganz waarm afa schiin und baald hèd dùä der Wandrer im Mantl abgìzogn. Jetzt hèd dr Hèrtu miessn zuegään, dass d Sunna d Schtèrchri van inen beeden gsiin ischt.",Femme,669.297015514265,1352.4168244610578,5.19488706365503,79.33000684462696,0
1021,Wohlen,Suisse,8.277268,47.351326,https://atlas.lisn.upsaclay.fr/sounds/CH_Nordwind_Wohlen.mp3,"De Nòrdwind ùnd d Sùnne — Emòòl händ de Nòrdwìnd ùnd d Sùnne gchèèret, wèèr vo beedne ächt de Schtèrcher sig. I dèm Momänt ìsch e Wanderer im ene waarme Mantel dehèèr cho. Si händ abgmacht, dass dèè als de Schtèrcher söll gälte, wo de Wanderer dezue brìngt, sin Mantel abzzie. De Nòrdwìnd hèd mìt aller Chraft plòòset, aber je mee dass er plòòset hèd, ùmso änger hèd sìch de Wanderer i sin Mantel iigmùmmelet. Dòò hèd de Nòrdwìnd de Kampf uufggèè. Jetzt hèd d Sùnne d Lùft mìt ìrne frǜndlìche Schtraale gwèèrmt, ùnd scho glii hèd de Wanderer sin Mantel abzòge. Dò hèd de Nòrdwìnd müesse zuegèè, dass d Sùnne vo ìne beedne di Schtèrcher ìsch.",Femme,672.4020285629567,1314.5944223673805,9.95460643394935,81.8411293634497,0
1022,Wolfenschiessen,Suisse,8.396117,46.908736,https://atlas.lisn.upsaclay.fr/sounds/CH_Nordwind_Wolfenschiessen.mp3,"De Noordwind und d Sunne — Äinisch hend de Noordwind und d Sunne gschtritte. Si hend welle wisse, wer vo iine de Schtèèrcher seig. Da isch e Wanderer dehäärcho. Är hed e waarme Mantel aagha. Si hend abgmacht, dass dää vo iine de Schtèèrcher seig, wo de Wanderer so weit bringt, dass er sei Mantel abzied. De Nordwind hed fescht plaase, aber je mee dass er plaase hed, desto feschter hed sich de Wanderer i sei Mantel iigwicklet. Da het de Noordwind uifggää und d Sunne het d Luft uifgwèèrmt mit irne frindliche Schtraale und scho glei het de Wanderer sei Mantel abzoge. Da het de Noordwind miesse zuegää, dass d Sunne die Schtèèrcher isch vo iine.",Femme,700.7424789184765,1520.5657208611292,8.588788501026693,78.86977412731007,0
1023,Wolfsberg,Allemagne,14.842155,46.843084,https://atlas.lisn.upsaclay.fr/sounds/Wolfsberg.mp3,"Aneah hom sich da Nordwind und di Sun gstriahtn, da woeuli von boadi wuihl d'Stoakeri woa. Gach is a Wondara kem in a woami Bloachn ei'khüit. Den hem se gsogt, je dageheni is da Stoakeri der 'n Mon zwingan kennt sei Bloachn obzunehm. Da Nordwind da ofgebloasn mit ola Kroft, awa je mehr ar geblosn hot umso festa hot sich da une in seine Bloachn eineghüit. Und dann hot owa da Nordwind aufgebm. Und dann is de Sun k'hem und hot de Luft da-wauihmt und schon noch wenige Augenblick hot da Wondara sei Bloachn ausgezoihgn. Und nachand hot da Nordwind scho gse-chahn, doss de Sun vo sehena boadn di Stoakere woa.",Homme,688.281959069924,1249.6056002503383,8.01611909650924,81.56769336071184,0
1024,Wolfskirchen,France,7.075,48.8806,https://atlas.lisn.upsaclay.fr/sounds/Wolfskirchen.mp3,"Der Nordwìnd ùnn de Sùnn hònn sich dìschbediert. Jééder hàtt wìlle de schdärckschde sìnn. Dò hònn se e Rææsender vorbiezijje gesinn, ìn sinnem Mòndel ìngewìggelt. Se hònn sich geèènicht dàss dèr wo òm érschde de Rææsende de Mòndel üsszijje màcht, ìsch dònn der schdärckschde. Der Nordwìnd hàtt ònfònge ze blòòse mìt voller Kràft, àwwer jéh méhr er geblòòst hàtt, déschdo féschder hàtt dèr Mònn de Mòndel zòmmegezew ùnn òm Èng hàtt der Wìnd mìsse ùffgìn. Dennòh hàtt de Sùnn òngefòng ze schinne ùnn nòh'me Rònd, hàtt der Rææsende, dùrchgewärmelt, sinne Mòndel üssgezew. So hàtt der Nordwìnd mìsse zùgìn dàss de Sùnn vòn dènne zwæi schdärger ìsch.",Homme,602.1275897022763,1085.3819545243316,10.777166324435319,80.10129363449693,0
1025,wolof,Africa,-16.736612065763403,15.014221979741956,https://atlas.lisn.upsaclay.fr/sounds/wolof.mp3,"Ngélaw li ak jant bi dañu doon werante, ku ci nekk naan sa moroom maa la ëpp doole ; noonu rekk ñu séen tukkikat bu làmboo palto di dox jëm ci ñoom. Ñu daldi dëppo ci ne, ku jëkka muri palto tukkikat bi yaa ëpp doole. Ngelaw li tàmbalee upp kéemtalaayu kartanam waaye, lu mu gën di ngelaw, tukkikat bi gën di xëccaay paltoom ; ngelaw li mujj bàyyi. Noonu, jant bi tambalee tàng di tàng ba mu yàgg, tangaay wi jàpp tukkikat bi mu summi palto bi. Noonu la ngelaw li  nangoo ne jant bi moo ko ëpp doole.",Homme,612.6964081356134,1254.6196575366857,25.663504449007526,65.83409993155372,1
1026,Wrixum,Deutschland,8.542572,54.695442,https://atlas.lisn.upsaclay.fr/sounds/Wrixum.mp3,"Fröher kappelten sik de Noordwind un de Sünn, wer von beeden de Starkte weer, as en Wannersmann, de in en warme Mantel wickelt weer, de Weg entlang kümmt. Se worden sik eens, dat de Starkte sien sull, de de Wannersmann dwingen deit, de Mantel aftonehmen. De Noordwind puustete mit alle Macht, aber wo mehr he pustete, wo faster wickelte de Wannersmann sik in sien Mantel in. Tolest geev de Noordwind de Striet op. Nu warmte de Sünn de Luft mit ehr fründliche Strohlen un glieks na’n Ogenblick nehmt de Wannersmann sein Mantel af. Do musste de Noordwind togeben, dat de Sünn de Strakste von beiden weer.",Homme,809.1609984703397,1215.3435385087846,10.245530458590006,85.69598220396989,0
1027,Wünnewil,Suisse,7.279327,46.873822,https://atlas.lisn.upsaclay.fr/sounds/CH_Nordwind_Wuennewil.mp3,"Bìsa ù Sùna — Ìnìsch hìì d Bisa ù d Sùna drùm zangget, wäär vo ìne beidne äch schteercher sigi. Da isch a Wanderer cho z lùùffe, won a waarma Mantù aaghääbe het. Si hìì abgmacht, dass dia aus schteercher söli gäüte, wo de Wanderer dezue brìngi, si Mantù abzzie. D Bisa het mit aller Chraft plaase, aber je mee dass si plaase hèt, dèschto fèschter het sich de Wanderer i si Mantù iigmùmelet. Schlùsèntlich het d Bisa de Kampf ùffggää. Ìtz het d Sùna afa schiine, gìng wöörmer, u scho nach ùma chùùrze Zitli het de Wanderer si Mantù abzòge. Daa het d Bisa müesse zuegää, dass d Sùna schteercher isch.",Homme,827.5785336562234,1551.7420054396164,9.626475017111568,78.46143052703627,0
1028,xârâcùù,NCWF,165.960116,-21.521353,https://atlas.lisn.upsaclay.fr/sounds/xaracuu.mp3,"[Mââî mê na gwèè,] kwâdè mê kâmîâ, wakè rè ru kèè-xatii, döbwa chaa ché sae wâ dè nämè niè rè axëtë. Wâ chaa daa, ru xapârî toamê chaa kâmûrû afädë, è nîrî chaa pwarito. Ru chétoanôô nämè wèi bwa mè è nä fanéwitaa rèè pwarito nä, mè ê nä téé kaxê rèè. Kwâdè wâ sî tara ngê pènêê xëtë rèè. È sî sae, nä kâmûrû afädë chèèpipiri pwarito mwîrî. Facokwa rèè nä kwâdè wâ winâ chéé. Kâmîâ wâ dèpu mwâ tara. Nä tö chaa bwèrè kètè, kâmûrû afädë wâ mêgi, è néwitaa pwarito mwîrî. Kèwâ daa nä, kwâdè wâ tùrù nämè kâmîâ niè rè axëtë kèwâ ru. [Xwânee rè jinä. Cokwa.]",Femme,610.6115537665711,1092.483056946941,24.149733059548257,77.09757015742642,0
1029,yaminahua,Bolivia,-69.428746,-10.938909,https://atlas.lisn.upsaclay.fr/sounds/yaminahua.mp3,"Dewe we fari askawatanabiswu fatu rawe kerex fidakuiyamaiki, yura fakira chai kai perakubei wetseax kawadai du. Yuinadiwu kia fatutukai a yura perakubeax kai pekabaimaiki a na pekabaki taewaru na kerexepa fida ikikai idiwukia. Naskaidu kia, dewe newè wainakuandikia fàsikui dewei; na dewe fidakuiyaidukia na ñurame fàsikui ñatai awe perakubeti, ma naskawatakia dewe dishpa paketa atsanadi ana akiba idikia. Naskaidu kia, fari fàsikui pee inakuadikia fari paewakui idikia, na chiwa bekikia na ñura perakubea kushikui peka akewadikia. Naskake newe tapidi fari awe kerex pae fidakuiya.",Femme,669.6135278558893,844.1767059711262,26.090985626283366,78.6562970568104,1
1030,yanomami,AG,-62.4166,3.6,https://atlas.lisn.upsaclay.fr/sounds/ninam.mp3,"Perem xĩĩxo wathorixo kɨp nothatxom, kɨp wãha txathëtxoɨ; kɨp wãhatxathëtxowii, naha kɨteen hatrothotho einaha peremxĩĩ kɨn kamatxa. Watori kɨtxom: kɨ mahkɨre naha kɨteene wãhan rothotoi pontoo wahatxramarĩ ninam pihi hɨreha. Naha kɨteene kamtxan yat parɨaɨ watori kɨtxom; pihi horaxmare ɨ̃ kãrĩ watorin thë txahɨhpo mahkɨre; pihi horaxmare ɨ̃ kãrĩ watorin thë txahɨhpo mahkɨre, hɨ̃xɨ̃apuk txaraa ĩkarĩ thë txahɨ korin mahkii ninam txai hotxarepɨrɨm, hotxare pɨrim mahkii. Hãxĩmi txoɨha hɨrararem: haikio, txa thãn mahkii (conseguira pemi haikiom) yat hatxaramã pemi haikiom. Perem xĩĩ pihikitxohe kamaya wa pamo nohom; wahatxaramanaithë wahatxaramanohorã ithë kɨn mahkii peremxĩĩn. Hẽskin rothotorari pa hĩoxĩ pihi tri kɨratxo kɨri õxami, hĩoxi tri kɨratxowii; ninamɨn pontoo pa pihihatxɨrareha. Pontoo popohoi hatxɨrarii iha perem xĩĩ pihi kɨtxohe haikio, perem xĩĩ kahĩkatxoɨ watori iriha. einaha thë kɨratxom.",Homme,565.2067873284982,613.2651393894403,25.202929500342233,82.21067077344284,1
1031,yiddish,LNT_Europe,20.749722,50.611667,https://atlas.lisn.upsaclay.fr/sounds/yiddish.mp3,"alphabet hébreualphabet latin דער צפֿון־װינט און די זון האָבן זיך געשפּאַרט : יעדערער האָט געטענהט אַז ער איז דער שטאַרקסטער. אין דעם האָבן זיי דערזען אַ װאַנדערער װאָס איז זײ אַנטקעגן געקומען, אַן אײַנגעוויקלטער אין אַ מאַנטל. זײ זײַנען מסכּים געװאָרן אַז דער װאָס װעט דער ערשטער דערגרייכן, אַז דער װאַנדערער זאָל אויסטאָן דעם מאַנטל, דעם זאָל מען האַלטן פֿאַרן שטאַרקסטן.חאָט דאַן דער צפֿון־װינט אָנגעהויבן בלאָזן מיטן גאַנצן כּוח , אָבער װאָס מער ער האָט געבלאָזן, אַלץ מער האָט דער װאַנדערער זיך אײַנגעטוליעט אינעם מאַנטל. צום סוף האָט דער צפֿון־װינט אײַנגעזען, אַז ער וועט דעם מענטשן נישט קענען ברענגען אים אויסצוטאָן.האָט דאַן די זון אָנגעהויבן צו שטראַלן און נאָך אַ װײַלע האָט דער װאַנדערער, אַ דערװאַרעמטער, אויסגעטאָן דעם מאַנטל. אזוי האָט דער צפֿון־װינט געמוזט אָנערקענען אַז פֿון זײ בײדן איז די זון די שטאַרקסטע.Der tsofn-vint un di zun hobn zikh geshpart : yederer hot getaynet az er iz der shtarkster. In dem hobn zey derzen a vanderer vos iz zey antkegn gekumen, an ayngeviklter in a mantl. Zey zaynen maskim gevorn az der vos vet der ershter dergreykhn, az der vanderer zol oyston dem mantl, dem zol men haltn farn shtarkstn. Hot dan der tsofn-vint ongehoybn blozn mitn gantsn koyekh, ober vos mer er hot geblozn, alts mer hot der vanderer zikh ayngetuliet inem mantl. Tsum sof hot der tsofn-vint ayngezen, az er vet dem mentshn nisht kenen brengen im oystsuton. Hot dan di zun ongehoybn tsu shtraln un nokh a vayle hot der vanderer, a dervaremter, oysgeton dem mantl. Azoy hot der tsofn-vint gemuzt onerkenen az fun zey beydn iz di zun di shtarkste.",Femme,466.2678624600264,566.8195770282578,9.216584531143052,80.62689938398357,0
1032,yiddish,EU,20.749722,50.611667,https://atlas.lisn.upsaclay.fr/sounds/yiddish.mp3,"alphabet hébreualphabet latin דער צפֿון־װינט און די זון האָבן זיך געשפּאַרט : יעדערער האָט געטענהט אַז ער איז דער שטאַרקסטער. אין דעם האָבן זיי דערזען אַ װאַנדערער װאָס איז זײ אַנטקעגן געקומען, אַן אײַנגעוויקלטער אין אַ מאַנטל. זײ זײַנען מסכּים געװאָרן אַז דער װאָס װעט דער ערשטער דערגרייכן, אַז דער װאַנדערער זאָל אויסטאָן דעם מאַנטל, דעם זאָל מען האַלטן פֿאַרן שטאַרקסטן.חאָט דאַן דער צפֿון־װינט אָנגעהויבן בלאָזן מיטן גאַנצן כּוח , אָבער װאָס מער ער האָט געבלאָזן, אַלץ מער האָט דער װאַנדערער זיך אײַנגעטוליעט אינעם מאַנטל. צום סוף האָט דער צפֿון־װינט אײַנגעזען, אַז ער וועט דעם מענטשן נישט קענען ברענגען אים אויסצוטאָן.האָט דאַן די זון אָנגעהויבן צו שטראַלן און נאָך אַ װײַלע האָט דער װאַנדערער, אַ דערװאַרעמטער, אויסגעטאָן דעם מאַנטל. אזוי האָט דער צפֿון־װינט געמוזט אָנערקענען אַז פֿון זײ בײדן איז די זון די שטאַרקסטע.Der tsofn-vint un di zun hobn zikh geshpart : yederer hot getaynet az er iz der shtarkster. In dem hobn zey derzen a vanderer vos iz zey antkegn gekumen, an ayngeviklter in a mantl. Zey zaynen maskim gevorn az der vos vet der ershter dergreykhn, az der vanderer zol oyston dem mantl, dem zol men haltn farn shtarkstn. Hot dan der tsofn-vint ongehoybn blozn mitn gantsn koyekh, ober vos mer er hot geblozn, alts mer hot der vanderer zikh ayngetuliet inem mantl. Tsum sof hot der tsofn-vint ayngezen, az er vet dem mentshn nisht kenen brengen im oystsuton. Hot dan di zun ongehoybn tsu shtraln un nokh a vayle hot der vanderer, a dervaremter, oysgeton dem mantl. Azoy hot der tsofn-vint gemuzt onerkenen az fun zey beydn iz di zun di shtarkste.",Femme,466.2678624600264,566.8195770282578,9.216584531143052,80.62689938398357,0
1033,yoruba,Africa,3.375231,6.530543,https://atlas.lisn.upsaclay.fr/sounds/yoruba.mp3,"Oni irin ajo kan to fi aṣo bora o n koja lọ, nigbati Afẹfẹ ati Oorun n fi igagbaga lati wo eni ti o ni agbara ju larin àwọn mejeji. Afẹfẹ ati Oorun pin nu pe, eni ti o ba koko mu oni irin ajo no bo aṣo re ni oni agbara ju. Afẹfẹ ba bere si ni fi gbogbo agbara fe aṣo oni irin ajo no to be ge ti o mu ki oni irin no fa aṣo re mo ra peki peki. Ni gbe hin gbe hin Afẹfẹ ba gba ka mu. Leyin igba no ni orun ba bere si ni run yon yon ti o fi da oru mu oni irin ajo no. Oorun no pupo de bi pe omu oni irin ajo no bo aso ti o da bo ra. Ni ikeyin, Afẹfẹ ba kan sara si orun wipe Oorun ni o ni agbara ju.",Homme,641.3800389320531,829.7692824034225,26.596837782340863,85.27945927446953,1
1034,yuki,Bolivia,-65.154979,-16.996347,https://atlas.lisn.upsaclay.fr/sounds/yuki.mp3,"Tẽda dequia iyu raye aba ugũ eguracõ i uyoa ra. A raye abaa ru ragüe utoa je oye yima ra. Chaquiatu aba ugũ abaa toa mubui abi esui a yõ ta gore eguracõ. A raye ibituguasu baba guracõ tuti ra, a raye abaa utoa jisi quiatu na ra. A raye tẽda rasiete na ra, a raye abaã utoa bui oye sui ra. A raye ibituguasu tẽda rasietẽ je, eguracõ yõ che sui re i ra.",Homme,678.7441931405498,1230.574188319018,25.446707734428472,67.43868583162218,1
1035,yuracaré,Bolivia,-65.422811,-16.973889,https://atlas.lisn.upsaclay.fr/sounds/yuracare.mp3,"Yushë puinitina lijunsëtew tütü amaja bij-bintale. Achuta mandyërërëti bëjtaw letta shunñë ibëshë malati. Latiuja dyaju naa liushalë mii ibëbëti abëshë atijashta bij-bintalë. Yushëja binta pupa, bij-binta pupaja shuleja seta abëshë yusheja nish pupa latiji. Puini dyaju, sëë naja, puu ijashumash binta latiji, shujujuta ibëbë shunñë latijsha mii abëshë. Yushëja dyaju latiji, mëë puini bij-bintalëm sëëjsha.",Femme,659.1122111402492,1492.5576883967892,20.64128678986995,71.95297056810404,0
1036,Yvetot,France,0.7667,49.6167,https://atlas.lisn.upsaclay.fr/sounds/Yvetot.mp3,"Eune feis eul roux-vent pis eul solei s'attinchaient l'eun l'âote, à savei qui qu'était eul meilleu ; mès qu'is ont aperchu eul viâgeu qu'avanchait embobinè dans sen paletot. I sont teumbès d'accord, chacun à sa fachon, pou' l'fai' s'dépétrailler. Adonc la bise a soufflè aveu forche, pus qu'a soufflait pus qu'le por manant s'empourquait dans sen paletot. Alle a biè vu qu'alle était pin d'la ruffle pou s'tirer d'affé. Sitôt cha eul solei a c'mmenchè à enviyer cha caleu, l'por gâs s'sentait pus d'aise, qu'i s'est débillè ! Sus l'fait, la bise a coprins qu'a n'était d'la r'torne, qu'le solei li était biè pus coriâche, pis qu'il avait gangnè sen pari.",Homme,590.9435948317325,1289.8929737064977,11.92652977412731,82.3703832991102,0
1037,Zeelandic,EU,3.552206,51.566384,https://atlas.lisn.upsaclay.fr/sounds/Oostkapelle_Zeelandic.mp3,"De noordewind en de zunne waere d'r over an 't èrregeweeren wien van ulder beien den stèrksten zou weze. Nét op dat moment kwam t'r eên, die op reis was en die as een waerme mantel an ao. Ze rochte 't 's eêns dat dien van ulder, die as 't eerste dien vent z'n mantel zou kunne laete uutttrekke, vò den stèrksten zou deurgae. De noordewind begon toeen uut aolle macht te blaezen, maer 'oe 'arder at n bliees, 'oe dichter at dien man die onderwege was, z'n mantel om z'n eige 'eene trok. Uuteindelijk gaf de noordewind 't op. Daènae begon de zunne te straelen, zò vreêd dat dien man gliek z'n mantel uutdee. De noordewind kon nie anders as toegee, dat de zunne van ulder beien 't stèrkste was.",Homme,807.8074070858582,1307.0062373343358,11.76182751540041,82.396810403833,0
1038,Zell im Wiesental,Suisse,7.859324,47.709136,https://atlas.lisn.upsaclay.fr/sounds/Zell_im_Wiesental_Alemanic.mp3,"De Nordwind un Sunne hän, wo grad en Wanderer in en warme Mantel igmummlet uf em Weg deher cho isch, gschtritte, wer vo ihne zwei de Stärcheri wär. Si hän sich druf einigt, dass de als de Stärcheri gelte soll, wo de Wanderer dezue zwinge cha, dass er sin Mantel abzieht. De Nordwind hät bloose was er hät chönne, aber je mehr er bloose hät, desto meh hät sich de Wanderer in sin Mantel igwicklet. Schlussendlich hät de Nordwind de Kampf ufgeh. Jetz hät d Sunne d Luft mit ihre fründliche Strahle ufgwärmt. Un scho noch e paar Augeblick hät de Wanderer sin Mantel abzoge. Do hät de Nordwind zuegä müesse, dass d Sunne de Stärchere vo ihne gsi isch.",Femme,595.1169740454159,1514.897646442034,9.95460643394935,81.8411293634497,0
1039,zuanga,NCWF,164.397191,-20.666893,https://atlas.lisn.upsaclay.fr/sounds/zuanga.mp3,"[Nu mâ pweru we nya fâdjama A mê Dree.] Li pe tigi Dree mani A. Li vara khôbwe li cavwe wî. Li noole êgu xa axe, êgu xa apetumeno. E thabwoe-je xô hôbo-je. Li pe khôbwe, novwo nya e kôzô na ûdi hôbo apetumeno, ca ije nya e ma wî. E cabo Dree vwo e na wî-je, vwo e zaxoe vwo ûdi hôbo. Axe apetumeno, ca e trecimwi mani kuxaa hôbo-je. E kôra cai Dree vwo ûdi hôbo-je. E yu haze mwa. E cabwo A vwo e na jinu-je. E too pago apetumeno, e ûdi mwa hôbo-je. E hine mwa xô Dree khôbwe A nya ma wî na-ije. [Ôgi.]",Homme,583.8424731298979,1154.174327511254,25.0725325119781,74.65290212183436,1
1040,Zunzgen,Suisse,7.806166,47.452855,https://atlas.lisn.upsaclay.fr/sounds/CH_Nordwind_Zunzgen.mp3,"Äimòl händ sìch dr Nòrdwìnd und d Sùnne gschdritte, wäär vo bäidne ächt dr Schtèèrcher seig, won e Wanderer, wo im en e waarme Mantel iipackt gsii ìsch, em Wääg entlang choo ìsch. Sì händ abgmacht, dass dèè dr Schtèèrcher ìsch, wo dr Wanderer dezue zwìngt, dass èr si Mantel abziet. Dr Nòrdwìnd hèt mìt aller Macht bloost, aber jè mee er bloost hèt, dèsto fèschter hèt sìch dr Wanderer ìn si Mantel iigmummelet. Ändlìch hèt dr Nordwìnd dr Kampf uffgee. Jetzt hèt d Sùnnä d Lùft mìt ììrne fründlìche Schtraale uffgwèèrmt und schò nach es paar Äugeblìck hèt dr Wanderer si Mantel abzooge. Dènn hèt dr Nòrdwìnd müese zuegee, dass d Sùnnä vo ììne bäidne dr Schtèèrcher gsii ìsch.",Femme,772.7426230398092,1447.777269212392,9.907049965776865,81.33331279945243,0
1041,Zuoz,Suisse,9.959371,46.602293,https://atlas.lisn.upsaclay.fr/sounds/CH_Nordwind_Zuoz.mp3,"Il vent dal nord ed il sulagl — Ün bel di as haun dispütos il vent dal nord ed il sulagl, chi chi saja il pü ferm dad els duos. In quel mumaint es gnieu per via ün viandant plajo in ün mantel chod. Els haun scumiss cha quel chi sforza scu prüm il viandant da trer our sieu mantel saja il pü ferm. Il vent dal nord ho buffo a tuot pudair, ma pü ch’el buffaiva e pü cha’l viandant as serraiva in sieu mantel. La fin finela ho il vent dal nord do sü la luotta. Uossa ho il sulagl s-chudo l’ajer cun sieus razs agreabels e già zieva pochs mumaints ho il viandant trat our sieu mantel. Uossa ho il vent dal nord stuvieu admetter cha’l sulagl d’eira pü ferm.",Homme,801.7376656687911,1503.9827311053912,1.2960232717316906,82.91924709103354,1
1042,Zürich,Suisse,8.536069,47.37181,https://atlas.lisn.upsaclay.fr/sounds/Zurich.mp3,"v1v2  D Biise und d Sune händ emaal gschtritte, wèr di schtèrcher seg. Da chund en puur dethèèr im ene ticke wintermantel. Si mached ab, schtèrcher seg die, wo s fèrtigbring, das de puur de mantel abziei. D Biise chuutet, so fescht si cha, aber je mee si chuutet, descht mee ziet de puur siin mantel zäme. Schliessli git d Biisen uuf. Druuf schiint d Sune schöön waarm, und scho glii ziet de puur de mantel aab. D Biise hàt müese zuegèè, das d Sune di schtèrcher isch. Gwalt isch ebe nöd alles. B Biise n und d Sune hænd sich gstritte, wobii jedi behauptet hæt, sie seg di stärcher. Da hæntsi en Ræisëndë gsee, wo sich gnööcheret hæt, ganz i siim Mantël iighüllt. Si sind übëriichoo, as dië wo's zeerscht schafft, dë Ræisendi dëzuë z bewegë, siin Mantël uuszzië, dië wird als dië schtærcher aagluëgt. Da hæt b Biise aafa us allër Chraft blaase, doch je mee si bblaasë hæt, umso mee hæt ër sich i siin Mantël iighüllt, und schlussæntli hæb Biise druff vëzichtët, in dezuë z bringë, siin Mantël uuszzië. Da hæt d Sunë aafa schiinë, und nach ërë gwüssë Ziit hæt de Ræisendi, wo sich uufgwärmt hæt, dë Mantël uuszogë. So hæb Biisë akzeptiërë müësë, as d Sunë dië stärchër vo beide n isch.",Homme,924.7015383988906,1534.4100848341293,9.93703627652293,81.94296372347706,0
